sample_id,delta_peak_mm,tau_peak_MPa_csds,u_r_mm,tau_r_MPa,tau_peak_estimated,u_r_estimated,tau_r_estimated,a_csds,b_csds,c_csds,d_csds,e_csds,csds_converged,csds_iterations
7,0.72,0.044,2.75,0.03175,0,0,0,0.03175,0.0801325410005739,1.818181818181818,0.1118825410005739,3.441242286799551,True,5
8,0.92,0.035,3.0,0.02825,0,0,0,0.02825,0.0557241852265918,1.6666666666666667,0.0839741852265918,3.007954906577982,True,4
9,0.97,0.029,3.0,0.0255,0,0,0,0.0255,0.0288872445152351,1.6666666666666667,0.0543872445152351,3.290221199159674,True,4
11,0.78,0.05,3.5,0.0417499999999999,0,0,0,0.0417499999999999,0.0354980845491272,1.4285714285714286,0.0772480845491271,4.004659571873231,True,5
12,1.25,0.04,3.5,0.034,0,0,0,0.034,0.0670624339164287,1.4285714285714286,0.1010624339164287,2.366794324621144,True,4
13,1.8,0.035,4.0,0.033,0,0,0,0.033,0.0334302203204883,1.25,0.0664302203204883,2.0972939397426664,True,5
15,1.64,4.17,10.5,3.725,0,0,0,3.725,1.1700588885069725,0.4761904761904761,4.895058888506973,2.430948675140653,True,4
16,1.61,13.41,10.5,12.8475,0,0,0,12.8475,1.3946189571869354,0.4761904761904761,14.242118957186936,3.178145408783804,True,3
17,2.76,3.72,10.5,3.5425,0,0,0,3.5425,0.8694826394566157,0.4761904761904761,4.411982639456616,1.5814976920825412,True,6
18,3.07,12.57,10.5,12.4375,0,0,0,12.4375,0.7124450836759753,0.4761904761904761,13.149945083675975,1.9539451798171723,True,6
19,1.55,1.02,12.0,0.8525,0,0,0,0.8525,0.3782821788444106,0.4166666666666667,1.2307821788444109,2.3791759662313843,True,4
20,1.71,2.57,12.0,1.7327500000000002,0,0,0,1.7327500000000002,2.210315622373947,0.4166666666666667,3.9430656223739473,1.6207235717983703,True,5
21,1.67,7.53,12.0,5.32,0,0,0,5.32,5.617172562155661,0.4166666666666667,10.93717256215566,1.7473164085592403,True,5
22,1.67,19.67,12.0,18.995,0,0,0,18.995,1.5273740416856183,0.4166666666666667,20.52237404168562,3.273968817979237,True,3
23,0.84,8.44,16.0,7.47,0,0,0,7.47,1.3255582927799532,0.3125,8.795558292779953,6.166176834932969,True,6
24,1.81,7.62,16.0,7.29,0,0,0,7.29,0.6419185077225471,0.3125,7.931918507722547,3.0024433868829834,True,4
27,0.87,2.35,3.25,1.9075,0,0,0,1.9075,2.703402999506292,1.5384615384615383,4.610902999506291,3.276941309100947,True,4
28,0.13,1.02,1.325,0.6675,0,0,0,0.6675,0.6738254010838505,3.7735849056603774,1.3413254010838505,23.891608655167115,True,12
29,0.6,4.93,2.425,4.2975,0,0,0,4.2975,3.110870023650559,2.061855670103093,7.408370023650559,5.517814597970529,True,6
30,2.17,16.37,3.85,14.955,0,0,0,14.955,60.674147880173095,1.2987012987012987,75.6291478801731,1.6284330431129306,True,6
31,0.24,0.66,1.275,0.475,0,0,0,0.475,0.6758571313827281,3.9215686274509807,1.150857131382728,11.17767536247715,True,8
32,0.3,4.71,2.175,4.1925,0,0,0,4.1925,1.211168346774408,2.298850574712644,5.403668346774408,13.642584509493682,True,10
33,2.26,16.14,4.125,11.3475,0,0,0,11.3475,422.7987490320256,1.2121212121212122,434.1462490320256,1.3091974223177918,True,6
34,0.47,1.07,1.525,0.6975,0,0,0,0.6975,4.045513966857159,3.278688524590164,4.743013966857158,4.812842755740618,True,5
35,0.47,4.91,2.2,4.25,0,0,0,4.25,2.5915991927768687,2.2727272727272725,6.841599192776869,7.213346651196478,True,7
36,1.48,14.91,3.625,14.235,0,0,0,14.235,8.232456046268986,1.3793103448275863,22.467456046268985,2.7321098339023515,True,4
37,0.11,0.89,1.325,0.5625,0,0,0,0.5625,0.5639971811696873,3.7735849056603774,1.1264971811696871,29.2958502513531,True,14
38,0.26,5.3,2.175,4.1,0,0,0,4.1,2.5910971306331803,2.298850574712644,6.69109713063318,13.042743993933716,True,9
39,0.54,15.9,3.35,14.4675,0,0,0,14.4675,3.852469877296928,1.4925373134328357,18.319969877296927,7.688914610134782,True,7
40,0.3,0.88,1.35,0.635,0,0,0,0.635,1.1651130574348498,3.7037037037037033,1.8001130574348498,8.547982610717572,True,7
41,0.38,5.2,2.175,4.3975,0,0,0,4.3975,2.452688320111813,2.298850574712644,6.850188320111813,9.031706106944794,True,8
42,0.71,16.28,3.35,14.8375,0,0,0,14.8375,5.373344828404187,1.4925373134328357,20.210844828404188,5.457009220110153,True,6
43,0.88,0.58,1.475,0.535,0,0,0,0.535,2.364373218031917,3.389830508474576,2.8993732180319176,4.157276354583812,True,5
44,1.5,3.89,2.625,3.6325,0,0,0,3.6325,10.486129835864666,1.9047619047619049,14.118629835864668,2.474961892115721,True,4
45,2.87,13.67,4.1,13.42,0,0,0,13.42,16.705556614946417,1.2195121951219514,30.12555661494642,1.6634039681803665,True,6
46,0.79,0.8,1.5,0.665,0,0,0,0.665,6.166849946093346,3.333333333333333,6.831849946093346,3.923029074054477,True,5
47,0.6,5.04,2.175,4.655,0,0,0,4.655,2.141531174694559,2.298850574712644,6.796531174694559,6.310564627174357,True,7
48,2.37,16.38,4.125,14.3675,0,0,0,14.3675,112.7264689844744,1.2121212121212122,127.0939689844744,1.4228254925840296,True,6
49,1.46,4.68,2.566666666666667,4.1066666666666665,0,0,0,4.1066666666666665,30.593215473314466,1.948051948051948,34.69988213998113,2.3005898557948314,True,4
50,4.16,15.04,4.75,14.775,0,0,0,14.775,58.5314735148253,1.0526315789473684,73.3064735148253,1.2144266984360343,True,7
51,1.26,0.94,1.85,0.785,0,0,0,0.785,27.151829140946248,2.702702702702702,27.936829140946248,2.8751003676389564,True,3
52,3.13,15.58,4.466666666666667,14.793333333333337,0,0,0,14.793333333333337,75.02328336156236,1.1194029850746268,89.8166166948957,1.313812712287742,True,7
53,1.15,0.71,1.85,0.65,0,0,0,0.65,3.9933470021604136,2.702702702702702,4.6433470021604135,3.19021506632708,True,4
54,0.35,4.68,2.175,4.205,0,0,0,4.205,1.283914851902833,2.298850574712644,5.488914851902833,11.46515887900422,True,9
55,0.63,16.18,3.85,14.365,0,0,0,14.365,5.024596391351091,1.2987012987012987,19.38959639135109,6.152370825583352,True,6
56,0.45,0.87,1.5666666666666669,0.6366666666666667,0,0,0,0.6366666666666667,1.854371106376936,3.191489361702127,2.4910377730436024,5.520751658815112,True,6
57,0.58,5.35,2.175,4.42,0,0,0,4.42,5.5363451785319135,2.298850574712644,9.956345178531912,5.059116621676996,True,6
58,0.94,16.28,3.875,13.935,0,0,0,13.935,11.349260923481204,1.2903225806451613,25.28426092348121,3.405427164282276,True,5
59,0.13,0.97,1.5666666666666669,0.8033333333333333,0,0,0,0.8033333333333333,0.2782264175865835,3.191489361702127,1.0815597509199169,31.910981063129015,True,17
60,2.38,5.22,2.85,4.84,0,0,0,4.84,137.35939252357494,1.7543859649122806,142.19939252357494,1.8523237169572588,True,6
61,2.68,16.95,4.125,15.5375,0,0,0,15.5375,116.71406105996982,1.2121212121212122,132.25156105996982,1.3981039630569712,True,6
62,0.71,1.14,1.6,0.9133333333333334,0,0,0,0.9133333333333334,5.696830896813862,3.125,6.610164230147195,3.976020028848459,True,5
63,0.76,5.03,2.2,4.68,0,0,0,4.68,3.0326428857358856,2.2727272727272725,7.712642885735885,4.87933520201715,True,6
64,2.73,15.88,4.125,13.97,0,0,0,13.97,220.02903798852773,1.2121212121212122,233.99903798852773,1.3339956390040135,True,6
65,0.63,1.42,1.5666666666666669,0.9733333333333332,0,0,0,0.9733333333333332,10.644929502666052,3.191489361702127,11.618262835999383,3.927118476960182,True,5
66,0.34,5.0,2.175,4.24,0,0,0,4.24,2.048275754310517,2.298850574712644,6.288275754310518,10.49368724913285,True,8
67,3.13,14.91,4.533333333333333,14.596666666666666,0,0,0,14.596666666666666,20.35467702287054,1.1029411764705883,34.951343689537204,1.4882877719989878,True,6
68,0.49,0.79,1.5666666666666669,0.63,0,0,0,0.63,1.4068332196782207,3.191489361702127,2.0368332196782206,5.5461514668738845,True,6
69,1.69,5.04,2.566666666666667,4.426666666666667,0,0,0,4.426666666666667,69.19774278410341,1.948051948051948,73.62440945077007,2.1459242646578933,True,5
70,3.12,16.37,4.466666666666667,15.163333333333334,0,0,0,15.163333333333334,137.96164146287623,1.1194029850746268,153.12497479620956,1.2614658876838951,True,7
71,0.18,0.87,1.5666666666666669,0.6,0,0,0,0.6,0.5778652142592701,3.191489361702127,1.17786521425927,16.988625203858206,True,10
72,0.42,5.1,2.175,3.8825,0,0,0,3.8825,4.482035276937978,2.298850574712644,8.364535276937978,6.759501195047857,True,7
73,1.09,15.19,3.85,13.3025,0,0,0,13.3025,11.821633061680007,1.2987012987012987,25.12413306168001,2.9737453064844868,True,4
74,0.47,0.66,1.5666666666666669,0.5066666666666667,0,0,0,0.5066666666666667,1.2794449424210406,3.191489361702127,1.7861116090877074,5.540134014051035,True,6
75,0.57,4.24,2.175,4.0125,0,0,0,4.0125,1.1193350008113887,2.298850574712644,5.131835000811389,7.4273022742503985,True,7
76,4.13,14.9,4.7,13.285,0,0,0,13.285,1213.8760619263403,1.0638297872340423,1227.1610619263406,1.0940505167399543,True,8
77,0.18,0.88,1.5666666666666669,0.4966666666666666,0,0,0,0.4966666666666666,0.8494890683979475,3.191489361702127,1.346155735064614,14.732448429095294,True,9
78,1.25,4.37,2.566666666666667,3.77,0,0,0,3.77,17.6011784506471,1.948051948051948,21.3711784506471,2.4976694597033373,True,4
79,3.62,14.62,4.5,13.843333333333334,0,0,0,13.843333333333334,173.78668847200146,1.1111111111111112,187.6300218053348,1.2115644521301927,True,7
80,0.11,1.04,1.5633333333333332,0.5006666666666667,0,0,0,0.5006666666666667,0.863642983300683,3.1982942430703627,1.3643096499673495,27.24084861115649,True,13
81,0.23,4.79,2.1775,3.54875,0,0,0,3.54875,2.455235500457104,2.296211251435132,6.003985500457103,14.649101403235154,True,10
82,0.39,14.13,3.9275,12.93,0,0,0,12.93,2.178980729198466,1.273074474856779,15.108980729198466,12.268593789286898,True,9
83,0.21,0.75,1.5566666666666666,0.4896666666666667,0,0,0,0.4896666666666667,0.6541837303857423,3.211991434689508,1.143850397052409,13.109251845364824,True,9
84,1.52,4.53,2.19,3.98,0,0,0,3.98,84.48453784563569,2.2831050228310503,88.46453784563569,2.467870559478853,True,4
85,0.46,15.2,3.86,13.9425,0,0,0,13.9425,2.582793456166362,1.2953367875647668,16.525293456166363,10.00333623780827,True,8
86,1.14,0.47,1.85,0.4455,0,0,0,0.4455,1.2635859558868447,2.702702702702702,1.7090859558868448,3.448989911906233,True,4
87,1.53,3.84,2.29,3.588,0,0,0,3.588,21.22911210970904,2.1834061135371177,24.81711210970904,2.552294061162124,True,4
89,0.31,0.64,1.5733333333333333,0.434,0,0,0,0.434,0.831446191232911,3.1779661016949152,1.265446191232911,8.046929532076042,True,7
90,0.44,4.09,2.0033333333333334,3.8813333333333335,0,0,0,3.8813333333333335,0.7845727106922662,2.4958402662229617,4.6659060440256,10.177837650659969,True,8
91,2.56,14.35,4.125,13.695,0,0,0,13.695,33.24347166872315,1.2121212121212122,46.93847166872315,1.5724619149710894,True,6
92,0.1,0.84,1.5666666666666669,0.5786666666666667,0,0,0,0.5786666666666667,0.3913124802400913,3.191489361702127,0.969979146906758,37.39184550372476,True,19
93,0.29,4.72,2.175,4.314,0,0,0,4.314,0.9127902034753363,2.298850574712644,5.226790203475336,15.255568277966066,True,11
94,2.24,16.29,4.125,15.185,0,0,0,15.185,36.934910613682646,1.2121212121212122,52.11991061368265,1.6343524111032697,True,6
95,0.15,1.04,1.5666666666666669,0.515,0,0,0,0.515,1.0180921290257392,3.191489361702127,1.533092129025739,17.824332391452327,True,10
96,0.32,5.75,2.225,4.01075,0,0,0,4.01075,4.592670753633684,2.2471910112359548,8.603420753633683,8.90252129065327,True,7
97,0.98,16.9,3.925,13.655,0,0,0,13.655,17.423005323734152,1.2738853503184715,31.07800532373415,2.9328424113361327,True,4
98,0.12,1.33,1.5666666666666669,0.569,0,0,0,0.569,1.2856106349233354,3.191489361702127,1.8546106349233356,23.13000566043724,True,12
99,0.38,5.29,2.1775,3.8055,0,0,0,3.8055,4.8847712477868654,2.296211251435132,8.690271247786866,7.231167894086396,True,7
100,1.12,15.69,3.865,14.2025,0,0,0,14.2025,9.330787016774106,1.2936610608020698,23.533287016774107,3.133851414322128,True,4
101,0.11,1.19,1.5599999999999998,0.5136666666666666,0,0,0,0.5136666666666666,1.0901897584596147,3.2051282051282053,1.6038564251262817,26.19081209968113,True,13
102,0.33,5.38,2.175,4.15275,0,0,0,4.15275,3.3230952595070686,2.298850574712644,7.475845259507069,9.464816530487427,True,8
103,0.94,15.17,4.6125,14.2325,0,0,0,14.2325,3.230539541690666,1.0840108401084012,17.463039541690666,4.61254903129243,True,5
104,0.46,0.57,1.61,0.4153333333333333,0,0,0,0.4153333333333333,1.2195408766373736,3.105590062111801,1.634874209970707,5.380408458094788,True,6
105,0.38,3.22,2.1725,2.8175,0,0,0,2.8175,1.2095551373508462,2.3014959723820483,4.027055137350846,9.674876431868377,True,8
106,6.69,11.06,7.0,11.03,0,0,0,11.03,6.769176332863529,0.7142857142857143,17.799176332863528,0.9707346090728766,True,10
107,0.15,0.88,1.5566666666666666,0.5103333333333334,0,0,0,0.5103333333333334,0.7081291518031402,3.211991434689508,1.2184624851364736,19.26598627033951,True,11
108,0.24,5.1,2.175,3.69825,0,0,0,3.69825,2.87696660702202,2.298850574712644,6.57521660702202,13.53664985652516,True,9
109,0.47,14.84,3.8575,13.285,0,0,0,13.285,3.275885261750222,1.2961762799740766,16.560885261750222,9.133208341560495,True,8
110,0.15,1.23,2.1675,0.6225,0,0,0,0.6225,0.9619833022068238,2.306805074971165,1.584483302206824,20.507804388385548,True,11
111,0.25,6.22,2.165,4.547499999999999,0,0,0,4.547499999999999,3.553532108811563,2.3094688221709005,8.101032108811562,12.896286747191096,True,9
112,0.46,18.37,4.1075,16.2525,0,0,0,16.2525,4.204330792736471,1.217285453438831,20.456830792736472,9.296747223836368,True,8
113,0.21,0.72,1.5599999999999998,0.5333333333333333,0,0,0,0.5333333333333333,0.4530839141628877,3.2051282051282053,0.9864172474962212,14.758619332850811,True,10
114,0.46,4.54,2.215,3.755,0,0,0,3.755,3.0550946555112306,2.2573363431151243,6.810094655511231,6.812602552841997,True,7
115,3.02,14.29,4.84,13.226666666666668,0,0,0,13.226666666666668,67.62238227774218,1.0330578512396695,80.84904894440885,1.2379494369579531,True,7
116,0.1,1.16,1.5533333333333337,0.5640000000000001,0,0,0,0.5640000000000001,0.912890584776652,3.218884120171673,1.476890584776652,31.1344826944979,True,15
117,0.28,4.98,2.16,3.80875,0,0,0,3.80875,2.7207253448886286,2.314814814814815,6.5294753448886285,11.627647012732409,True,9
118,0.84,14.83,3.88,12.9825,0,0,0,12.9825,7.331910697776193,1.288659793814433,20.314410697776196,4.123242699657944,True,5
119,0.05,1.06,1.5533333333333337,0.4603333333333333,0,0,0,0.4603333333333333,0.7347138188950575,3.218884120171673,1.1950471522283908,76.69251608229672,True,34
120,0.24,5.34,2.1675,3.634,0,0,0,3.634,3.551284821064535,2.306805074971165,7.185284821064535,12.76758648025316,True,9
121,0.58,15.72,3.8475,12.52,0,0,0,12.52,8.509190021060213,1.299545159194282,21.029190021060213,5.626700720273117,True,6
122,0.16,1.46,1.7866666666666664,0.5153333333333333,0,0,0,0.5153333333333333,1.791622665699797,2.798507462686568,2.3069559990331303,15.27471027903135,True,9
123,0.34,5.86,2.19,3.70375,0,0,0,3.70375,6.407652644724911,2.2831050228310503,10.11140264472491,7.4904783908875965,True,7
124,0.72,15.23,3.9025,13.1975,0,0,0,13.1975,6.547895084347095,1.2812299807815504,19.74539508434709,4.922489465268678,True,6
125,0.13,0.83,1.5766666666666669,0.5316666666666667,0,0,0,0.5316666666666667,0.5110542316499416,3.1712473572938684,1.0427208983166083,25.070549134255216,True,13
126,0.33,4.91,2.195,4.2615,0,0,0,4.2615,1.6629195649406574,2.277904328018223,5.924419564940657,11.444353107108954,True,9
127,2.99,16.39,4.513333333333333,14.923333333333332,0,0,0,14.923333333333332,140.10135047238424,1.1078286558345645,155.0246838057176,1.2549920885699382,True,7
128,0.22,1.38,1.5666666666666669,0.6789999999999999,0,0,0,0.6789999999999999,1.969157257848856,3.191489361702127,2.6481572578488555,10.298464829923804,True,7
129,0.39,6.11,2.18,4.593,0,0,0,4.593,5.057943521426855,2.293577981651376,9.650943521426855,7.34235077378404,True,7
130,2.78,17.18,4.13,15.5675,0,0,0,15.5675,173.2142161184181,1.2106537530266344,188.7817161184181,1.354578535378103,True,6
131,0.3,0.69,1.57,0.4403333333333333,0,0,0,0.4403333333333333,0.989606450202688,3.184713375796178,1.4299397835360212,7.9675990689291964,True,7
132,0.38,4.61,2.2025,3.49275,0,0,0,3.49275,3.5417527605950667,2.2701475595913734,7.034502760595067,7.697329513236288,True,7
133,0.58,14.25,3.89,12.71,0,0,0,12.71,3.870375185655917,1.2853470437017995,16.580375185655917,6.937928600833182,True,7
134,0.29,0.81,1.5933333333333335,0.6846666666666668,0,0,0,0.6846666666666668,0.4027161872827163,3.1380753138075312,1.087382853949383,11.679447292728767,True,9
135,0.42,4.74,2.1925,4.255,0,0,0,4.255,1.6007301765706998,2.280501710376283,5.8557301765707,9.079561652406012,True,8
136,2.48,15.4,4.18,14.19,0,0,0,14.19,62.34454554337887,1.1961722488038278,76.53454554337887,1.469660738779334,True,6
137,1.18,0.63,1.85,0.575,0,0,0,0.575,4.239497230710774,2.702702702702702,4.814497230710774,3.1309195303367727,True,4
138,0.99,4.93,2.603333333333333,4.496666666666667,0,0,0,4.496666666666667,4.959209478520006,1.920614596670935,9.455876145186672,3.460965956174454,True,5
139,1.92,17.14,4.2125,16.56,0,0,0,16.56,9.158812659704571,1.1869436201780414,25.71881265970457,2.22655990128023,True,5
140,0.42,0.83,1.7400000000000002,0.4525,0,0,0,0.4525,2.5886372580129136,2.8735632183908044,3.0411372580129137,4.84879553279124,True,5
141,1.23,4.22,2.5733333333333337,4.026666666666666,0,0,0,4.026666666666666,3.714553371745124,1.94300518134715,7.74122003841179,3.22230726876678,True,4
142,1.79,15.01,4.84,14.9025,0,0,0,14.9025,0.8901040923931092,1.0330578512396695,15.792604092393107,3.4546415460563877,True,3
143,0.33,0.58,1.5733333333333333,0.4766666666666666,0,0,0,0.4766666666666666,0.4098600862261488,3.1779661016949152,0.8865267528928155,9.368454028225154,True,8
144,0.43,4.53,2.1725,3.8975,0,0,0,3.8975,2.2412867147074325,2.3014959723820483,6.138786714707432,7.955893974394428,True,7
145,3.33,14.77,4.496666666666667,14.159999999999998,0,0,0,14.159999999999998,71.68575820940592,1.111934766493699,85.84575820940591,1.2931877819034847,True,7
146,0.13,0.68,1.5599999999999998,0.5633333333333334,0,0,0,0.5633333333333334,0.1951982739754749,3.2051282051282053,0.7585316073088083,31.88575510060682,True,17
147,1.84,4.39,3.1775,3.69,0,0,0,3.69,48.19152690534492,1.5735641227380015,51.88152690534491,1.779339325853626,True,5
148,2.23,15.49,4.3775,14.875,0,0,0,14.875,14.102953078407571,1.1422044545973729,28.977953078407573,1.830128690457381,True,5
149,0.18,0.96,1.5599999999999998,0.5433333333333333,0,0,0,0.5433333333333333,0.9264981470545324,3.2051282051282053,1.4698314803878656,14.731251978605432,True,9
150,0.4,5.29,2.175,4.25,0,0,0,4.25,3.4798658017251105,2.298850574712644,7.7298658017251105,7.755705088302538,True,7
151,0.99,15.85,3.6125,14.965,0,0,0,14.965,4.712295648967803,1.384083044982699,19.677295648967803,4.185634509215309,True,5
152,1.16,0.64,1.9,0.54,0,0,0,0.54,8.918859589233094,2.631578947368421,9.458859589233091,2.9158636476035604,True,4
153,1.3,4.2,2.566666666666667,3.9333333333333336,0,0,0,3.9333333333333336,6.732843008196392,1.948051948051948,10.666176341529724,2.832743127876559,True,3
154,5.1,14.28,31.453947067343865,13.490170336848532,0,1,1,13.490170336848532,2.0878392110515698,0.1589625616554528,15.578009547900102,0.926305998463174,True,8
155,0.56,0.58,1.5599999999999998,0.4766666666666666,0,0,0,0.4766666666666666,1.2430840918042927,3.2051282051282053,1.7197507584709593,5.023627719671159,True,6
156,0.67,4.06,2.1775,3.745,0,0,0,3.745,2.162719354979028,2.296211251435132,5.907719354979028,5.489038188293447,True,6
157,1.32,14.36,3.9,13.5925,0,0,0,13.5925,6.126023681195667,1.2820512820512822,19.718523681195663,3.032176279008363,True,4
158,0.17,1.0,1.6233333333333333,0.5720000000000001,0,0,0,0.5720000000000001,0.8749487231528226,3.080082135523614,1.4469487231528226,16.31818533574024,True,10
159,0.32,5.06,2.1825,4.11975,0,0,0,4.11975,2.410582651104151,2.290950744558992,6.530332651104151,10.626543938716322,True,8
160,1.07,14.3,3.895,13.0025,0,0,0,13.0025,7.31537030166651,1.2836970474967908,20.31787030166651,3.3651116062820727,True,4
161,0.1,0.85,1.5666666666666669,0.5843333333333334,0,0,0,0.5843333333333334,0.3978559436075378,3.191489361702127,0.9821892769408712,37.33548887229885,True,19
162,0.24,6.09,2.175,4.409,0,0,0,4.409,3.4511384121172224,2.298850574712644,7.860138412117222,13.51532340405409,True,9
163,0.5,16.89,3.8625,15.2325,0,0,0,15.2325,3.655467066441505,1.2944983818770228,18.887967066441504,8.601598077321363,True,8
164,0.07,0.85,1.5566666666666666,0.5843333333333334,0,0,0,0.5843333333333334,0.3510048045966245,3.211991434689508,0.935338137929958,59.36701870371923,True,29
165,0.23,5.85,2.1675,4.43275,0,0,0,4.43275,2.80147060168731,2.306805074971165,7.23422060168731,14.978792929839672,True,10
166,0.75,16.87,3.8625,15.795,0,0,0,15.795,3.4935563581594646,1.2944983818770228,19.288556358159465,5.80409010742513,True,6
167,0.17,0.8,1.5599999999999998,0.5579999999999999,0,0,0,0.5579999999999999,0.4953159279041487,3.2051282051282053,1.0533159279041486,18.51576110820791,True,11
168,1.11,4.61,2.563333333333333,4.293333333333333,0,0,0,4.293333333333333,4.918051194692046,1.950585175552666,9.21138452802538,3.258019017990617,True,4
169,3.93,16.61,4.553333333333334,16.513333333333332,0,0,0,16.513333333333332,14.198414912137522,1.0980966325036603,30.71174824547085,1.4757256498343354,True,7
170,0.19,0.76,1.5533333333333337,0.5436666666666666,0,0,0,0.5436666666666666,0.4848535368761771,3.218884120171673,1.0285202035428438,16.275028887164293,True,10
171,0.32,4.74,2.17,4.0465,0,0,0,4.0465,1.7565900119017304,2.3041474654377883,5.80309001190173,11.4900793995,True,9
172,1.88,15.76,4.13,14.8875,0,0,0,14.8875,14.997831291761866,1.2106537530266344,29.885331291761865,2.0220034481788933,True,5
173,0.23,0.81,1.5666666666666669,0.5826666666666666,0,0,0,0.5826666666666666,0.6080845262035995,3.191489361702127,1.190751192870266,12.675105003139644,True,9
174,0.27,5.18,2.18,4.452999999999999,0,0,0,4.452999999999999,1.5717255574854088,2.293577981651376,6.024725557485408,14.53141002624948,True,10
175,1.85,17.29,4.1125,16.4125,0,0,0,16.4125,14.29966321375646,1.21580547112462,30.71216321375646,2.100213453400296,True,5
176,0.65,0.57,1.5766666666666669,0.478,0,0,0,0.478,1.612273609680621,3.1712473572938684,2.090273609680621,4.48569879514461,True,5
177,1.47,3.8,2.6333333333333333,3.616,0,0,0,3.616,6.14964024424423,1.89873417721519,9.76564024424423,2.66832825839853,True,4
178,2.12,13.69,4.1575,12.965,0,0,0,12.965,17.833183532648366,1.2026458208057729,30.79818353264837,1.8070468059221405,True,5
179,0.48,0.88,1.5666666666666669,0.6386666666666666,0,0,0,0.6386666666666666,2.2710172374402005,3.191489361702127,2.909683904106867,5.11752583659357,True,6
180,0.52,5.54,2.9225,4.727,0,0,0,4.727,2.527730037291942,1.710863986313088,7.254730037291942,6.676100463922199,True,7
181,0.9,17.84,3.925,14.94,0,0,0,14.94,13.029435602700998,1.2738853503184715,27.969435602701,3.4621547532157915,True,5
182,0.22,0.66,1.49,0.4575,0,0,0,0.4575,0.5513217275318822,3.355704697986577,1.0088217275318825,12.75282127395527,True,9
183,1.93,4.22,3.1,4.0145,0,0,0,4.0145,10.822557992923612,1.6129032258064515,14.837057992923611,2.064879723343122,True,5
184,3.98,15.12,4.75,14.85,0,0,0,14.85,45.66147902358684,1.0526315789473684,60.51147902358684,1.247654255784918,True,7
185,0.13,1.09,1.5666666666666669,0.5446666666666667,0,0,0,0.5446666666666667,0.9576325699215577,3.191489361702127,1.5022992365882244,21.90558553228645,True,11
186,0.28,5.16,2.1775,3.81425,0,0,0,3.81425,3.130431077528114,2.296211251435132,6.944681077528114,11.220553160809676,True,8
187,0.7,16.09,3.88,11.71,0,0,0,11.71,14.993697153202367,1.288659793814433,26.70369715320237,3.931657649182005,True,5
188,1.1,0.64,2.06,0.593,0,0,0,0.593,1.513280437089641,2.4271844660194173,2.1062804370896413,3.268679989536249,True,4
189,3.11,4.79,3.85,4.4285,0,0,0,4.4285,105.61771145632456,1.2987012987012987,110.04621145632456,1.3813754414682702,True,6
190,2.95,17.57,4.833333333333333,15.660000000000002,0,0,0,15.660000000000002,133.5433516563727,1.0344827586206895,149.2033516563727,1.194201194728314,True,7
191,0.1,1.15,1.64,0.5823333333333333,0,0,0,0.5823333333333333,0.8468851223123651,3.048780487804878,1.4292184556456984,32.276683117014976,True,15
192,0.26,5.06,2.06,2.78625,0,0,0,2.78625,5.537602820988881,2.4271844660194173,8.323852820988881,9.67711986223781,True,7
193,0.48,15.79,3.91,12.4225,0,0,0,12.4225,7.40432598861948,1.278772378516624,19.82682598861948,7.151633571136485,True,7
194,0.47,0.9,1.5599999999999998,0.6583333333333333,0,0,0,0.6583333333333333,2.1587521490528645,3.2051282051282053,2.8170854823861977,5.267358968714256,True,6
195,0.49,5.79,2.1875,4.2505,0,0,0,4.2505,7.336962282580967,2.2857142857142856,11.587462282580969,5.320972461121309,True,6
196,1.09,17.51,3.86,14.9375,0,0,0,14.9375,16.553387035413166,1.2953367875647668,31.490887035413166,2.8169440230151195,True,3
197,0.14,0.99,2.0725,0.65575,0,0,0,0.65575,0.5146811885872504,2.4125452352231607,1.1704311885872505,25.51015920648825,True,14
198,0.4,5.46,2.9125,4.44825,0,0,0,4.44825,2.4337808805815437,1.7167381974248928,6.882030880581543,8.688241808193261,True,8
199,2.66,17.29,4.3725000000000005,16.490000000000002,0,0,0,16.490000000000002,37.39926722177272,1.1435105774728416,53.88926722177272,1.504191322919805,True,6
200,1.09,0.51,1.85,0.452,0,0,0,0.452,3.5013968656521643,2.702702702702702,3.953396865652164,3.161464776235545,True,4
201,4.54,3.73,28.00018033053748,3.372542584212133,0,1,1,3.372542584212133,0.97056085121449,0.178570278511632,4.343103435426623,0.8969826858645196,True,8
202,5.68,13.66,6.0,13.51,0,0,0,13.51,45.684267603740025,0.8333333333333334,59.19426760374002,0.9611956816495174,True,9
203,8.16,0.64,15.0,0.4826666666666666,0,0,0,0.4826666666666666,11.163229285157737,0.3333333333333333,11.645895951824402,0.3680224492093827,True,12
204,9.63,1.15,15.0,0.9263333333333332,0,0,0,0.9263333333333332,31.67109901569681,0.3333333333333333,32.59743234903014,0.356302565715436,True,13
205,8.17,1.67,15.0,1.391,0,0,0,1.391,14.757831874738754,0.3333333333333333,16.148831874738754,0.3859250855203011,True,12
206,7.68,2.36,15.0,1.9943333333333333,0,0,0,1.9943333333333333,14.016889640854824,0.3333333333333333,16.011222974188158,0.404258783461519,True,12
207,12.65,2.87,17.5,2.478,0,0,0,2.478,85.54466261294648,0.2857142857142857,88.02266261294648,0.3027127732951231,True,16
209,0.55,0.015,3.75,0.014,0,0,0,0.014,0.0024195869070291,1.3333333333333333,0.0164195869070291,8.395940887010124,True,8
210,0.73,0.017,3.75,0.0155,0,0,0,0.0155,0.0049950016940742,1.3333333333333333,0.0204950016940742,5.436911505105911,True,6
211,0.73,0.031,3.75,0.0205,0,0,0,0.0205,0.0421170527109933,1.3333333333333333,0.0626170527109933,3.3538139443417307,True,4
212,0.56,0.032,4.25,0.0305,0,0,0,0.0305,0.0032729190185453,1.1764705882352942,0.0337729190185453,9.217143579218789,True,8
213,0.61,0.036,4.25,0.032,0,0,0,0.032,0.0097117896904809,1.1764705882352942,0.0417117896904809,6.613265489413038,True,7
214,0.8,0.041,4.25,0.0365,0,0,0,0.0365,0.0146135447707714,1.1764705882352942,0.0511135447707714,4.687843076991533,True,6
215,0.85,0.053,4.25,0.0412499999999999,0,0,0,0.0412499999999999,0.0449535990108785,1.1764705882352942,0.0862035990108784,3.4008265344224067,True,5
216,1.18,0.072,4.75,0.06875,0,0,0,0.06875,0.0144953537063408,1.0526315789473684,0.0832453537063408,3.803418428356459,True,5
217,1.07,0.082,4.75,0.07425,0,0,0,0.07425,0.0316745022212473,1.0526315789473684,0.1059245022212473,3.4940123683005844,True,5
218,0.99,0.091,4.75,0.0815,0,0,0,0.0815,0.0350845623553453,1.0526315789473684,0.1165845623553453,3.740061038065954,True,5
219,1.33,0.123,4.75,0.109,0,0,0,0.109,0.0845437839006371,1.0526315789473684,0.1935437839006371,2.512415047002486,True,4
220,0.57,0.057,3.0,0.045,0,0,0,0.045,0.0423378142666348,1.6666666666666667,0.0873378142666348,5.252909248352316,True,6
221,0.74,0.052,3.0,0.0426666666666666,0,0,0,0.0426666666666666,0.0483380999196384,1.6666666666666667,0.091004766586305,3.990648101805694,True,5
222,1.17,0.042,3.75,0.037,0,0,0,0.037,0.0379972465016185,1.3333333333333333,0.0749972465016185,2.7555455668379523,True,2
223,2.7,0.036,4.333333333333333,0.0356666666666666,0,0,0,0.0356666666666666,0.012315781767816,1.153846153846154,0.0479824484344826,2.0063850757344786,True,6
224,0.75,0.022,3.5,0.02125,0,0,0,0.02125,0.0026705992767688,1.4285714285714286,0.0239205992767688,6.637578410976577,True,7
225,1.15,0.021,3.5,0.02,0,0,0,0.02,0.0073958891535081,1.4285714285714286,0.0273958891535081,3.6113543932907137,True,5
226,1.1,0.02,3.5,0.01925,0,0,0,0.01925,0.004956977641193,1.4285714285714286,0.024206977641193,4.054827267846036,True,5
227,1.25,0.019,3.5,0.01875,0,0,0,0.01875,0.0019847706438796,1.4285714285714286,0.0207347706438796,4.418502888206739,True,5
228,0.7,0.059,3.0,0.0456666666666666,0,0,0,0.0456666666666666,0.0656740182268081,1.6666666666666667,0.1113406848934747,3.9285722676402535,True,5
229,0.8,0.039,3.75,0.03775,0,0,0,0.03775,0.0044128695173391,1.3333333333333333,0.0421628695173391,6.31959788609588,True,7
230,1.1,0.031,3.75,0.03025,0,0,0,0.03025,0.004226216061608,1.3333333333333333,0.034476216061608,4.574641618565765,True,5
234,0.99,0.523,3.0,0.4803333333333333,0,0,0,0.4803333333333333,0.3422582854093307,1.6666666666666667,0.822591618742664,3.610289551976269,True,5
235,1.49,0.929,3.0,0.87,0,0,0,0.87,1.3911680147990315,1.6666666666666667,2.261168014799032,2.4688599946843404,True,4
236,2.48,1.278,3.5,1.2245,0,0,0,1.2245,4.974718816480315,1.4285714285714286,6.199218816480315,1.7047169871616714,True,6
238,1.16,0.606,3.0,0.5299999999999999,0,0,0,0.5299999999999999,0.9995028593983644,1.6666666666666667,1.5295028593983642,2.676296368409297,True,3
239,2.0,0.785,3.5,0.745,0,0,0,0.745,1.4880839300345443,1.4285714285714286,2.2330839300345446,1.9471028822830023,True,5
240,1.84,1.067,3.0,0.9266666666666667,0,0,0,0.9266666666666667,11.34965538746409,1.6666666666666667,12.276322054130755,1.8769974838423915,True,5
241,2.5,1.53,3.5,1.435,0,0,0,1.435,11.191062390354295,1.4285714285714286,12.626062390354296,1.6206039521105755,True,6
242,1.28,0.381,13.0,0.236,0,0,0,0.236,0.2798827945510767,0.3846153846153846,0.5158827945510767,2.332154177278262,True,4
243,1.94,1.479,13.0,1.139,0,0,0,1.139,0.9051763320711632,0.3846153846153846,2.0441763320711632,1.6142343389282214,True,6
244,2.29,30.401,13.0,2.493,0,0,0,2.493,191.4872115140508,0.3846153846153846,193.9802115140508,0.5794840127037909,True,8
245,3.95,5.488,13.0,4.171,0,0,0,4.171,11.473466241634494,0.3846153846153846,15.644466241634497,0.6512771868667829,True,8
246,0.34,0.306,13.0,0.104,0,0,0,0.104,0.238125551076079,0.3846153846153846,0.342125551076079,11.465962069935722,True,9
247,0.55,1.422,13.0,0.768,0,0,0,0.768,0.854926430267495,0.3846153846153846,1.622926430267495,6.829794290098721,True,7
248,1.07,2.417,13.0,1.547,0,0,0,1.547,1.4889207977309928,0.3846153846153846,3.0359207977309928,3.0462519251595546,True,4
249,1.08,4.482,13.0,3.316,0,0,0,3.316,1.9761134955053168,0.3846153846153846,5.292113495505316,3.3738748448845737,True,4
250,0.1,0.367,15.0,0.136,0,0,0,0.136,0.2402542971419538,0.3333333333333333,0.3762542971419538,56.09759499434641,True,32
251,0.67,1.297,15.0,0.843,0,0,0,0.843,0.5998183417647385,0.3333333333333333,1.4428183417647384,6.0080454699914485,True,6
252,0.78,3.232,15.0,2.23,0,0,0,2.23,1.3862854300913423,0.3333333333333333,3.6162854300913434,5.115435733153055,True,6
253,2.08,4.233,15.0,3.386,0,0,0,3.386,2.0681407318693763,0.3333333333333333,5.454140731869376,1.6219591173534793,True,6
254,0.42,0.464,15.0,0.223,0,0,0,0.223,0.286841251907236,0.3333333333333333,0.509841251907236,9.785018691865965,True,8
255,1.34,1.532,15.0,0.812,0,0,0,0.812,1.3202731944591186,0.3333333333333333,2.1322731944591187,2.118955632610797,True,5
256,1.56,2.845,15.0,1.821,0,0,0,1.821,2.0495024620749334,0.3333333333333333,3.870502462074933,1.917214666999875,True,5
257,1.9,4.37,15.0,3.015,0,0,0,3.015,3.1599174946212627,0.3333333333333333,6.174917494621263,1.5540138559861083,True,6
258,2.09,55.263,15.0,3.813,0,0,0,3.813,190.18212243089908,0.3333333333333333,193.99512243089907,0.7174733228095233,True,8
284,0.27,2.655,1.6652089623887931,1.3036485066778338,0,1,1,1.3036485066778338,4.61028992899217,3.002626164602998,5.913938435670004,7.913618795998358,True,7
285,0.5,2.417,3.083720300719987,0.6555920235894309,0,1,1,0.6555920235894309,7.127781251237852,1.621418128885619,7.783373274827283,3.420782268328867,True,4
286,0.88,5.477,5.4273477292671775,2.848434309388562,0,1,1,2.848434309388562,8.806082929225237,0.9212603005031926,11.6545172386138,2.5046228694450243,True,4
287,0.29,3.214,1.7885577744175924,1.959240530267265,0,1,1,1.959240530267265,3.9894927128527247,2.7955484980786536,5.94873324311999,8.412171305906568,True,7
288,0.44,3.179,2.7136738646335887,1.959240530267265,0,1,1,1.959240530267265,3.8637545585443656,1.8425206010063853,5.822995088811631,5.589277438658442,True,6
289,0.44,5.856,2.7136738646335887,2.848434309388562,0,1,1,2.848434309388562,10.290924987900752,1.8425206010063853,13.139359297289314,4.832563228905287,True,5
291,0.42,4.293,2.590325052604789,1.959240530267265,0,1,1,1.959240530267265,8.144262348078403,1.9302596772447849,10.103502878345669,4.906645401620717,True,5
292,0.27,1.816,1.6652089623887931,0.6555920235894309,0,1,1,0.6555920235894309,4.340373544875488,3.002626164602998,4.99596556846492,6.93036783035678,True,6
293,0.55,3.752,3.392092330791986,1.3488617496840016,0,1,1,1.3488617496840016,8.999404803617814,1.4740164808051082,10.348266553301816,3.397073578572742,True,4
295,1.2,0.0307,7.400928721727968,0.0217962758401608,0,1,1,0.0217962758401608,0.0268208917452208,0.6755908870356747,0.0486171675853816,2.3157906832156443,True,4
296,2.0,0.131,12.334881202879949,0.0508579769603752,0,1,1,0.0508579769603752,0.2935284290129898,0.4053545322214048,0.344386405973365,0.9614433155844516,True,7
297,1.8,0.046,11.101393082591954,0.0145308505601072,0,1,1,0.0145308505601072,0.1222071066849876,0.4503939246904497,0.1367379572450948,0.9937795159488002,True,7
302,0.75,0.055,4.625580451079981,0.0153092991217785,0,1,1,0.0153092991217785,0.1595143577214117,1.080945419257079,0.1748236568431902,2.2969478423570417,True,5
303,0.91,0.041,5.612370947310377,0.0153092991217785,0,1,1,0.0153092991217785,0.0951653865132687,0.8908890818052851,0.1104746856350472,2.0818876302589207,True,5
304,1.87,0.046,11.533113924692753,0.0153092991217785,0,1,1,0.0153092991217785,0.1174680513670647,0.4335342590603259,0.1327773504888432,0.9728764088168116,True,7
305,2.17,0.042,13.383346105124744,0.0153092991217785,0,1,1,0.0153092991217785,0.0995579974430193,0.373598647208668,0.1148672965647978,0.8653228395367738,True,7
311,1.45,1.14,8.942788872087963,0.7935883525311068,0,1,1,0.7935883525311068,1.051107361858608,0.5591096996157306,1.844695714389715,1.879665749713435,True,5
314,1.8,3.8,11.101393082591954,2.3726672172613705,0,1,1,2.3726672172613705,4.501119428750482,0.4503939246904497,6.873786646011853,1.379736428464202,True,6
316,1.1,1.23,6.784184661583972,0.5909609098097347,0,1,1,0.5909609098097347,2.195000047586552,0.7370082404025541,2.7859609573962865,1.920963652491806,True,5
317,0.75,0.94,4.625580451079981,0.7727950359050376,0,1,1,0.7727950359050376,0.4751593936736532,1.080945419257079,1.2479544295786908,4.459377299507828,True,5
320,1.3,3.7,8.017672781871967,1.9806931592524075,0,1,1,1.9806931592524075,5.706740056499276,0.6236223572636995,7.687433215751684,1.7238382601487188,True,5
321,1.5,2.94,9.25116090215996,0.5553062574145965,0,1,1,0.5553062574145965,10.568278952724356,0.5404727096285398,11.123585210138952,1.04691166819964,True,7
322,1.7,1.47,10.484649022447956,1.110612514829193,0,1,1,1.110612514829193,1.05728113346637,0.4768876849663586,2.167893648295563,1.750245815021379,True,5
323,1.7,7.35,10.484649022447956,2.221225029658386,0,1,1,2.221225029658386,20.16037675041993,0.4768876849663586,22.38160178007832,1.0379375597762583,True,6
327,0.1,0.08,0.6167440601439975,0.0796743371481683,0,1,1,0.0796743371481683,0.0008090983306987,8.107090644428094,0.080483435478867,77.68977402204777,True,49
329,1.2,0.024,7.400928721727968,0.0202072594216369,0,1,1,0.0202072594216369,0.0106651462376017,0.6755908870356747,0.0308724056592386,2.902391969270204,True,4
330,1.1,0.025,6.784184661583972,0.0202072594216369,0,1,1,0.0202072594216369,0.0137190748784504,0.7370082404025541,0.0339263343000873,2.9611290302818065,True,4
331,1.25,0.047,7.709300751799968,0.0398371685740841,0,1,1,0.0398371685740841,0.0200809505252075,0.6485672515542477,0.0599181190992916,2.820311710406355,True,3
332,1.2,0.05,7.400928721727968,0.0398371685740841,0,1,1,0.0398371685740841,0.0292663957131568,0.6755908870356747,0.0691035642872409,2.6576864448773354,True,3
333,1.6,0.093,9.86790496230396,0.0796743371481683,0,1,1,0.0796743371481683,0.0371742575975103,0.5066931652767559,0.1168485947456786,2.2486028629786348,True,5
334,2.5,0.1,15.418601503599936,0.0796743371481683,0,1,1,0.0796743371481683,0.0585327914263222,0.3242836257771238,0.1382071285744905,1.275689493540873,True,6
335,1.8,0.233,11.101393082591954,0.1991858428704208,0,1,1,0.1991858428704208,0.0944249962521731,0.4503939246904497,0.2936108391225939,1.9904398436807709,True,5
336,4.0,0.251,24.669762405759897,0.1991858428704208,0,1,1,0.1991858428704208,0.1494580982300445,0.2026772661107024,0.3486439411004653,0.792806515114832,True,8
337,1.13,0.045,6.96920787962717,0.0153092991217785,0,1,1,0.0153092991217785,0.1129415099906837,0.7174416499493891,0.1282508091124622,1.6219045254507285,True,5
338,1.74,0.033,10.731346646505555,0.0153092991217785,0,1,1,0.0153092991217785,0.0614267591501006,0.4659247496797756,0.0767360582718792,1.1936384711708052,True,6
339,2.13,0.035,13.136648481067144,0.0153092991217785,0,1,1,0.0153092991217785,0.0696089127687665,0.3806145842454505,0.084918211890545,0.9488333573269884,True,7
340,3.5,0.026,21.58604210503991,0.0153092991217785,0,1,1,0.0153092991217785,0.0343911652377439,0.2316311612693741,0.0497004643595224,0.6801344819537776,True,8
341,1.13,0.055,6.96920787962717,0.0153092991217785,0,1,1,0.0153092991217785,0.1595143577209842,0.7174416499493891,0.1748236568427627,1.524522904222498,True,6
342,1.22,0.039,7.524277533756768,0.0153092991217785,0,1,1,0.0153092991217785,0.0864894320112215,0.6645156265924669,0.101798731133,1.5829859963913084,True,5
343,1.45,0.034,8.942788872087963,0.0153092991217785,0,1,1,0.0153092991217785,0.0654950286258003,0.5591096996157306,0.0808043277475788,1.4123161332544465,True,6
344,2.17,0.028,13.383346105124744,0.0153092991217785,0,1,1,0.0153092991217785,0.0418356081902535,0.373598647208668,0.057144907312032,1.0458293131757963,True,6
345,0.6,0.062,3.700464360863984,0.0153092991217785,0,1,1,0.0153092991217785,0.1936315334445874,1.3511817740713494,0.2089408325663659,2.78103428223211,True,4
346,0.7,0.05,4.317208421007981,0.0153092991217785,0,1,1,0.0153092991217785,0.1358772828198478,1.1581558063468709,0.1511865819416263,2.530764500816095,True,4
347,0.9,0.034,5.550696541295977,0.0153092991217785,0,1,1,0.0153092991217785,0.0654950141480271,0.9007878493808994,0.0808043132698056,2.275398701589776,True,4
348,1.8,0.027,11.101393082591954,0.0153092991217785,0,1,1,0.0153092991217785,0.038082793731829,0.4503939246904497,0.0533920928536075,1.2897687725693818,True,6
349,1.13,0.043,6.96920787962717,0.0153092991217785,0,1,1,0.0153092991217785,0.1039855497101338,0.7174416499493891,0.1192948488319123,1.6477168177591195,True,5
350,1.37,0.041,8.449393623972766,0.0153092991217785,0,1,1,0.0153092991217785,0.0951653865075495,0.591758441199131,0.110474685629328,1.3828596668882291,True,6
351,1.67,0.032,10.299625804404757,0.0153092991217785,0,1,1,0.0153092991217785,0.057405854043788,0.4854545296064728,0.0727151531655665,1.2626030593869657,True,6
352,2.91,0.03,17.947252150190327,0.0153092991217785,0,1,1,0.0153092991217785,0.0495137718239397,0.2785941802208967,0.0648230709457182,0.7494886652754336,True,7
353,0.9,0.037,5.550696541295977,0.0153092991217785,0,1,1,0.0153092991217785,0.0779670989319231,0.9007878493808994,0.0932763980537016,2.192227389199339,True,5
354,1.05,0.032,6.475812631511974,0.0153092991217785,0,1,1,0.0153092991217785,0.0574058541682785,0.7721038708979138,0.0727151532900571,2.008140099637984,True,5
355,1.15,0.028,7.09255669165597,0.0153092991217785,0,1,1,0.0153092991217785,0.0418356081862674,0.7049644038633127,0.0571449073080459,1.9734344433232216,True,5
356,1.4,0.024,8.634416842015963,0.0153092991217785,0,1,1,0.0153092991217785,0.0272042150777216,0.5790779031734354,0.0425135141995001,1.8037445140554815,True,5
357,0.75,0.028,4.625580451079981,0.0153092991217785,0,1,1,0.0153092991217785,0.0418356081843982,1.080945419257079,0.0571449073061767,3.0259328132395527,True,4
358,1.15,0.026,7.09255669165597,0.0153092991217785,0,1,1,0.0153092991217785,0.0343911653190034,0.7049644038633127,0.0497004644407819,2.0699745048837284,True,5
359,1.1,0.024,6.784184661583972,0.0153092991217785,0,1,1,0.0153092991217785,0.0272042141314279,0.7370082404025541,0.0425135132532064,2.2956749282231264,True,4
360,1.2,0.022,7.400928721727968,0.0153092991217785,0,1,1,0.0153092991217785,0.0203041095024898,0.6755908870356747,0.0356134086242683,2.2704692840433656,True,4
