sample_id,u_peak,u_r,tau_peak,tau_r,true_a,true_b,true_c,true_d,true_e,estimated_a,estimated_b,estimated_c,estimated_d,estimated_e,error_b,abs_error_b,error_d,abs_error_d,error_e,abs_error_e,curve_rmse_tau_u,curve_mae_tau_u,curve_r2_tau_u,curve_valid,e_constraint_respected,d_positive,b_positive,dataset,model_name
7,0.72,2.75,0.044,0.03175,0.03175,0.0801325410005739,1.818181818181818,0.1118825410005739,3.441242286799551,0.03175,0.0956032694941756,1.818181818181818,0.1273532694941756,3.109953771260197,0.01547072849360169,0.01547072849360169,0.015470728493601704,0.015470728493601704,-0.3312885155393541,0.3312885155393541,0.0004980430564535,0.0003570501140581,0.9946207818036036,True,True,True,True,LOW_1,LOW_1_direct_poly_rank_3
8,0.92,3.0,0.035,0.02825,0.02825,0.0557241852265918,1.6666666666666667,0.0839741852265918,3.007954906577982,0.02825,0.0581361956492335,1.6666666666666667,0.0863861956492335,2.936461560698363,0.0024120104226416986,0.0024120104226416986,0.0024120104226417055,0.0024120104226417055,-0.07149334587961897,0.07149334587961897,9.622409170576433e-05,6.221973324561002e-05,0.999685537977604,True,True,True,True,LOW_1,LOW_1_direct_poly_rank_3
9,0.97,3.0,0.029,0.0255,0.0255,0.0288872445152351,1.6666666666666667,0.0543872445152351,3.290221199159674,0.0255,0.0291727975032805,1.6666666666666667,0.0546727975032805,3.2698021640000405,0.0002855529880454004,0.0002855529880454004,0.00028555298804540385,0.00028555298804540385,-0.020419035159633392,0.020419035159633392,1.9878986221136767e-05,1.1538872520516844e-05,0.9999810613436586,True,True,True,True,LOW_1,LOW_1_direct_poly_rank_3
11,0.78,3.5,0.05,0.0417499999999999,0.0417499999999999,0.0354980845491272,1.4285714285714286,0.0772480845491271,4.004659571873231,0.0417499999999999,0.0363484256108949,1.4285714285714286,0.0780984256108948,3.917534184218722,0.0008503410617676996,0.0008503410617676996,0.0008503410617677065,0.0008503410617677065,-0.08712538765450883,0.08712538765450883,0.0001035909572132,5.871064405155085e-05,0.9997784119454076,True,True,True,True,LOW_1,LOW_1_direct_poly_rank_3
12,1.25,3.5,0.04,0.034,0.034,0.0670624339164287,1.4285714285714286,0.1010624339164287,2.366794324621144,0.034,0.0611585238045785,1.4285714285714286,0.0951585238045785,2.485979644431618,-0.005903910111850201,0.005903910111850201,-0.005903910111850208,0.005903910111850208,0.11918531981047398,0.11918531981047398,0.0002444562444027,0.0001489639355818,0.9985713147381174,True,True,True,True,LOW_1,LOW_1_direct_poly_rank_3
13,1.8,4.0,0.035,0.033,0.033,0.0334302203204883,1.25,0.0664302203204883,2.0972939397426664,0.033,0.0283197868345952,1.25,0.0613197868345952,2.2951857907805504,-0.005110433485893098,0.005110433485893098,-0.005110433485893101,0.005110433485893101,0.19789185103788398,0.19789185103788398,0.0004054634264359,0.0002232877580294,0.9957270029520148,True,True,True,True,LOW_1,LOW_1_direct_poly_rank_3
19,1.55,12.0,1.02,0.8525,0.8525,0.3782821788444106,0.4166666666666667,1.2307821788444109,2.3791759662313843,0.8525,0.3640680224825954,0.4166666666666667,1.2165680224825954,2.5503430979154875,-0.014214156361815222,0.014214156361815222,-0.014214156361815444,0.014214156361815444,0.17116713168410325,0.17116713168410325,0.0051590095764311,0.0022413435968277,0.9981181294452072,True,True,True,True,LOW_1,LOW_1_direct_poly_rank_3
20,1.71,12.0,2.57,1.7327500000000002,1.7327500000000002,2.210315622373947,0.4166666666666667,3.9430656223739473,1.6207235717983703,1.7327500000000002,2.3119184573705764,0.4166666666666667,4.044668457370577,1.528028127145891,0.10160283499662937,0.10160283499662937,0.10160283499662937,0.10160283499662937,-0.09269544465247925,0.09269544465247925,0.0133159025084632,0.0082373237084821,0.9985700020914764,True,True,True,True,LOW_1,LOW_1_direct_poly_rank_3
27,0.87,3.25,2.35,1.9075,1.9075,2.7034029995062916,1.5384615384615383,4.610902999506291,3.276941309100947,1.9075,2.4680309210304188,1.5384615384615383,4.3755309210304185,3.519598958196912,-0.23537207847587283,0.23537207847587283,-0.23537207847587283,0.23537207847587283,0.24265764909596488,0.24265764909596488,0.0180644491722807,0.0108375076846928,0.9973198469089064,True,True,True,True,LOW_1,LOW_1_direct_poly_rank_3
28,0.13,1.325,1.02,0.6675,0.6675,0.6738254010838505,3.7735849056603774,1.3413254010838505,23.891608655167115,0.6675,0.6107697900243394,3.7735849056603774,1.2782697900243394,31.438313539925296,-0.06305561105951107,0.06305561105951107,-0.06305561105951107,0.06305561105951107,7.5467048847581815,7.5467048847581815,0.0197257087014774,0.009175233816094,0.9776176013801195,True,True,True,True,LOW_1,LOW_1_direct_poly_rank_3
31,0.24,1.275,0.66,0.475,0.475,0.6758571313827281,3.9215686274509807,1.150857131382728,11.17767536247715,0.475,0.6502342795838191,3.9215686274509807,1.125234279583819,11.649930596169522,-0.025622851798908997,0.025622851798908997,-0.025622851798908997,0.025622851798908997,0.47225523369237266,0.47225523369237266,0.0026317066930944,0.0016338670927216,0.99919542789277,True,True,True,True,LOW_1,LOW_1_direct_poly_rank_3
34,0.47,1.525,1.07,0.6975,0.6975,4.0455139668571585,3.278688524590164,4.743013966857158,4.812842755740618,0.6975,4.1467938132957345,3.278688524590164,4.844293813295734,4.766353708911448,0.10127984643857602,0.10127984643857602,0.10127984643857602,0.10127984643857602,-0.0464890468291701,0.0464890468291701,0.0014244811218835,0.0010652986183962,0.999940442657174,True,True,True,True,LOW_1,LOW_1_direct_poly_rank_3
37,0.11,1.325,0.89,0.5625,0.5625,0.5639971811696873,3.7735849056603774,1.1264971811696871,29.2958502513531,0.5625,0.5523220562249103,3.7735849056603774,1.1148220562249105,30.913774191654056,-0.011675124944777071,0.011675124944777071,-0.011675124944776627,0.011675124944776627,1.6179239403009547,1.6179239403009547,0.0031978595233024,0.0016051662932641,0.9992288990079956,True,True,True,True,LOW_1,LOW_1_direct_poly_rank_3
40,0.3,1.35,0.88,0.635,0.635,1.1651130574348498,3.7037037037037033,1.8001130574348498,8.547982610717572,0.635,1.0143424462234636,3.7037037037037033,1.6493424462234636,9.734858766478895,-0.15077061121138624,0.15077061121138624,-0.15077061121138624,0.15077061121138624,1.1868761557613237,1.1868761557613237,0.0121190675604474,0.0076292863408029,0.9912468157744468,True,True,True,True,LOW_1,LOW_1_direct_poly_rank_3
43,0.88,1.475,0.58,0.535,0.535,2.3643732180319175,3.389830508474576,2.8993732180319176,4.157276354583812,0.535,2.630557077508451,3.389830508474576,3.165557077508451,4.06864136960085,0.26618385947653334,0.26618385947653334,0.26618385947653334,0.26618385947653334,-0.08863498498296174,0.08863498498296174,0.0022503564419507,0.0013885048776387,0.9995660126519864,True,True,True,True,LOW_1,LOW_1_direct_poly_rank_3
46,0.79,1.5,0.8,0.665,0.665,6.166849946093346,3.3333333333333335,6.831849946093346,3.9230290740544778,0.665,6.955766622622279,3.3333333333333335,7.620766622622279,3.847566589094474,0.7889166765289328,0.7889166765289328,0.7889166765289328,0.7889166765289328,-0.07546248496000363,0.07546248496000363,0.0031907600960257,0.0020466727675613,0.9995212090178772,True,True,True,True,LOW_1,LOW_1_direct_poly_rank_3
51,1.26,1.85,0.94,0.785,0.785,27.151829140946248,2.702702702702702,27.936829140946248,2.8751003676389564,0.785,27.461368134487746,2.702702702702702,28.246368134487746,2.872993050555326,0.30953899354149783,0.30953899354149783,0.30953899354149783,0.30953899354149783,-0.0021073170836305444,0.0021073170836305444,0.0002558618153689,0.0001577684621014,0.9999983374844464,True,True,True,True,LOW_1,LOW_1_direct_poly_rank_3
53,1.15,1.85,0.71,0.65,0.65,3.9933470021604136,2.702702702702702,4.6433470021604135,3.19021506632708,0.65,3.7741949573923352,2.702702702702702,4.424194957392335,3.2232159818114723,-0.21915204476807837,0.21915204476807837,-0.21915204476807837,0.21915204476807837,0.03300091548439221,0.03300091548439221,0.0015020976419475,0.0009311939754584,0.9998724042867844,True,True,True,True,LOW_1,LOW_1_direct_poly_rank_3
56,0.45,1.5666666666666669,0.87,0.6366666666666667,0.6366666666666667,1.8543711063769357,3.191489361702127,2.4910377730436024,5.520751658815112,0.6366666666666667,1.7473182930790825,3.191489361702127,2.383984959745749,5.713745693104386,-0.10705281329785321,0.10705281329785321,-0.10705281329785343,0.10705281329785343,0.1929940342892733,0.1929940342892733,0.00359931839748,0.0024614978283671,0.9993090534752428,True,True,True,True,LOW_1,LOW_1_direct_poly_rank_3
59,0.13,1.5666666666666669,0.97,0.8033333333333333,0.8033333333333333,0.2782264175865835,3.191489361702127,1.0815597509199169,31.910981063129015,0.8033333333333333,0.2585602386908073,3.191489361702127,1.0618935720241407,42.76500168336676,-0.01966617889577621,0.01966617889577621,-0.019666178895776154,0.019666178895776154,10.854020620237748,10.854020620237748,0.0159086809501214,0.0049599940761364,0.9754784801124196,True,True,True,True,LOW_1,LOW_1_direct_poly_rank_3
62,0.71,1.6,1.14,0.9133333333333334,0.9133333333333334,5.696830896813862,3.125,6.610164230147195,3.976020028848459,0.9133333333333334,6.327202235157104,3.125,7.240535568490437,3.8777723460485616,0.6303713383432425,0.6303713383432425,0.6303713383432425,0.6303713383432425,-0.09824768279989726,0.09824768279989726,0.0047234747697484,0.0031167846255977,0.9994319551675408,True,True,True,True,LOW_1,LOW_1_direct_poly_rank_3
65,0.63,1.5666666666666669,1.42,0.9733333333333332,0.9733333333333332,10.644929502666052,3.191489361702127,11.618262835999383,3.927118476960182,0.9733333333333332,14.451450427308169,3.191489361702127,15.4247837606415,3.711515414687312,3.8065209246421166,3.8065209246421166,3.8065209246421166,3.8065209246421166,-0.21560306227287018,0.21560306227287018,0.0138995925585458,0.0100038366853842,0.9971784952017338,True,True,True,True,LOW_1,LOW_1_direct_poly_rank_3
68,0.49,1.5666666666666669,0.79,0.63,0.63,1.4068332196782207,3.191489361702127,2.0368332196782206,5.5461514668738845,0.63,1.3080860003039287,3.191489361702127,1.9380860003039289,5.785287585119654,-0.09874721937429198,0.09874721937429198,-0.09874721937429176,0.09874721937429176,0.23913611824576986,0.23913611824576986,0.0039862285038791,0.0025523678031157,0.9989583264720756,True,True,True,True,LOW_1,LOW_1_direct_poly_rank_3
71,0.18,1.5666666666666669,0.87,0.6,0.6,0.5778652142592701,3.191489361702127,1.17786521425927,16.988625203858206,0.6,0.5507869084435489,3.191489361702127,1.150786908443549,18.649668060995,-0.027078305815721126,0.027078305815721126,-0.027078305815721126,0.027078305815721126,1.6610428571367954,1.6610428571367954,0.0062021045857095,0.0032409085847134,0.996880660424589,True,True,True,True,LOW_1,LOW_1_direct_poly_rank_3
74,0.47,1.5666666666666669,0.66,0.5066666666666667,0.5066666666666667,1.2794449424210406,3.191489361702127,1.7861116090877074,5.540134014051035,0.5066666666666667,1.2738808443492604,3.191489361702127,1.7805475110159272,5.553579015711966,-0.005564098071780155,0.005564098071780155,-0.005564098071780155,0.005564098071780155,0.013445001660930878,0.013445001660930878,0.0001894552471663,0.0001268783718265,0.9999966202240682,True,True,True,True,LOW_1,LOW_1_direct_poly_rank_3
77,0.18,1.5666666666666669,0.88,0.4966666666666666,0.4966666666666666,0.8494890683979475,3.191489361702127,1.346155735064614,14.732448429095294,0.4966666666666666,0.8679155313587223,3.191489361702127,1.364582198025389,14.2318083937585,0.01842646296077488,0.01842646296077488,0.01842646296077488,0.01842646296077488,-0.5006400353367937,0.5006400353367937,0.0026726285572739,0.0016668315907972,0.9996023706158076,True,True,True,True,LOW_1,LOW_1_direct_poly_rank_3
80,0.11,1.5633333333333332,1.04,0.5006666666666667,0.5006666666666667,0.863642983300683,3.1982942430703627,1.3643096499673495,27.24084861115649,0.5006666666666667,0.9160666719488788,3.1982942430703627,1.4167333386155454,23.65251751784431,0.0524236886481958,0.0524236886481958,0.05242368864819591,0.05242368864819591,-3.5883310933121813,3.5883310933121813,0.0108573645184053,0.0063166296339995,0.9956771010835606,True,True,True,True,LOW_1,LOW_1_direct_poly_rank_3
83,0.21,1.5566666666666666,0.75,0.4896666666666667,0.4896666666666667,0.6541837303857423,3.211991434689508,1.143850397052409,13.109251845364824,0.4896666666666667,0.6636228969716587,3.211991434689508,1.1532895636383254,12.844261853259423,0.00943916658591637,0.00943916658591637,0.00943916658591637,0.00943916658591637,-0.2649899921054004,0.2649899921054004,0.001333904013369,0.0008142288446049,0.9998361145451954,True,True,True,True,LOW_1,LOW_1_direct_poly_rank_3
86,1.14,1.85,0.47,0.4455,0.4455,1.2635859558868447,2.702702702702702,1.7090859558868448,3.448989911906233,0.4455,1.2797032431853703,2.702702702702702,1.7252032431853703,3.4380651531397133,0.016117287298525573,0.016117287298525573,0.016117287298525573,0.016117287298525573,-0.010924758766519549,0.010924758766519549,0.0002467185773416,0.0001495497838305,0.9999923751645068,True,True,True,True,LOW_1,LOW_1_direct_poly_rank_3
89,0.31,1.5733333333333333,0.64,0.434,0.434,0.831446191232911,3.1779661016949152,1.265446191232911,8.046929532076042,0.434,0.8711286558624116,3.1779661016949152,1.3051286558624116,7.718592501041208,0.03968246462950065,0.03968246462950065,0.03968246462950065,0.03968246462950065,-0.3283370310348346,0.3283370310348346,0.0027269401423986,0.0018599950950544,0.9991755461070182,True,True,True,True,LOW_1,LOW_1_direct_poly_rank_3
92,0.1,1.5666666666666669,0.84,0.5786666666666667,0.5786666666666667,0.3913124802400913,3.191489361702127,0.969979146906758,37.39184550372476,0.5786666666666667,0.4193108268807434,3.191489361702127,0.99797749354741,31.35085496759534,0.027998346640652094,0.027998346640652094,0.02799834664065204,0.02799834664065204,-6.040990536129421,6.040990536129421,0.0085009132117921,0.0041135369290389,0.992219387166762,True,True,True,True,LOW_1,LOW_1_direct_poly_rank_3
95,0.15,1.5666666666666669,1.04,0.515,0.515,1.0180921290257392,3.191489361702127,1.533092129025739,17.824332391452327,0.515,1.0269934975973536,3.191489361702127,1.5419934975973535,17.524115852871493,0.008901368571614388,0.008901368571614388,0.008901368571614388,0.008901368571614388,-0.30021653858083397,0.30021653858083397,0.0014921936396479,0.0009105420278501,0.9999230726018026,True,True,True,True,LOW_1,LOW_1_direct_poly_rank_3
98,0.12,1.5666666666666669,1.33,0.569,0.569,1.2856106349233354,3.191489361702127,1.854610634923335,23.13000566043724,0.569,1.2530186457679533,3.191489361702127,1.8220186457679532,24.76187742183851,-0.032591989155382084,0.032591989155382084,-0.03259198915538186,0.03259198915538186,1.6318717614012677,1.6318717614012677,0.0068766448461201,0.0039202167958545,0.999122081529642,True,True,True,True,LOW_1,LOW_1_direct_poly_rank_3
101,0.11,1.5599999999999998,1.19,0.5136666666666666,0.5136666666666666,1.0901897584596147,3.2051282051282053,1.6038564251262817,26.190812099681132,0.5136666666666666,1.113966006905709,3.2051282051282053,1.6276326735723754,24.775295567655537,0.02377624844609416,0.02377624844609416,0.023776248446093717,0.023776248446093717,-1.4155165320255954,1.4155165320255954,0.0049573607263804,0.002875676715506,0.9994083928362222,True,True,True,True,LOW_1,LOW_1_direct_poly_rank_3
104,0.46,1.61,0.57,0.4153333333333333,0.4153333333333333,1.2195408766373736,3.105590062111801,1.634874209970707,5.380408458094788,0.4153333333333333,1.305505903493714,3.105590062111801,1.720839236827047,5.188505502815346,0.08596502685634033,0.08596502685634033,0.08596502685634011,0.08596502685634011,-0.191902955279442,0.191902955279442,0.0024498608076126,0.0017257194073353,0.9992552241125048,True,True,True,True,LOW_1,LOW_1_direct_poly_rank_3
105,0.38,2.1725,3.22,2.8175,2.8175,1.2095551373508462,2.3014959723820483,4.027055137350846,9.674876431868377,2.8175,1.197902908401196,2.3014959723820483,4.015402908401196,9.795792770241068,-0.011652228949650123,0.011652228949650123,-0.011652228949650123,0.011652228949650123,0.120916338372691,0.120916338372691,0.0032868702270329,0.0015311554320006,0.9999359175046398,True,True,True,True,LOW_1,LOW_1_direct_poly_rank_3
107,0.15,1.5566666666666666,0.88,0.5103333333333334,0.5103333333333334,0.7081291518031402,3.211991434689508,1.2184624851364736,19.26598627033951,0.5103333333333334,0.732421087406644,3.211991434689508,1.2427544207399774,18.06344538224357,0.024291935603503845,0.024291935603503845,0.024291935603503845,0.024291935603503845,-1.202540888095939,1.202540888095939,0.0044670742983054,0.0026253174648076,0.9987526166737004,True,True,True,True,LOW_1,LOW_1_direct_poly_rank_3
110,0.15,2.1675,1.23,0.6225,0.6225,0.9619833022068238,2.306805074971165,1.584483302206824,20.507804388385548,0.6225,1.0224206419162882,2.306805074971165,1.6449206419162885,17.687078705026703,0.06043733970946441,0.06043733970946441,0.06043733970946441,0.06043733970946441,-2.8207256833588445,2.8207256833588445,0.0130173544021123,0.0074544600781467,0.9951830893081928,True,True,True,True,LOW_1,LOW_1_direct_poly_rank_3
113,0.21,1.5599999999999998,0.72,0.5333333333333333,0.5333333333333333,0.4530839141628877,3.2051282051282053,0.9864172474962212,14.758619332850811,0.5333333333333333,0.4391265615128042,3.2051282051282053,0.9724598948461376,15.521686504147144,-0.013957352650083465,0.013957352650083465,-0.013957352650083577,0.013957352650083577,0.7630671712963331,0.7630671712963331,0.0029011588832492,0.0015403448770665,0.998969693098357,True,True,True,True,LOW_1,LOW_1_direct_poly_rank_3
116,0.1,1.5533333333333337,1.16,0.5640000000000001,0.5640000000000001,0.912890584776652,3.218884120171673,1.476890584776652,31.1344826944979,0.5640000000000001,0.936805856321654,3.218884120171673,1.5008058563216542,28.951907625719947,0.02391527154500206,0.02391527154500206,0.02391527154500217,0.02391527154500217,-2.182575068777954,2.182575068777954,0.0056853956441243,0.0031211478558103,0.9990079296087588,True,True,True,True,LOW_1,LOW_1_direct_poly_rank_3
119,0.05,1.5533333333333337,1.06,0.4603333333333333,0.4603333333333333,0.7347138188950575,3.218884120171673,1.1950471522283908,76.69251608229672,0.4603333333333333,0.9430784062951394,3.218884120171673,1.4034117396284729,38.648107060995656,0.2083645874000819,0.2083645874000819,0.20836458740008212,0.20836458740008212,-38.044409021301064,38.044409021301064,0.048268242529455,0.028190700329913,0.9150318918998808,True,True,True,True,LOW_1,LOW_1_direct_poly_rank_3
122,0.16,1.7866666666666664,1.46,0.5153333333333333,0.5153333333333333,1.791622665699797,2.7985074626865676,2.3069559990331303,15.27471027903135,0.5153333333333333,1.7335298062283244,2.7985074626865676,2.248863139561658,16.396624984693787,-0.05809285947147247,0.05809285947147247,-0.05809285947147247,0.05809285947147247,1.1219147056624372,1.1219147056624372,0.0093915096112505,0.005851793540852,0.998964231272662,True,True,True,True,LOW_1,LOW_1_direct_poly_rank_3
125,0.13,1.5766666666666669,0.83,0.5316666666666667,0.5316666666666667,0.5110542316499418,3.1712473572938684,1.0427208983166083,25.070549134255213,0.5316666666666667,0.5389395548099767,3.1712473572938684,1.0706062214766434,22.35778276147642,0.02788532316003489,0.02788532316003489,0.027885323160035114,0.027885323160035114,-2.712766372778791,2.712766372778791,0.0065268180292794,0.003527692267796,0.996204525065443,True,True,True,True,LOW_1,LOW_1_direct_poly_rank_3
128,0.22,1.5666666666666669,1.38,0.6789999999999999,0.6789999999999999,1.9691572578488556,3.191489361702127,2.6481572578488555,10.298464829923804,0.6789999999999999,1.7455600739209711,3.191489361702127,2.424560073920971,12.243992387074616,-0.22359718392788452,0.22359718392788452,-0.2235971839278843,0.2235971839278843,1.9455275571508128,1.9455275571508128,0.0243605057261171,0.0160114995757901,0.9900464676113638,True,True,True,True,LOW_1,LOW_1_direct_poly_rank_3
131,0.3,1.57,0.69,0.4403333333333333,0.4403333333333333,0.989606450202688,3.184713375796178,1.4299397835360212,7.9675990689291964,0.4403333333333333,1.03980715430817,3.184713375796178,1.4801404876415032,7.62423811586827,0.05020070410548194,0.05020070410548194,0.05020070410548194,0.05020070410548194,-0.34336095306092673,0.34336095306092673,0.0031986548930596,0.002242413041423,0.99909609783136,True,True,True,True,LOW_1,LOW_1_direct_poly_rank_3
134,0.29,1.5933333333333335,0.81,0.6846666666666668,0.6846666666666668,0.4027161872827163,3.1380753138075312,1.087382853949383,11.679447292728767,0.6846666666666668,0.3458919283911232,3.1380753138075312,1.03055859505779,14.85046610815621,-0.056824258891593094,0.056824258891593094,-0.05682425889159304,0.05682425889159304,3.171018815427443,3.171018815427443,0.017022581622333,0.007768428279276,0.9737548349383076,True,True,True,True,LOW_1,LOW_1_direct_poly_rank_3
137,1.18,1.85,0.63,0.575,0.575,4.239497230710774,2.702702702702702,4.814497230710774,3.1309195303367727,0.575,3.816976736179039,2.702702702702702,4.391976736179039,3.186292352840553,-0.4225204945317351,0.4225204945317351,-0.4225204945317351,0.4225204945317351,0.055372822503780394,0.055372822503780394,0.0024198510344597,0.0014929928462275,0.9995764501496772,True,True,True,True,LOW_1,LOW_1_direct_poly_rank_3
140,0.42,1.7400000000000002,0.83,0.4525,0.4525,2.5886372580129136,2.8735632183908044,3.0411372580129137,4.84879553279124,0.4525,2.792575048624391,2.8735632183908044,3.245075048624391,4.662864578051611,0.20393779061147743,0.20393779061147743,0.20393779061147743,0.20393779061147743,-0.1859309547396295,0.1859309547396295,0.0042614855587203,0.0033727839068349,0.9992168430941089,True,True,True,True,LOW_1,LOW_1_direct_poly_rank_3
143,0.33,1.5733333333333333,0.58,0.4766666666666666,0.4766666666666666,0.4098600862261488,3.1779661016949152,0.8865267528928155,9.368454028225154,0.4766666666666666,0.3944814020750137,3.1779661016949152,0.8711480687416804,9.750669279982834,-0.01537868415113508,0.01537868415113508,-0.01537868415113508,0.01537868415113508,0.38221525175768,0.38221525175768,0.0021661800489978,0.001198040385303,0.9992544118496132,True,True,True,True,LOW_1,LOW_1_direct_poly_rank_3
146,0.13,1.5599999999999998,0.68,0.5633333333333334,0.5633333333333334,0.1951982739754749,3.2051282051282053,0.7585316073088083,31.88575510060682,0.5633333333333334,0.1982137743511308,3.2051282051282053,0.7615471076844642,30.73858215886404,0.0030155003756558996,0.0030155003756558996,0.0030155003756558996,0.0030155003756558996,-1.1471729417427774,1.1471729417427774,0.0014446791447316,0.0005597828529766,0.999589121663618,True,True,True,True,LOW_1,LOW_1_direct_poly_rank_3
149,0.18,1.5599999999999998,0.96,0.5433333333333333,0.5433333333333333,0.9264981470545324,3.2051282051282053,1.4698314803878656,14.731251978605432,0.5433333333333333,0.9107114745690642,3.2051282051282053,1.4540448079023975,15.16790946222354,-0.015786672485468167,0.015786672485468167,-0.015786672485468056,0.015786672485468056,0.43665748361810763,0.43665748361810763,0.0024304872419535,0.0014829612959024,0.999722837424787,True,True,True,True,LOW_1,LOW_1_direct_poly_rank_3
152,1.16,1.9,0.64,0.54,0.54,8.918859589233094,2.6315789473684212,9.458859589233091,2.9158636476035604,0.54,7.876031852139772,2.6315789473684212,8.416031852139772,2.958635975685591,-1.0428277370933214,1.0428277370933214,-1.0428277370933188,1.0428277370933188,0.042772328082030686,0.042772328082030686,0.0025927228396142,0.0016426097249073,0.9995634122057524,True,True,True,True,LOW_1,LOW_1_direct_poly_rank_3
155,0.56,1.5599999999999998,0.58,0.4766666666666666,0.4766666666666666,1.2430840918042927,3.2051282051282053,1.7197507584709593,5.0236277196711585,0.4766666666666666,1.265668388647894,3.2051282051282053,1.7423350553145605,4.983151735223759,0.022584296843601415,0.022584296843601415,0.022584296843601193,0.022584296843601193,-0.04047598444739986,0.04047598444739986,0.0005956749689563,0.0003838302832475,0.9999598372342758,True,True,True,True,LOW_1,LOW_1_direct_poly_rank_3
158,0.17,1.6233333333333333,1.0,0.5720000000000001,0.5720000000000001,0.8749487231528226,3.080082135523614,1.4469487231528226,16.31818533574024,0.5720000000000001,0.8615509754521906,3.080082135523614,1.433550975452191,16.804622229689468,-0.013397747700631957,0.013397747700631957,-0.013397747700631735,0.013397747700631735,0.48643689394922873,0.48643689394922873,0.0023921808380643,0.00140389817999,0.9997380623171308,True,True,True,True,LOW_1,LOW_1_direct_poly_rank_3
161,0.1,1.5666666666666669,0.85,0.5843333333333334,0.5843333333333334,0.3978559436075378,3.191489361702127,0.9821892769408712,37.33548887229885,0.5843333333333334,0.4243941088779221,3.191489361702127,1.0087274422112555,31.606291256505255,0.02653816527038433,0.02653816527038433,0.02653816527038433,0.02653816527038433,-5.729197615793598,5.729197615793598,0.0081204531462756,0.0039136248782222,0.9930927944192256,True,True,True,True,LOW_1,LOW_1_direct_poly_rank_3
164,0.07,1.5566666666666666,0.85,0.5843333333333334,0.5843333333333334,0.3510048045966245,3.211991434689508,0.935338137929958,59.36701870371923,0.5843333333333334,0.4095335151681747,3.211991434689508,0.993866848501508,39.773025765116486,0.058528710571550235,0.058528710571550235,0.05852871057154996,0.05852871057154996,-19.593992938602746,19.593992938602746,0.0172312018739443,0.0086694343632804,0.9665928031122094,True,True,True,True,LOW_1,LOW_1_direct_poly_rank_3
167,0.17,1.5599999999999998,0.8,0.5579999999999999,0.5579999999999999,0.4953159279041487,3.2051282051282053,1.0533159279041486,18.51576110820791,0.5579999999999999,0.4879500839045266,3.2051282051282053,1.0459500839045266,19.057869620321764,-0.00736584399962209,0.00736584399962209,-0.007365843999622035,0.007365843999622035,0.5421085121138525,0.5421085121138525,0.0017125996439361,0.0008970964819995,0.9997062450217444,True,True,True,True,LOW_1,LOW_1_direct_poly_rank_3
170,0.19,1.5533333333333337,0.76,0.5436666666666666,0.5436666666666666,0.4848535368761771,3.218884120171673,1.0285202035428438,16.275028887164293,0.5436666666666666,0.4734453392594017,3.218884120171673,1.0171120059260683,16.964666530024683,-0.011408197616775417,0.011408197616775417,-0.011408197616775473,0.011408197616775473,0.6896376428603901,0.6896376428603901,0.0024497254068275,0.0013035340404627,0.9993425122735584,True,True,True,True,LOW_1,LOW_1_direct_poly_rank_3
173,0.23,1.5666666666666669,0.81,0.5826666666666666,0.5826666666666666,0.6080845262035995,3.191489361702127,1.190751192870266,12.675105003139644,0.5826666666666666,0.5670242788436427,3.191489361702127,1.1496909455103093,14.107090403654263,-0.041060247359956836,0.041060247359956836,-0.041060247359956836,0.041060247359956836,1.4319854005146198,1.4319854005146198,0.0073755541479659,0.0040655550539205,0.9951846422794326,True,True,True,True,LOW_1,LOW_1_direct_poly_rank_3
176,0.65,1.5766666666666669,0.57,0.478,0.478,1.612273609680621,3.1712473572938684,2.090273609680621,4.48569879514461,0.478,1.6620356524295905,3.1712473572938684,2.1400356524295905,4.438148604753677,0.04976204274896956,0.04976204274896956,0.04976204274896956,0.04976204274896956,-0.047550190390932556,0.047550190390932556,0.0008573892179731,0.0005480787685821,0.9999201394800662,True,True,True,True,LOW_1,LOW_1_direct_poly_rank_3
179,0.48,1.5666666666666669,0.88,0.6386666666666666,0.6386666666666666,2.2710172374402005,3.191489361702127,2.909683904106867,5.11752583659357,0.6386666666666666,2.197232584215507,3.191489361702127,2.8358992508821737,5.201623800468923,-0.0737846532246933,0.0737846532246933,-0.0737846532246933,0.0737846532246933,0.08409796387535273,0.08409796387535273,0.0018134028781336,0.0012647673628424,0.999836410588184,True,True,True,True,LOW_1,LOW_1_direct_poly_rank_3
182,0.22,1.49,0.66,0.4575,0.4575,0.5513217275318822,3.3557046979865772,1.0088217275318825,12.75282127395527,0.4575,0.5641786148628165,3.3557046979865772,1.0216786148628163,12.374133254170182,0.012856887330934264,0.012856887330934264,0.01285688733093382,0.01285688733093382,-0.3786880197850877,0.3786880197850877,0.0017438686368234,0.0010580463210662,0.9996179956966342,True,True,True,True,LOW_1,LOW_1_direct_poly_rank_3
185,0.13,1.5666666666666669,1.09,0.5446666666666667,0.5446666666666667,0.9576325699215577,3.191489361702127,1.5022992365882244,21.905585532286455,0.5446666666666667,0.965105165396101,3.191489361702127,1.5097718320627678,21.519802985229173,0.007472595474543375,0.007472595474543375,0.007472595474543375,0.007472595474543375,-0.385782547057282,0.385782547057282,0.0014891932994118,0.0008643443146263,0.9999256613005892,True,True,True,True,LOW_1,LOW_1_direct_poly_rank_3
188,1.1,2.06,0.64,0.593,0.593,1.513280437089641,2.4271844660194173,2.1062804370896413,3.268679989536249,0.593,1.4472610126892866,2.4271844660194173,2.0402610126892866,3.314638507110712,-0.06601942440035447,0.06601942440035447,-0.06601942440035469,0.06601942440035469,0.04595851757446301,0.04595851757446301,0.0013714105202001,0.0008220549161009,0.9998626554050468,True,True,True,True,LOW_1,LOW_1_direct_poly_rank_3
191,0.1,1.64,1.15,0.5823333333333333,0.5823333333333333,0.8468851223123651,3.048780487804878,1.4292184556456984,32.276683117014976,0.5823333333333333,0.8861202182476943,3.048780487804878,1.4684535515810275,28.423625547026404,0.039235095935329145,0.039235095935329145,0.039235095935329145,0.039235095935329145,-3.8530575699885716,3.8530575699885716,0.0095467473759452,0.0052114013593222,0.99692717595472,True,True,True,True,LOW_1,LOW_1_direct_poly_rank_3
194,0.47,1.5599999999999998,0.9,0.6583333333333333,0.6583333333333333,2.1587521490528645,3.2051282051282053,2.8170854823861977,5.267358968714256,0.6583333333333333,2.0513401249165053,3.2051282051282053,2.7096734582498385,5.410014781076875,-0.1074120241363592,0.1074120241363592,-0.1074120241363592,0.1074120241363592,0.14265581236261848,0.14265581236261848,0.0029917775479803,0.0020637814352029,0.9995665353109714,True,True,True,True,LOW_1,LOW_1_direct_poly_rank_3
197,0.14,2.0725,0.99,0.65575,0.65575,0.5146811885872504,2.4125452352231607,1.1704311885872505,25.510159206488257,0.65575,0.5564125848730879,2.4125452352231607,1.212162584873088,21.158272379127386,0.04173139628583744,0.04173139628583744,0.04173139628583744,0.04173139628583744,-4.351886827360872,4.351886827360872,0.0113213161455154,0.0058043650066765,0.99090344795603,True,True,True,True,LOW_1,LOW_1_direct_poly_rank_3
200,1.09,1.85,0.51,0.452,0.452,3.5013968656521643,2.702702702702702,3.953396865652164,3.161464776235545,0.452,3.13690301869067,2.702702702702702,3.58890301869067,3.22400130305011,-0.36449384696149423,0.36449384696149423,-0.3644938469614938,0.3644938469614938,0.06253652681456501,0.06253652681456501,0.0021459736653723,0.0013382918693963,0.9994824862391606,True,True,True,True,LOW_1,LOW_1_direct_poly_rank_3
203,8.16,15.0,0.64,0.4826666666666666,0.4826666666666666,11.163229285157737,0.3333333333333333,11.645895951824402,0.3680224492093827,0.4826666666666666,13.905031378334156,0.3333333333333333,14.387698045000825,0.3606101467453028,2.7418020931764193,2.7418020931764193,2.741802093176423,2.741802093176423,-0.007412302464079923,0.007412302464079923,0.0035617580042908,0.0023285948276006,0.999255482096836,True,True,True,True,LOW_1,LOW_1_direct_poly_rank_3
204,9.63,15.0,1.15,0.9263333333333332,0.9263333333333332,31.67109901569681,0.3333333333333333,32.59743234903014,0.356302565715436,0.9263333333333332,27.379001137719893,0.3333333333333333,28.305334471053225,0.3602758212906853,-4.292097877976918,4.292097877976918,-4.292097877976918,4.292097877976918,0.0039732555752493015,0.0039732555752493015,0.0046442626689376,0.0029338938098101,0.9996491678846292,True,True,True,True,LOW_1,LOW_1_direct_poly_rank_3
205,8.17,15.0,1.67,1.391,1.391,14.757831874738754,0.3333333333333333,16.148831874738754,0.3859250855203011,1.391,19.01232979357004,0.3333333333333333,20.40332979357004,0.3729394879586677,4.2544979188312855,4.2544979188312855,4.254497918831287,4.254497918831287,-0.012985597561633366,0.012985597561633366,0.0123729039222752,0.0079453713651578,0.9983905870545046,True,True,True,True,LOW_1,LOW_1_direct_poly_rank_3
206,7.68,15.0,2.36,1.9943333333333333,1.9943333333333333,14.016889640854824,0.3333333333333333,16.011222974188158,0.404258783461519,1.9943333333333333,19.995000791019457,0.3333333333333333,21.989334124352787,0.3808603858959723,5.978111150164633,5.978111150164633,5.978111150164629,5.978111150164629,-0.02339839756554668,0.02339839756554668,0.0257309569870863,0.0165733632132894,0.9962967269474248,True,True,True,True,LOW_1,LOW_1_direct_poly_rank_3
207,12.65,17.5,2.87,2.478,2.478,85.54466261294648,0.2857142857142857,88.02266261294648,0.3027127732951231,2.478,65.7911127717342,0.2857142857142857,68.2691127717342,0.3083998512022268,-19.753549841212276,19.753549841212276,-19.753549841212276,19.753549841212276,0.00568707790710371,0.00568707790710371,0.0204827849902873,0.0122821109538648,0.9987933982237004,True,True,True,True,LOW_1,LOW_1_direct_poly_rank_3
209,0.55,3.75,0.015,0.014,0.014,0.0024195869070291,1.3333333333333333,0.0164195869070291,8.395940887010124,0.014,0.002552593579077,1.3333333333333333,0.016552593579077,7.806647063892861,0.00013300667204790015,0.00013300667204790015,0.00013300667204789798,0.00013300667204789798,-0.5892938231172629,0.5892938231172629,7.846757694002426e-05,2.9500971514870612e-05,0.9981029025297328,True,True,True,True,LOW_1,LOW_1_direct_poly_rank_3
210,0.73,3.75,0.017,0.0155,0.0155,0.0049950016940742,1.3333333333333333,0.0204950016940742,5.436911505105911,0.0155,0.0050001168111534,1.3333333333333333,0.0205001168111534,5.430433403831535,5.115117079200482e-06,5.115117079200482e-06,5.115117079200482e-06,5.115117079200482e-06,-0.00647810127437598,0.00647810127437598,1.706853516417996e-06,7.587546597558406e-07,0.9999994251872796,True,True,True,True,LOW_1,LOW_1_direct_poly_rank_3
211,0.73,3.75,0.031,0.0205,0.0205,0.0421170527109933,1.3333333333333333,0.0626170527109933,3.3538139443417307,0.0205,0.0480704248506495,1.3333333333333333,0.0685704248506495,3.002168285955263,0.005953372139656202,0.005953372139656202,0.005953372139656202,0.005953372139656202,-0.35164565838646755,0.35164565838646755,0.000355969132195,0.0002517565366947,0.9941955013791718,True,True,True,True,LOW_1,LOW_1_direct_poly_rank_3
212,0.56,4.25,0.032,0.0305,0.0305,0.0032729190185453,1.1764705882352942,0.0337729190185453,9.217143579218789,0.0305,0.00336755247254,1.1764705882352942,0.03386755247254,8.819483075124312,9.463345399470012e-05,9.463345399470012e-05,9.463345399469969e-05,9.463345399469969e-05,-0.3976605040944765,0.3976605040944765,9.394805670590867e-05,3.0311174936921182e-05,0.999359518666752,True,True,True,True,LOW_1,LOW_1_direct_poly_rank_3
213,0.61,4.25,0.036,0.032,0.032,0.0097117896904809,1.1764705882352942,0.0417117896904809,6.613265489413038,0.032,0.0097578265671723,1.1764705882352942,0.0417578265671723,6.565948261287914,4.603687669139933e-05,4.603687669139933e-05,4.603687669139933e-05,4.603687669139933e-05,-0.04731722812512462,0.04731722812512462,1.9073961750238817e-05,7.938211004808772e-06,0.9999802650796932,True,True,True,True,LOW_1,LOW_1_direct_poly_rank_3
214,0.8,4.25,0.041,0.0365,0.0365,0.0146135447707714,1.1764705882352942,0.0511135447707714,4.687843076991533,0.0365,0.0140110228836599,1.1764705882352942,0.0505110228836599,4.945124539719587,-0.0006025218871115005,0.0006025218871115005,-0.000602521887111504,0.000602521887111504,0.25728146272805397,0.25728146272805397,0.0001853819799567,8.407745567398227e-05,0.998804460819548,True,True,True,True,LOW_1,LOW_1_direct_poly_rank_3
215,0.85,4.25,0.053,0.0412499999999999,0.0412499999999999,0.0449535990108785,1.1764705882352942,0.0862035990108784,3.4008265344224067,0.0412499999999999,0.0449556653412901,1.1764705882352942,0.08620566534129,3.4006679492132825,2.0663304115958736e-06,2.0663304115958736e-06,2.0663304115958736e-06,2.0663304115958736e-06,-0.0001585852091241513,0.0001585852091241513,2.321989119474854e-07,1.382136142114715e-07,0.999999998979012,True,True,True,True,LOW_1,LOW_1_direct_poly_rank_3
216,1.18,4.75,0.072,0.06875,0.06875,0.0144953537063408,1.0526315789473684,0.0832453537063408,3.803418428356459,0.06875,0.013391405521387,1.0526315789473684,0.082141405521387,4.145040420240046,-0.001103948184953801,0.001103948184953801,-0.0011039481849537958,0.0011039481849537958,0.3416219918835872,0.3416219918835872,0.000570002152655,0.0002373433745938,0.997003372740108,True,True,True,True,LOW_1,LOW_1_direct_poly_rank_3
217,1.07,4.75,0.082,0.07425,0.07425,0.0316745022212473,1.0526315789473684,0.1059245022212473,3.494012368300583,0.07425,0.0285753775711696,1.0526315789473684,0.1028253775711696,3.941779206786028,-0.0030991246500776982,0.0030991246500776982,-0.0030991246500777087,0.0030991246500777087,0.44776683848544474,0.44776683848544474,0.0009116824537905,0.0004175247834414,0.9936531934386392,True,True,True,True,LOW_1,LOW_1_direct_poly_rank_3
218,0.99,4.75,0.091,0.0815,0.0815,0.0350845623553453,1.0526315789473684,0.1165845623553453,3.740061038065954,0.0815,0.0319751943953096,1.0526315789473684,0.1134751943953096,4.198067947916418,-0.0031093679600356985,0.0031093679600356985,-0.0031093679600356916,0.0031093679600356916,0.45800690985046444,0.45800690985046444,0.0009386719516857,0.0004273848818078,0.9942147585488889,True,True,True,True,LOW_1,LOW_1_direct_poly_rank_3
219,1.33,4.75,0.123,0.109,0.109,0.0845437839006371,1.0526315789473684,0.1935437839006371,2.512415047002486,0.109,0.0737583180580877,1.0526315789473684,0.1827583180580877,2.838949988158637,-0.0107854658425494,0.0107854658425494,-0.010785465842549385,0.010785465842549385,0.3265349411561509,0.3265349411561509,0.0015752903479122,0.0008226076310087,0.9927487469885248,True,True,True,True,LOW_1,LOW_1_direct_poly_rank_3
220,0.57,3.0,0.057,0.045,0.045,0.0423378142666348,1.6666666666666667,0.0873378142666348,5.252909248352316,0.045,0.049244380788868,1.6666666666666667,0.094244380788868,4.5501724444820955,0.006906566522233204,0.006906566522233204,0.006906566522233204,0.006906566522233204,-0.7027368038702209,0.7027368038702209,0.0007337851664398,0.000449404614244,0.9907868014131094,True,True,True,True,LOW_1,LOW_1_direct_poly_rank_3
221,0.74,3.0,0.052,0.0426666666666666,0.0426666666666666,0.0483380999196384,1.6666666666666667,0.091004766586305,3.990648101805694,0.0426666666666666,0.0524364600243324,1.6666666666666667,0.095103126690999,3.7470814295022983,0.004098360104693999,0.004098360104693999,0.004098360104693999,0.004098360104693999,-0.24356667230339557,0.24356667230339557,0.0003246491030523,0.0001984678265346,0.9981292447794814,True,True,True,True,LOW_1,LOW_1_direct_poly_rank_3
222,1.17,3.75,0.042,0.037,0.037,0.0379972465016185,1.3333333333333333,0.0749972465016185,2.7555455668379523,0.037,0.0350502892766949,1.3333333333333333,0.0720502892766949,2.920039961687334,-0.0029469572249236006,0.0029469572249236006,-0.0029469572249235937,0.0029469572249235937,0.16449439484938155,0.16449439484938155,0.0002676868195141,0.0001498335173755,0.9983260356752248,True,True,True,True,LOW_1,LOW_1_direct_poly_rank_3
223,2.7,4.333333333333333,0.036,0.0356666666666666,0.0356666666666666,0.012315781767816,1.153846153846154,0.0479824484344826,2.0063850757344786,0.0356666666666666,0.0125262119174566,1.153846153846154,0.0481928785841232,1.9921204169496796,0.00021043014964059956,0.00021043014964059956,0.00021043014964060303,0.00021043014964060303,-0.01426465878479899,0.01426465878479899,3.2881174102287795e-05,1.816059291968243e-05,0.9999776434690713,True,True,True,True,LOW_1,LOW_1_direct_poly_rank_3
224,0.75,3.5,0.022,0.02125,0.02125,0.0026705992767688,1.4285714285714286,0.0239205992767688,6.637578410976577,0.02125,0.0029173811666582,1.4285714285714286,0.0241673811666582,6.099027178218668,0.00024678188988939975,0.00024678188988939975,0.00024678188988939975,0.00024678188988939975,-0.538551232757909,0.538551232757909,0.0001557578430473,6.106706641253188e-05,0.9972976941516376,True,True,True,True,LOW_1,LOW_1_direct_poly_rank_3
225,1.15,3.5,0.021,0.02,0.02,0.0073958891535081,1.4285714285714286,0.0273958891535081,3.6113543932907137,0.02,0.0075012788812162,1.4285714285714286,0.0275012788812162,3.574467986018016,0.00010538972770810038,0.00010538972770810038,0.00010538972770809951,0.00010538972770809951,-0.03688640727269776,0.03688640727269776,2.233359513880336e-05,1.0950914287278026e-05,0.9999560865731004,True,True,True,True,LOW_1,LOW_1_direct_poly_rank_3
226,1.1,3.5,0.02,0.01925,0.01925,0.004956977641193,1.4285714285714286,0.024206977641193,4.054827267846036,0.01925,0.0052492129357359,1.4285714285714286,0.0244992129357359,3.887216950930675,0.0002922352945428997,0.0002922352945428997,0.0002922352945429023,0.0002922352945429023,-0.16761031691536132,0.16761031691536132,8.448648703594714e-05,3.957669170337512e-05,0.9992811795845878,True,True,True,True,LOW_1,LOW_1_direct_poly_rank_3
227,1.25,3.5,0.019,0.01875,0.01875,0.0019847706438796,1.4285714285714286,0.0207347706438796,4.418502888206739,0.01875,0.002796938308981,1.4285714285714286,0.021546938308981,3.671196218448203,0.0008121676651014001,0.0008121676651014001,0.0008121676651014001,0.0008121676651014001,-0.7473066697585362,0.7473066697585362,0.0003548574070109,0.00016146036592,0.9864620972379146,True,True,True,True,LOW_1,LOW_1_direct_poly_rank_3
228,0.7,3.0,0.059,0.0456666666666666,0.0456666666666666,0.0656740182268081,1.6666666666666667,0.1113406848934747,3.9285722676402535,0.0456666666666666,0.0629585076858941,1.6666666666666667,0.1086251743525607,4.073977371749691,-0.0027155105409139985,0.0027155105409139985,-0.0027155105409140123,0.0027155105409140123,0.1454051041094373,0.1454051041094373,0.00021944113995,0.0001359551851814,0.9993347393272844,True,True,True,True,LOW_1,LOW_1_direct_poly_rank_3
229,0.8,3.75,0.039,0.03775,0.03775,0.0044128695173391,1.3333333333333333,0.0421628695173391,6.31959788609588,0.03775,0.0045497537375162,1.3333333333333333,0.0422997537375162,6.1217250169179716,0.00013688422017709995,0.00013688422017709995,0.00013688422017710256,0.00013688422017710256,-0.19787286917790858,0.19787286917790858,0.0001035461299633,3.933064815166184e-05,0.9996177053567338,True,True,True,True,LOW_1,LOW_1_direct_poly_rank_3
230,1.1,3.75,0.031,0.03025,0.03025,0.004226216061608,1.3333333333333333,0.034476216061608,4.574641618565765,0.03025,0.004787183569716,1.3333333333333333,0.035037183569716,4.176201702677208,0.000560967508108,0.000560967508108,0.0005609675081080026,0.0005609675081080026,-0.39843991588855676,0.39843991588855676,0.000269198358114,0.0001166536172453,0.9967362644233624,True,True,True,True,LOW_1,LOW_1_direct_poly_rank_3
234,0.99,3.0,0.523,0.4803333333333333,0.4803333333333333,0.3422582854093307,1.6666666666666667,0.822591618742664,3.6102895519762694,0.4803333333333333,0.3468917619399981,1.6666666666666667,0.8272250952733314,3.5777244166041884,0.004633476530667424,0.004633476530667424,0.00463347653066748,0.00463347653066748,-0.032565135372081055,0.032565135372081055,0.0005071969832121,0.0002734054463967,0.99996325613006,True,True,True,True,LOW_1,LOW_1_direct_poly_rank_3
235,1.49,3.0,0.929,0.87,0.87,1.3911680147990315,1.6666666666666667,2.261168014799032,2.4688599946843404,0.87,1.6599537130003696,1.6666666666666667,2.5299537130003698,2.321882336541031,0.26878569820133813,0.26878569820133813,0.2687856982013379,0.2687856982013379,-0.14697765814330932,0.14697765814330932,0.0075350568927779,0.0044626383921834,0.997993558541496,True,True,True,True,LOW_1,LOW_1_direct_poly_rank_3
236,2.48,3.5,1.278,1.2245,1.2245,4.974718816480315,1.4285714285714286,6.199218816480315,1.7047169871616714,1.2245,5.575339658184001,1.4285714285714286,6.799839658184001,1.6711284318661972,0.6006208417036865,0.6006208417036865,0.6006208417036865,0.6006208417036865,-0.03358855529547422,0.03358855529547422,0.0045353549277517,0.0026651909761527,0.999633007551868,True,True,True,True,LOW_1,LOW_1_direct_poly_rank_3
238,1.16,3.0,0.606,0.5299999999999999,0.5299999999999999,0.9995028593983644,1.6666666666666667,1.5295028593983642,2.6762963684092975,0.5299999999999999,0.8463279978016488,1.6666666666666667,1.3763279978016487,2.9216709779276666,-0.15317486159671556,0.15317486159671556,-0.15317486159671545,0.15317486159671545,0.2453746095183691,0.2453746095183691,0.0069124157885837,0.0040813606252699,0.9952744176353026,True,True,True,True,LOW_1,LOW_1_direct_poly_rank_3
239,2.0,3.5,0.785,0.745,0.745,1.4880839300345443,1.4285714285714286,2.2330839300345446,1.9471028822830023,0.745,1.263568247898517,1.4285714285714286,2.008568247898517,2.060892383244308,-0.22451568213602724,0.22451568213602724,-0.22451568213602746,0.22451568213602746,0.11378950096130547,0.11378950096130547,0.0068677745957378,0.0040409859189547,0.9978311379881052,True,True,True,True,LOW_1,LOW_1_direct_poly_rank_3
240,1.84,3.0,1.067,0.9266666666666667,0.9266666666666667,11.34965538746409,1.6666666666666667,12.276322054130755,1.8769974838423913,0.9266666666666667,9.91834965708436,1.6666666666666667,10.845016323751029,1.9119967413714891,-1.43130573037973,1.43130573037973,-1.4313057303797265,1.4313057303797265,0.03499925752909783,0.03499925752909783,0.0050067871422353,0.0031509999714156,0.9993857875561776,True,True,True,True,LOW_1,LOW_1_direct_poly_rank_3
241,2.5,3.5,1.53,1.435,1.435,11.191062390354295,1.4285714285714286,12.626062390354296,1.6206039521105755,1.435,10.853658865290145,1.4285714285714286,12.288658865290143,1.6274293968353657,-0.3374035250641505,0.3374035250641505,-0.3374035250641523,0.3374035250641523,0.006825444724790186,0.006825444724790186,0.0014248607994197,0.0008437619154545,0.9999739146301933,True,True,True,True,LOW_1,LOW_1_direct_poly_rank_3
242,1.28,13.0,0.381,0.236,0.236,0.2798827945510767,0.3846153846153846,0.5158827945510767,2.332154177278262,0.236,0.2548323369020856,0.3846153846153846,0.4908323369020856,2.9847897833853785,-0.025050457648991054,0.025050457648991054,-0.025050457648991054,0.025050457648991054,0.6526356061071166,0.6526356061071166,0.0068317525154373,0.0033735563300426,0.9826200325980272,True,True,True,True,LOW_1,LOW_1_direct_poly_rank_3
243,1.94,13.0,1.479,1.139,1.139,0.9051763320711632,0.3846153846153846,2.0441763320711632,1.6142343389282214,1.139,1.0509134651192304,0.3846153846153846,2.1899134651192305,1.3540927879543916,0.14573713304806724,0.14573713304806724,0.14573713304806724,0.14573713304806724,-0.26014155097382985,0.26014155097382985,0.0213676314280544,0.0125769655041996,0.9868679581347236,True,True,True,True,LOW_1,LOW_1_direct_poly_rank_3
246,0.34,13.0,0.306,0.104,0.104,0.238125551076079,0.3846153846153846,0.342125551076079,11.465962069935722,0.104,0.2326540635702261,0.3846153846153846,0.3366540635702261,14.883559004040178,-0.0054714875058528845,0.0054714875058528845,-0.005471487505852912,0.005471487505852912,3.4175969341044556,3.4175969341044556,0.0021842212693234,0.0009093271582721,0.9983350088702628,True,True,True,True,LOW_1,LOW_1_direct_poly_rank_3
247,0.55,13.0,1.422,0.768,0.768,0.854926430267495,0.3846153846153846,1.622926430267495,6.829794290098721,0.768,0.8362564023066736,0.3846153846153846,1.6042564023066737,7.732785424173679,-0.0186700279608214,0.0186700279608214,-0.0186700279608214,0.0186700279608214,0.9029911340749583,0.9029911340749583,0.0077688938818154,0.0031823305025247,0.9984025983741728,True,True,True,True,LOW_1,LOW_1_direct_poly_rank_3
248,1.07,13.0,2.417,1.547,1.547,1.4889207977309928,0.3846153846153846,3.0359207977309928,3.0462519251595546,1.547,1.510017978046054,0.3846153846153846,3.057017978046054,2.946901057658557,0.021097180315061248,0.021097180315061248,0.021097180315061248,0.021097180315061248,-0.09935086750099753,0.09935086750099753,0.0053909587354497,0.0027984887779492,0.9996949194330306,True,True,True,True,LOW_1,LOW_1_direct_poly_rank_3
250,0.1,15.0,0.367,0.136,0.136,0.2402542971419538,0.3333333333333333,0.3762542971419538,56.09759499434641,0.136,0.2657497136901666,0.3333333333333333,0.4017497136901666,27.362952576471223,0.0254954165482128,0.0254954165482128,0.0254954165482128,0.0254954165482128,-28.734642417875186,28.734642417875186,0.006875224241185,0.0038821928229664,0.985312153170576,True,True,True,True,LOW_1,LOW_1_direct_poly_rank_3
251,0.67,15.0,1.297,0.843,0.843,0.5998183417647385,0.3333333333333333,1.4428183417647384,6.0080454699914485,0.843,0.6028258318792772,0.3333333333333333,1.4458258318792772,5.877923205068424,0.0030074901145387134,0.0030074901145387134,0.0030074901145387134,0.0030074901145387134,-0.13012226492302492,0.13012226492302492,0.0012628655201182,0.0005155756624939,0.9999303613769812,True,True,True,True,LOW_1,LOW_1_direct_poly_rank_3
252,0.78,15.0,3.232,2.23,2.23,1.3862854300913423,0.3333333333333333,3.6162854300913425,5.115435733153055,2.23,1.3675827588467089,0.3333333333333333,3.5975827588467086,5.420057986147782,-0.01870267124463343,0.01870267124463343,-0.018702671244633873,0.018702671244633873,0.30462225299472667,0.30462225299472667,0.0088159601191492,0.0033639398056102,0.999406002892017,True,True,True,True,LOW_1,LOW_1_direct_poly_rank_3
254,0.42,15.0,0.464,0.223,0.223,0.286841251907236,0.3333333333333333,0.509841251907236,9.785018691865965,0.223,0.28132238755767,0.3333333333333333,0.50432238755767,11.787305938253022,-0.0055188643495659995,0.0055188643495659995,-0.005518864349565944,0.005518864349565944,2.0022872463870574,2.0022872463870574,0.0024331500020296,0.0009533625753797,0.9986875729513128,True,True,True,True,LOW_1,LOW_1_direct_poly_rank_3
255,1.34,15.0,1.532,0.812,0.812,1.3202731944591186,0.3333333333333333,2.1322731944591187,2.118955632610797,0.812,1.2397283838218474,0.3333333333333333,2.0517283838218474,2.488258666085112,-0.08054481063727126,0.08054481063727126,-0.08054481063727126,0.08054481063727126,0.36930303347431526,0.36930303347431526,0.0183542558041085,0.0099201292968518,0.9938769846324264,True,True,True,True,LOW_1,LOW_1_direct_poly_rank_3
256,1.56,15.0,2.845,1.821,1.821,2.049502462074934,0.3333333333333333,3.870502462074933,1.917214666999875,1.821,2.0899843455359166,0.3333333333333333,3.910984345535916,1.8490907298610533,0.040481883460982804,0.040481883460982804,0.040481883460982804,0.040481883460982804,-0.06812393713882181,0.06812393713882181,0.007918376619175,0.0044829097144458,0.9995651093749406,True,True,True,True,LOW_1,LOW_1_direct_poly_rank_3
284,0.27,1.6652089623887931,2.655,1.3036485066778338,1.3036485066778338,4.61028992899217,3.002626164602998,5.913938435670004,7.913618795998358,1.3036485066778338,4.3423015170570505,3.002626164602998,5.645950023734884,8.434864762810507,-0.2679884119351197,0.2679884119351197,-0.2679884119351197,0.2679884119351197,0.521245966812149,0.521245966812149,0.0191301962322882,0.0136369675712558,0.9984380165018832,True,True,True,True,LOW_1,LOW_1_direct_poly_rank_3
285,0.5,3.083720300719987,2.417,0.6555920235894309,0.6555920235894309,7.127781251237852,1.621418128885619,7.783373274827283,3.420782268328867,0.6555920235894309,6.080163813567504,1.621418128885619,6.735755837156935,3.935454346104735,-1.0476174376703478,1.0476174376703478,-1.0476174376703478,1.0476174376703478,0.514672077775868,0.514672077775868,0.0488483845052975,0.0376022323346656,0.9933481805225166,True,True,True,True,LOW_1,LOW_1_direct_poly_rank_3
287,0.29,1.7885577744175924,3.214,1.959240530267265,1.959240530267265,3.9894927128527247,2.7955484980786536,5.94873324311999,8.412171305906568,1.959240530267265,4.398582683585313,2.7955484980786536,6.357823213852578,7.605194117102206,0.40908997073258835,0.40908997073258835,0.40908997073258835,0.40908997073258835,-0.8069771888043622,0.8069771888043622,0.0327688710670177,0.0227090416318368,0.9956055778504184,True,True,True,True,LOW_1,LOW_1_direct_poly_rank_3
288,0.44,2.7136738646335887,3.179,1.959240530267265,1.959240530267265,3.8637545585443656,1.8425206010063853,5.822995088811631,5.589277438658442,1.959240530267265,3.771851853408085,1.8425206010063853,5.73109238367535,5.747727566739385,-0.09190270513628063,0.09190270513628063,-0.09190270513628107,0.09190270513628107,0.1584501280809425,0.1584501280809425,0.0087898832791608,0.0058076729165821,0.9996708710074084,True,True,True,True,LOW_1,LOW_1_direct_poly_rank_3
292,0.27,1.6652089623887931,1.816,0.6555920235894309,0.6555920235894309,4.340373544875488,3.002626164602998,4.99596556846492,6.93036783035678,0.6555920235894309,3.9104142479146806,3.002626164602998,4.566006271504111,7.655285452676249,-0.4299592969608077,0.4299592969608077,-0.42995929696080815,0.42995929696080815,0.7249176223194684,0.7249176223194684,0.0235934711731568,0.0177225164383807,0.9965019661846172,True,True,True,True,LOW_1,LOW_1_direct_poly_rank_3
295,1.2,7.400928721727968,0.0307,0.0217962758401608,0.0217962758401608,0.0268208917452208,0.6755908870356747,0.0486171675853816,2.3157906832156443,0.0217962758401608,0.0248956532647031,0.6755908870356747,0.0466919291048639,2.559886260855489,-0.0019252384805177013,0.0019252384805177013,-0.0019252384805176978,0.0019252384805176978,0.24409557763984457,0.24409557763984457,0.0002778184598396,0.0001614833617391,0.9955791656781384,True,True,True,True,LOW_1,LOW_1_direct_poly_rank_3
296,2.0,12.334881202879949,0.131,0.0508579769603752,0.0508579769603752,0.2935284290129898,0.4053545322214048,0.344386405973365,0.9614433155844516,0.0508579769603752,0.285375482309147,0.4053545322214048,0.3362334592695222,0.9868212243554292,-0.008152946703842812,0.008152946703842812,-0.008152946703842812,0.008152946703842812,0.025377908770977564,0.025377908770977564,0.0004394136025755,0.0003311674996665,0.9997483798426328,True,True,True,True,LOW_1,LOW_1_direct_poly_rank_3
297,1.8,11.101393082591954,0.046,0.0145308505601072,0.0145308505601072,0.1222071066849876,0.4503939246904497,0.1367379572450948,0.9937795159488002,0.0145308505601072,0.1138387633219955,0.4503939246904497,0.1283696138821027,1.057382014943859,-0.008368343362992109,0.008368343362992109,-0.008368343362992109,0.008368343362992109,0.06360249899505888,0.06360249899505888,0.0003980792562778,0.0003057268745026,0.998627864845727,True,True,True,True,LOW_1,LOW_1_direct_poly_rank_3
302,0.75,4.625580451079981,0.055,0.0153092991217785,0.0153092991217785,0.1595143577214117,1.080945419257079,0.1748236568431902,2.2969478423570417,0.0153092991217785,0.1665163177192879,1.080945419257079,0.1818256168410664,2.222591220480833,0.0070019599978762,0.0070019599978762,0.0070019599978762,0.0070019599978762,-0.07435662187620862,0.07435662187620862,0.0002729710750098,0.0002147498743184,0.9995913706147196,True,True,True,True,LOW_1,LOW_1_direct_poly_rank_3
303,0.91,5.612370947310377,0.041,0.0153092991217785,0.0153092991217785,0.0951653865132687,0.8908890818052851,0.1104746856350472,2.0818876302589207,0.0153092991217785,0.0994163113227642,0.8908890818052851,0.1147256104445427,2.005001102387978,0.0042509248094955016,0.0042509248094955016,0.0042509248094955016,0.0042509248094955016,-0.07688652787094252,0.07688652787094252,0.000205971857203,0.0001577892916988,0.9994586214138448,True,True,True,True,LOW_1,LOW_1_direct_poly_rank_3
304,1.87,11.533113924692753,0.046,0.0153092991217785,0.0153092991217785,0.1174680513670647,0.4335342590603259,0.1327773504888432,0.9728764088168116,0.0153092991217785,0.1108479780581883,0.4335342590603259,0.1261572771799668,1.0241297921861234,-0.006620073308876401,0.006620073308876401,-0.006620073308876401,0.006620073308876401,0.051253383369311845,0.051253383369311845,0.0003235234661644,0.0002475294597474,0.9990512930638706,True,True,True,True,LOW_1,LOW_1_direct_poly_rank_3
305,2.17,13.383346105124744,0.042,0.0153092991217785,0.0153092991217785,0.0995579974430193,0.373598647208668,0.1148672965647978,0.8653228395367738,0.0153092991217785,0.09765943933179,0.373598647208668,0.1129687384535685,0.8803320137678134,-0.0018985581112292982,0.0018985581112292982,-0.0018985581112292982,0.0018985581112292982,0.015009174231039646,0.015009174231039646,9.600608681596196e-05,7.309006648100971e-05,0.9998906574743568,True,True,True,True,LOW_1,LOW_1_direct_poly_rank_3
311,1.45,8.942788872087963,1.14,0.7935883525311068,0.7935883525311068,1.051107361858608,0.5591096996157306,1.844695714389715,1.879665749713435,0.7935883525311068,1.007818521893992,0.5591096996157306,1.8014068744250986,1.982905600561944,-0.04328883996461608,0.04328883996461608,-0.0432888399646163,0.0432888399646163,0.10323985084850906,0.10323985084850906,0.0055694620040205,0.0033608011995575,0.9987486978455457,True,True,True,True,LOW_1,LOW_1_direct_poly_rank_3
316,1.1,6.784184661583972,1.23,0.5909609098097346,0.5909609098097346,2.195000047586552,0.7370082404025541,2.7859609573962865,1.920963652491806,0.5909609098097346,2.0812869831892176,0.7370082404025541,2.672247892998952,2.030952316143689,-0.1137130643973343,0.1137130643973343,-0.1137130643973343,0.1137130643973343,0.1099886636518832,0.1099886636518832,0.0078417440045971,0.0056340604544638,0.998814317085023,True,True,True,True,LOW_1,LOW_1_direct_poly_rank_3
317,0.75,4.625580451079981,0.94,0.7727950359050375,0.7727950359050375,0.4751593936736535,1.080945419257079,1.247954429578691,4.459377299507828,0.7727950359050375,0.4416556666247802,1.080945419257079,1.2144507025298177,4.97371126766215,-0.03350372704887333,0.03350372704887333,-0.03350372704887339,0.03350372704887339,0.5143339681543218,0.5143339681543218,0.0084982172844441,0.0041094324404921,0.9948261601459522,True,True,True,True,LOW_1,LOW_1_direct_poly_rank_3
321,1.5,9.25116090215996,2.94,0.5553062574145964,0.5553062574145964,10.568278952724356,0.5404727096285398,11.123585210138952,1.04691166819964,0.5553062574145964,8.082273430412375,0.5404727096285398,8.637579687826971,1.311314887106206,-2.486005522311981,2.486005522311981,-2.486005522311981,2.486005522311981,0.26440321890656593,0.26440321890656593,0.1032971147966109,0.0806078516531989,0.9836450143839012,True,True,True,True,LOW_1,LOW_1_direct_poly_rank_3
322,1.7,10.484649022447956,1.47,1.1106125148291928,1.1106125148291928,1.0572811334663703,0.4768876849663586,2.1678936482955633,1.7502458150213789,1.1106125148291928,1.045073312128774,0.4768876849663586,2.155685826957966,1.776514321882054,-0.012207821337596236,0.012207821337596236,-0.012207821337597125,0.012207821337597125,0.026268506860675167,0.026268506860675167,0.0018979670524531,0.0010770994719067,0.9999022619629844,True,True,True,True,LOW_1,LOW_1_direct_poly_rank_3
327,0.1,0.6167440601439975,0.08,0.0796743371481683,0.0796743371481683,0.0008090983306987,8.107090644428094,0.080483435478867,77.68977402204777,0.0796743371481683,0.0229486179981329,8.107090644428094,0.1026229551463012,23.409562185548435,0.0221395196674342,0.0221395196674342,0.0221395196674342,0.0221395196674342,-54.28021183649933,54.28021183649933,0.0062863114358406,0.0027950016387746,0.5457213876602107,True,True,True,True,LOW_1,LOW_1_direct_poly_rank_3
329,1.2,7.400928721727968,0.024,0.0202072594216368,0.0202072594216368,0.010665146237602,0.6755908870356747,0.0308724056592388,2.9023919692701785,0.0202072594216368,0.0093856946681435,0.6755908870356747,0.0295929540897803,3.630140433968234,-0.0012794515694584986,0.0012794515694584986,-0.001279451569458502,0.001279451569458502,0.7277484646980557,0.7277484646980557,0.0004416249094975,0.0001940285356738,0.9783036000424165,True,True,True,True,LOW_1,LOW_1_direct_poly_rank_3
330,1.1,6.784184661583972,0.025,0.0202072594216368,0.0202072594216368,0.0137190748784508,0.7370082404025541,0.0339263343000876,2.9611290302817843,0.0202072594216368,0.0123615610178245,0.7370082404025541,0.0325688204394613,3.4876935237768416,-0.0013575138606262988,0.0013575138606262988,-0.001357513860626304,0.001357513860626304,0.5265644934950573,0.5265644934950573,0.0003435641304164,0.0001661506286908,0.9881799138010746,True,True,True,True,LOW_1,LOW_1_direct_poly_rank_3
331,1.25,7.709300751799968,0.047,0.0398371685740841,0.0398371685740841,0.0200809505252075,0.6485672515542477,0.0599181190992916,2.820311710406355,0.0398371685740841,0.0175906164118219,0.6485672515542477,0.057427784985906,3.5765411230514856,-0.0024903341133856,0.0024903341133856,-0.0024903341133856033,0.0024903341133856033,0.7562294126451308,0.7562294126451308,0.000914976371921,0.0003946383047373,0.9756521161863052,True,True,True,True,LOW_1,LOW_1_direct_poly_rank_3
332,1.2,7.400928721727968,0.05,0.0398371685740841,0.0398371685740841,0.0292663957131568,0.6755908870356747,0.0691035642872409,2.6576864448773354,0.0398371685740841,0.0261567203549161,0.6755908870356747,0.0659938889290002,3.173118187480456,-0.0031096753582407002,0.0031096753582407002,-0.003109675358240707,0.003109675358240707,0.5154317426031207,0.5154317426031207,0.0007510752581167,0.0003685968291689,0.9860364007571668,True,True,True,True,LOW_1,LOW_1_direct_poly_rank_3
333,1.6,9.86790496230396,0.093,0.0796743371481683,0.0796743371481683,0.0371742575975103,0.5066931652767559,0.1168485947456786,2.2486028629786348,0.0796743371481683,0.0320793946183773,0.5066931652767559,0.1117537317665456,2.989691960277127,-0.0050948629791330025,0.0050948629791330025,-0.0050948629791330025,0.0050948629791330025,0.741089097298492,0.741089097298492,0.00215935868976,0.0008936194225538,0.9652437624726752,True,True,True,True,LOW_1,LOW_1_direct_poly_rank_3
334,2.5,15.418601503599936,0.1,0.0796743371481683,0.0796743371481683,0.0585327914263222,0.3242836257771238,0.1382071285744905,1.275689493540873,0.0796743371481683,0.0522985234201959,0.3242836257771238,0.1319728605683642,1.5239578839311907,-0.006234268006126302,0.006234268006126302,-0.006234268006126309,0.006234268006126309,0.24826839039031778,0.24826839039031778,0.0015069966557781,0.0007393708088617,0.9859461585274092,True,True,True,True,LOW_1,LOW_1_direct_poly_rank_3
335,1.8,11.101393082591954,0.233,0.1991858428704208,0.1991858428704208,0.0944249962521731,0.4503939246904497,0.2936108391225939,1.9904398436807709,0.1991858428704208,0.0824197190073963,0.4503939246904497,0.2816055618778171,2.55667968654834,-0.012005277244776805,0.012005277244776805,-0.01200527724477679,0.01200527724477679,0.566239842867569,0.566239842867569,0.0047562883283037,0.0020072002454643,0.9731527408437692,True,True,True,True,LOW_1,LOW_1_direct_poly_rank_3
336,4.0,24.669762405759897,0.251,0.1991858428704208,0.1991858428704208,0.1494580982300445,0.2026772661107024,0.3486439411004653,0.792806515114832,0.1991858428704208,0.1779321154489259,0.2026772661107024,0.3771179583193467,0.6565618842302418,0.028474017218881403,0.028474017218881403,0.028474017218881376,0.028474017218881376,-0.13624463088459027,0.13624463088459027,0.0039436891900667,0.0023202877971181,0.9847752860339924,True,True,True,True,LOW_1,LOW_1_direct_poly_rank_3
337,1.13,6.96920787962717,0.045,0.0153092991217785,0.0153092991217785,0.1129415099906837,0.7174416499493891,0.1282508091124622,1.6219045254507285,0.0153092991217785,0.1099859721521059,0.7174416499493891,0.1252952712738844,1.6598396796837278,-0.0029555378385777986,0.0029555378385777986,-0.0029555378385777986,0.0029555378385777986,0.03793515423299931,0.03793515423299931,0.0001423522719912,0.0001091473974705,0.9998041615624668,True,True,True,True,LOW_1,LOW_1_direct_poly_rank_3
338,1.74,10.731346646505555,0.033,0.0153092991217785,0.0153092991217785,0.0614267591501006,0.4659247496797756,0.0767360582718792,1.1936384711708052,0.0153092991217785,0.0594401626280867,0.4659247496797756,0.0747494617498652,1.2339275595931458,-0.0019865965220139045,0.0019865965220139045,-0.0019865965220139947,0.0019865965220139947,0.04028908842234058,0.04028908842234058,0.0001284635849662,9.35887823289874e-05,0.9995787681633188,True,True,True,True,LOW_1,LOW_1_direct_poly_rank_3
339,2.13,13.136648481067144,0.035,0.0153092991217785,0.0153092991217785,0.0696089127687665,0.3806145842454505,0.084918211890545,0.9488333573269884,0.0153092991217785,0.0688358071886057,0.3806145842454505,0.0841451063103842,0.959101016206898,-0.0007731055801608044,0.0007731055801608044,-0.0007731055801608044,0.0007731055801608044,0.010267658879909658,0.010267658879909658,4.58353994551421e-05,3.396997382767089e-05,0.999955859655719,True,True,True,True,LOW_1,LOW_1_direct_poly_rank_3
340,3.5,21.58604210503991,0.026,0.0153092991217785,0.0153092991217785,0.0343911652377439,0.2316311612693741,0.0497004643595224,0.6801344819537776,0.0153092991217785,0.0408216483824597,0.2316311612693741,0.0561309475042382,0.576752130345533,0.006430483144715796,0.006430483144715796,0.006430483144715803,0.006430483144715803,-0.1033823516082446,0.1033823516082446,0.0004491624049637,0.0003214606398163,0.9880883929578697,True,True,True,True,LOW_1,LOW_1_direct_poly_rank_3
341,1.13,6.96920787962717,0.055,0.0153092991217785,0.0153092991217785,0.1595143577209842,0.7174416499493891,0.1748236568427627,1.524522904222498,0.0153092991217785,0.1485926634403006,0.7174416499493891,0.1639019625620791,1.6170156530138151,-0.010921694280683625,0.010921694280683625,-0.010921694280683597,0.010921694280683597,0.09249274879131719,0.09249274879131719,0.0004744402620967,0.0003687076092077,0.9987655900649268,True,True,True,True,LOW_1,LOW_1_direct_poly_rank_3
342,1.22,7.524277533756768,0.039,0.0153092991217785,0.0153092991217785,0.0864894320112215,0.6645156265924669,0.101798731133,1.5829859963913084,0.0153092991217785,0.0849824531789653,0.6645156265924669,0.1002917523007438,1.6088411495423078,-0.0015069788322562006,0.0015069788322562006,-0.0015069788322562006,0.0015069788322562006,0.0258551531509994,0.0258551531509994,8.112507263006083e-05,6.115326158286857e-05,0.9999020470895292,True,True,True,True,LOW_1,LOW_1_direct_poly_rank_3
343,1.45,8.942788872087963,0.034,0.0153092991217785,0.0153092991217785,0.0654950286258003,0.5591096996157306,0.0808043277475788,1.4123161332544465,0.0153092991217785,0.0636752580995526,0.5591096996157306,0.0789845572213311,1.4523158404416208,-0.0018197705262476965,0.0018197705262476965,-0.0018197705262476965,0.0018197705262476965,0.03999970718717427,0.03999970718717427,0.0001133075406102,8.318423957381629e-05,0.9997033033458828,True,True,True,True,LOW_1,LOW_1_direct_poly_rank_3
344,2.17,13.383346105124744,0.028,0.0153092991217785,0.0153092991217785,0.0418356081902535,0.373598647208668,0.057144907312032,1.0458293131757963,0.0153092991217785,0.0407823670225434,0.373598647208668,0.0560916661443219,1.0753124291576617,-0.0010532411677100992,0.0010532411677100992,-0.0010532411677100992,0.0010532411677100992,0.02948311598186537,0.02948311598186537,8.303449831430863e-05,5.780031747179084e-05,0.9996886915007172,True,True,True,True,LOW_1,LOW_1_direct_poly_rank_3
345,0.6,3.700464360863984,0.062,0.0153092991217785,0.0153092991217785,0.1936315334445874,1.3511817740713494,0.2089408325663659,2.78103428223211,0.0153092991217785,0.2137953359751653,1.3511817740713494,0.2291046350969438,2.5928383153120995,0.020163802530577923,0.020163802530577923,0.020163802530577896,0.020163802530577896,-0.18819596692001062,0.18819596692001062,0.0006919122205997,0.0005509488559679,0.9980945411373184,True,True,True,True,LOW_1,LOW_1_direct_poly_rank_3
346,0.7,4.317208421007981,0.05,0.0153092991217785,0.0153092991217785,0.1358772828198478,1.1581558063468709,0.1511865819416263,2.530764500816095,0.0153092991217785,0.1492277537412694,1.1581558063468709,0.1645370528630479,2.354970483598927,0.013350470921421609,0.013350470921421609,0.013350470921421609,0.013350470921421609,-0.17579401721716792,0.17579401721716792,0.0005300586124848,0.0004161651600533,0.99799364902952,True,True,True,True,LOW_1,LOW_1_direct_poly_rank_3
347,0.9,5.550696541295977,0.034,0.0153092991217785,0.0153092991217785,0.0654950141480271,0.9007878493808994,0.0808043132698056,2.275398701589776,0.0153092991217785,0.0700722435591338,0.9007878493808994,0.0853815426809123,2.138504511163231,0.004577229411106706,0.004577229411106706,0.004577229411106706,0.004577229411106706,-0.13689419042654505,0.13689419042654505,0.0002571695136445,0.0001924322431308,0.9984716106598864,True,True,True,True,LOW_1,LOW_1_direct_poly_rank_3
348,1.8,11.101393082591954,0.027,0.0153092991217785,0.0153092991217785,0.038082793731829,0.4503939246904497,0.0533920928536075,1.2897687725693818,0.0153092991217785,0.036217545995716,0.4503939246904497,0.0515268451174945,1.365739500660609,-0.0018652477361129974,0.0018652477361129974,-0.0018652477361129974,0.0018652477361129974,0.07597072809122718,0.07597072809122718,0.0001605862899075,0.00010923885154,0.9986726556003568,True,True,True,True,LOW_1,LOW_1_direct_poly_rank_3
349,1.13,6.96920787962717,0.043,0.0153092991217785,0.0153092991217785,0.1039855497101338,0.7174416499493891,0.1192948488319123,1.6477168177591195,0.0153092991217785,0.1021067137134921,0.7174416499493891,0.1174160128352706,1.6744717893542889,-0.001878835996641695,0.001878835996641695,-0.001878835996641695,0.001878835996641695,0.026754971595169375,0.026754971595169375,9.308027985315284e-05,7.107979149560386e-05,0.999904222334093,True,True,True,True,LOW_1,LOW_1_direct_poly_rank_3
350,1.37,8.449393623972766,0.041,0.0153092991217785,0.0153092991217785,0.0951653865075495,0.591758441199131,0.110474685629328,1.3828596668882291,0.0153092991217785,0.0914627689313677,0.591758441199131,0.1067720680531462,1.4341273074043492,-0.003702617576181788,0.003702617576181788,-0.003702617576181802,0.003702617576181802,0.051267640516120094,0.051267640516120094,0.0001951808511492,0.0001476284087995,0.9995138618334076,True,True,True,True,LOW_1,LOW_1_direct_poly_rank_3
351,1.67,10.299625804404757,0.032,0.0153092991217785,0.0153092991217785,0.057405854043788,0.4854545296064728,0.0727151531655665,1.2626030593869657,0.0153092991217785,0.0554885895870444,0.4854545296064728,0.0707978887088229,1.3073942426398446,-0.0019172644567436031,0.0019172644567436031,-0.0019172644567435893,0.0019172644567435893,0.0447911832528789,0.0447911832528789,0.0001285559038039,9.2940402054517e-05,0.9995319979749444,True,True,True,True,LOW_1,LOW_1_direct_poly_rank_3
352,2.91,17.947252150190327,0.03,0.0153092991217785,0.0153092991217785,0.0495137718239397,0.2785941802208967,0.0648230709457182,0.7494886652754336,0.0153092991217785,0.0540506747362458,0.2785941802208967,0.0693599738580243,0.6891101566307225,0.004536902912306101,0.004536902912306101,0.004536902912306101,0.004536902912306101,-0.06037850864471106,0.06037850864471106,0.0002864232820405,0.0002096441480253,0.9970982679918255,True,True,True,True,LOW_1,LOW_1_direct_poly_rank_3
353,0.9,5.550696541295977,0.037,0.0153092991217785,0.0153092991217785,0.0779670989319231,0.9007878493808994,0.0932763980537016,2.192227389199339,0.0153092991217785,0.0828657555190023,0.9007878493808994,0.0981750546407808,2.0766349791019154,0.004898656587079192,0.004898656587079192,0.004898656587079206,0.004898656587079206,-0.11559241009742349,0.11559241009742349,0.0002553376800867,0.0001934655284782,0.998854825676364,True,True,True,True,LOW_1,LOW_1_direct_poly_rank_3
354,1.05,6.475812631511974,0.032,0.0153092991217785,0.0153092991217785,0.0574058541682785,0.7721038708979138,0.0727151532900571,2.0081400996379837,0.0153092991217785,0.0589246479000621,0.7721038708979138,0.0742339470218406,1.9576450712017135,0.0015187937317835964,0.0015187937317835964,0.0015187937317834993,0.0015187937317834993,-0.050495028436270184,0.050495028436270184,9.510987535503162e-05,6.974535607381477e-05,0.9997438378821168,True,True,True,True,LOW_1,LOW_1_direct_poly_rank_3
355,1.15,7.09255669165597,0.028,0.0153092991217785,0.0153092991217785,0.0418356081862674,0.7049644038633127,0.0571449073080459,1.9734344433232216,0.0153092991217785,0.0417243702345282,0.7049644038633127,0.0570336693563067,1.9790502275974635,-0.00011123795173920148,0.00011123795173920148,-0.00011123795173920148,0.00011123795173920148,0.0056157842742419195,0.0056157842742419195,8.519247413928654e-06,5.973287870012535e-06,0.9999967230010066,True,True,True,True,LOW_1,LOW_1_direct_poly_rank_3
356,1.4,8.634416842015963,0.024,0.0153092991217785,0.0153092991217785,0.0272042150777216,0.5790779031734354,0.0425135141995001,1.8037445140554815,0.0153092991217785,0.0255084267892165,0.5790779031734354,0.040817725910995,1.9535554130769688,-0.001695788288505102,0.001695788288505102,-0.0016957882885050984,0.0016957882885050984,0.14981089902148725,0.14981089902148725,0.0001847140661032,0.0001174039952981,0.9972998933216806,True,True,True,True,LOW_1,LOW_1_direct_poly_rank_3
357,0.75,4.625580451079981,0.028,0.0153092991217785,0.0153092991217785,0.0418356081843982,1.080945419257079,0.0571449073061767,3.0259328132395527,0.0153092991217785,0.0474166625513577,1.080945419257079,0.0627259616731362,2.6826259226378353,0.0055810543669594995,0.0055810543669594995,0.0055810543669594995,0.0055810543669594995,-0.3433068906017174,0.3433068906017174,0.0003691354402858,0.0002675079856484,0.9938475891066518,True,True,True,True,LOW_1,LOW_1_direct_poly_rank_3
358,1.15,7.09255669165597,0.026,0.0153092991217785,0.0153092991217785,0.0343911653190034,0.7049644038633127,0.0497004644407819,2.0699745048837284,0.0153092991217785,0.0338953913887646,0.7049644038633127,0.0492046905105431,2.103972527251385,-0.0004957739302388006,0.0004957739302388006,-0.0004957739302387937,0.0004957739302387937,0.03399802236765659,0.03399802236765659,4.319203277224616e-05,2.9291661801158828e-05,0.9998898534627394,True,True,True,True,LOW_1,LOW_1_direct_poly_rank_3
359,1.1,6.784184661583972,0.024,0.0153092991217785,0.0153092991217785,0.0272042141314279,0.7370082404025541,0.0425135132532064,2.2956749282231264,0.0153092991217785,0.0265604497223632,0.7370082404025541,0.0418697488441417,2.3616686955816086,-0.0006437644090647003,0.0006437644090647003,-0.0006437644090647038,0.0006437644090647038,0.06599376735848228,0.06599376735848228,6.579475421337387e-05,4.2638906413526234e-05,0.9996574187988436,True,True,True,True,LOW_1,LOW_1_direct_poly_rank_3
360,1.2,7.400928721727968,0.022,0.0153092991217785,0.0153092991217785,0.0203041095024898,0.6755908870356747,0.0356134086242683,2.2704692840433656,0.0153092991217785,0.0189700361147268,0.6755908870356747,0.0342793352365053,2.4827847996005774,-0.0013340733877630004,0.0013340733877630004,-0.0013340733877630004,0.0013340733877630004,0.21231551555721184,0.21231551555721184,0.0001797539991391,0.0001068446419162,0.996502015037468,True,True,True,True,LOW_1,LOW_1_direct_poly_rank_3
