sample_id,sigma_n_MPa,delta_peak_mm,tau_peak_MPa_csds,u_r_mm,tau_r_MPa,tau_peak_estimated,u_r_estimated,tau_r_estimated,a_csds,b_csds,c_csds,d_csds,e_csds,csds_converged,csds_iterations,log_d_csds,sigma_n_x_u_r,sigma_n_x_u_p,sigma_n_x_tau_p,sigma_n_x_tau_r,u_r_x_u_p,u_r_x_tau_p,u_r_x_tau_r,u_p_x_tau_p,u_p_x_tau_r,tau_p_x_tau_r,u_p_div_u_r,u_r_div_u_p,tau_p_div_tau_r,tau_r_div_tau_p,u_r_div_tau_p,u_r_div_tau_r,u_p_div_tau_p,u_p_div_tau_r,tau_p_div_u_r,tau_p_div_u_p,tau_r_div_u_r,tau_r_div_u_p,tau_p_div_sigma_n,tau_r_div_sigma_n,sigma_n_div_tau_p,sigma_n_div_tau_r,sigma_n_div_u_r,sigma_n_div_u_p,log_d_pred,d_pred,e_pred,e_converged,e_iterations,a_from_tau_r,b_from_d_minus_a,c_from_5_over_u_r,e_p_initial,residual_eq_515,residual_eq_518,condition_c_lt_e,Dataset,Model_Label,Model_Family,Selection_Mode,Rank_in_saved_results,Model_Features,estimated_b,true_b
16,24.0,1.61,13.41,10.5,12.8475,0,0,0,12.8475,1.3946189571869354,0.4761904761904761,14.242118957186936,3.178145408783804,True,3,2.656203698086975,252.0,38.64,321.84000000000003,308.34000000000003,16.905,140.805,134.89875,21.590100000000003,20.684475000000003,172.284975,0.1533333333333333,6.521739130434782,1.043782837127846,0.9580536912751678,0.7829977628635346,0.8172796263864565,0.1200596569724086,0.1253162093792566,1.2771428571428571,8.329192546583851,1.2235714285714283,7.979813664596273,0.55875,0.5353125,1.7897091722595078,1.8680677174547575,2.2857142857142856,14.906832298136646,2.939133318620085,18.89945940261134,2.107308586323994,True,5,12.8475,6.051959402611338,0.4761904761904761,1.3485223995097957,-5.3290705182007506e-15,-1.6136768010216578,True,HIGH,HIGH_poly_rank_5,polynomial,log,5,delta_peak_mm + u_p_x_tau_r + tau_r_div_tau_p + tau_r_div_u_p,6.051959402611338,1.3946189571869354
18,24.0,3.07,12.57,10.5,12.4375,0,0,0,12.4375,0.7124450836759753,0.4761904761904761,13.149945083675975,1.9539451798171723,True,6,2.5764175824687396,252.0,73.67999999999999,301.68,298.5,32.235,131.985,130.59375,38.5899,38.183125,156.339375,0.2923809523809523,3.420195439739414,1.0106532663316583,0.9894590294351632,0.8353221957040573,0.8442211055276382,0.2442322991249005,0.2468341708542713,1.197142857142857,4.094462540716613,1.1845238095238095,4.051302931596092,0.52375,0.5182291666666666,1.909307875894988,1.92964824120603,2.2857142857142856,7.817589576547232,3.5900314331552066,36.23521489570943,0.7694461428549464,True,8,12.4375,23.797714895709433,0.4761904761904761,0.4894483436181275,-6.5782934655089775e-12,-1.9698560646037755,True,HIGH,HIGH_poly_rank_5,polynomial,log,5,delta_peak_mm + u_p_x_tau_r + tau_r_div_tau_p + tau_r_div_u_p,23.797714895709433,0.7124450836759753
21,10.0,1.67,7.53,12.0,5.32,0,0,0,5.32,5.617172562155661,0.4166666666666667,10.93717256215566,1.7473164085592403,True,5,2.392167314061267,120.0,16.7,75.3,53.2,20.04,90.36,63.84,12.5751,8.8844,40.0596,0.1391666666666666,7.185628742514971,1.4154135338345863,0.7065073041168659,1.593625498007968,2.255639097744361,0.2217795484727755,0.3139097744360902,0.6275000000000001,4.508982035928144,0.4433333333333333,3.1856287425149703,0.753,0.532,1.3280212483399734,1.8796992481203008,0.8333333333333334,5.9880239520958085,3.0152081359552403,20.393335085132826,1.2605643103689204,True,7,5.32,15.073335085132824,0.4166666666666667,0.8148259196488914,0.0,-2.8219642156630353,True,HIGH,HIGH_poly_rank_5,polynomial,log,5,delta_peak_mm + u_p_x_tau_r + tau_r_div_tau_p + tau_r_div_u_p,15.073335085132825,5.617172562155661
22,30.0,1.67,19.67,12.0,18.994999999999997,0,0,0,18.994999999999997,1.5273740416856256,0.4166666666666667,20.522374041685623,3.2739688179792332,True,3,3.02151570764979,360.0,50.099999999999994,590.1,569.8499999999999,20.04,236.04,227.93999999999997,32.8489,31.721649999999993,373.63165,0.1391666666666666,7.185628742514971,1.0355356672808635,0.9656837824097608,0.6100660904931368,0.6317451961042381,0.0849008642602948,0.0879178731245064,1.6391666666666669,11.778443113772456,1.5829166666666663,11.374251497005988,0.6556666666666667,0.6331666666666665,1.5251652262328417,1.579362990260595,2.5,17.964071856287426,3.394395489653999,29.796635654978015,1.9476915071468024,True,6,18.994999999999997,10.801635654978018,0.4166666666666667,1.2414229710866562,-1.7763568394002505e-15,-3.5590405572879327,True,HIGH,HIGH_poly_rank_5,polynomial,log,5,delta_peak_mm + u_p_x_tau_r + tau_r_div_tau_p + tau_r_div_u_p,10.801635654978018,1.5273740416856256
23,10.0,0.84,8.44,16.0,7.47,0,0,0,7.47,1.3255582927799532,0.3125,8.795558292779953,6.166176834932969,True,6,2.1742468546034988,160.0,8.4,84.39999999999999,74.7,13.44,135.04,119.52,7.089599999999999,6.2748,63.0468,0.0525,19.047619047619047,1.1298527443105757,0.8850710900473934,1.895734597156398,2.14190093708166,0.0995260663507109,0.1124497991967871,0.5275,10.047619047619047,0.466875,8.892857142857142,0.844,0.747,1.1848341232227488,1.3386880856760377,0.625,11.904761904761903,1.991144211615639,7.323909071664365,,False,0,7.47,-0.146090928335635,0.3125,,,,False,HIGH,HIGH_poly_rank_5,polynomial,log,5,delta_peak_mm + u_p_x_tau_r + tau_r_div_tau_p + tau_r_div_u_p,-0.14609092833563508,1.3255582927799532
24,10.0,1.81,7.62,16.0,7.29,0,0,0,7.29,0.6419185077225471,0.3125,7.931918507722547,3.0024433868829834,True,4,2.07089493674226,160.0,18.1,76.2,72.9,28.96,121.92,116.64,13.7922,13.1949,55.5498,0.113125,8.839779005524862,1.045267489711934,0.9566929133858268,2.099737532808399,2.1947873799725652,0.2375328083989501,0.2482853223593964,0.47625,4.209944751381215,0.455625,4.027624309392265,0.762,0.729,1.3123359580052494,1.3717421124828533,0.625,5.524861878453039,2.140540888973442,8.504036124505722,2.5471498850495222,True,5,7.29,1.2140361245057223,0.3125,1.7027842014985088,-2.1401547201094214e-11,-0.2749768849652767,True,HIGH,HIGH_poly_rank_5,polynomial,log,5,delta_peak_mm + u_p_x_tau_r + tau_r_div_tau_p + tau_r_div_u_p,1.2140361245057223,0.6419185077225471
30,20.0,2.17,16.37,3.85,14.955,0,0,0,14.955,60.674147880173095,1.2987012987012987,75.6291478801731,1.6284330431129306,True,6,4.325841762849198,77.0,43.4,327.40000000000003,299.1,8.3545,63.0245,57.57675,35.5229,32.452349999999996,244.81335,0.5636363636363636,1.774193548387097,1.0946171848879973,0.913561392791692,0.2351863164324984,0.2574389836175192,0.1325595601710446,0.1451019725844199,4.251948051948052,7.5437788018433185,3.884415584415585,6.891705069124424,0.8185,0.74775,1.221747098350641,1.3373453694416584,5.194805194805195,9.216589861751151,4.106380588875225,60.72652506601004,1.493341926628058,True,7,14.955,45.77152506601004,1.2987012987012987,0.9515245626957872,-4.440892098500626e-16,1.0587549743060287,True,HIGH,HIGH_poly_rank_5,polynomial,log,5,delta_peak_mm + u_p_x_tau_r + tau_r_div_tau_p + tau_r_div_u_p,45.77152506601004,60.674147880173095
33,20.0,2.26,16.14,4.125,11.3475,0,0,0,11.3475,422.7987490320256,1.2121212121212122,434.1462490320256,1.3091974223177918,True,6,6.0733814566720845,82.5,45.2,322.8,226.95,9.3225,66.5775,46.8084375,36.4764,25.645349999999997,183.14865,0.5478787878787879,1.825221238938053,1.4223397224058163,0.7030669144981413,0.2555762081784387,0.3635161929940515,0.1400247831474597,0.1991628111918924,3.912727272727273,7.141592920353983,2.750909090909091,5.021017699115045,0.807,0.567375,1.2391573729863692,1.7625027539105529,4.848484848484849,8.849557522123895,5.667038175391905,289.1767738657446,1.23983818287907,True,7,11.3475,277.8292738657446,1.2121212121212122,0.7839330117695957,-3.9968028886505635e-15,4.391213001710456,True,HIGH,HIGH_poly_rank_5,polynomial,log,5,delta_peak_mm + u_p_x_tau_r + tau_r_div_tau_p + tau_r_div_u_p,277.8292738657446,422.7987490320256
36,20.0,1.48,14.91,3.625,14.235,0,0,0,14.235,8.232456046268986,1.3793103448275863,22.467456046268985,2.7321098339023515,True,4,3.112067864223519,72.5,29.6,298.2,284.7,5.365,54.04875,51.601875,22.0668,21.0678,212.24385,0.4082758620689655,2.449324324324325,1.047418335089568,0.954728370221328,0.2431254191817572,0.2546540217773094,0.0992622401073105,0.1039690902704601,4.113103448275862,10.074324324324325,3.9268965517241377,9.618243243243242,0.7455,0.71175,1.341381623071764,1.4049877063575695,5.517241379310345,13.513513513513514,3.030556034812161,20.70874417134816,2.590964338066871,True,5,14.235,6.473744171348162,1.3793103448275863,1.6828074289524642,-2.6645352591003757e-15,0.2818910373503738,True,HIGH,HIGH_poly_rank_5,polynomial,log,5,delta_peak_mm + u_p_x_tau_r + tau_r_div_tau_p + tau_r_div_u_p,6.473744171348162,8.232456046268986
39,20.0,0.54,15.9,3.35,14.4675,0,0,0,14.4675,3.852469877296928,1.4925373134328357,18.319969877296927,7.688914610134782,True,7,2.907991714992282,67.0,10.8,318.0,289.34999999999997,1.809,53.265,48.466125,8.586,7.81245,230.03325,0.1611940298507462,6.203703703703703,1.0990150336962157,0.9099056603773584,0.210691823899371,0.2315534819422844,0.0339622641509433,0.0373250388802488,4.746268656716418,29.444444444444443,4.31865671641791,26.791666666666664,0.795,0.723375,1.2578616352201255,1.3824088474166236,5.970149253731343,37.03703703703704,2.9793760614419225,19.67553648826333,6.747979320737956,True,7,14.4675,5.20803648826333,1.4925373134328357,4.353429393417898,0.0,-0.3791785191616874,True,HIGH,HIGH_poly_rank_5,polynomial,log,5,delta_peak_mm + u_p_x_tau_r + tau_r_div_tau_p + tau_r_div_u_p,5.20803648826333,3.852469877296928
42,20.0,0.71,16.28,3.35,14.8375,0,0,0,14.8375,5.373344828404187,1.4925373134328357,20.210844828404188,5.457009220110153,True,6,3.006219333035852,67.0,14.2,325.6,296.75,2.3785,54.538,49.705625000000005,11.5588,10.534625,241.5545,0.2119402985074626,4.71830985915493,1.0972198820556025,0.9113943488943488,0.2057739557739557,0.2257792754844144,0.0436117936117936,0.0478517270429654,4.859701492537313,22.929577464788736,4.42910447761194,20.897887323943664,0.8140000000000001,0.7418750000000001,1.2285012285012284,1.3479359730412803,5.970149253731343,28.169014084507044,3.0018192795687804,20.122111389642008,5.10872350662989,True,7,14.8375,5.2846113896420075,1.4925373134328357,3.2939921530312706,-1.7763568394002505e-15,0.1461301232347764,True,HIGH,HIGH_poly_rank_5,polynomial,log,5,delta_peak_mm + u_p_x_tau_r + tau_r_div_tau_p + tau_r_div_u_p,5.2846113896420075,5.373344828404187
45,20.0,2.87,13.67,4.1,13.42,0,0,0,13.42,16.705556614946417,1.2195121951219514,30.12555661494642,1.6634039681803665,True,6,3.4053738684848187,82.0,57.400000000000006,273.4,268.4,11.767,56.047,55.022,39.2329,38.5154,183.4514,0.7000000000000001,1.4285714285714284,1.018628912071535,0.9817117776152158,0.2999268471104608,0.3055141579731743,0.2099487929773226,0.213859910581222,3.334146341463415,4.7630662020905925,3.2731707317073173,4.67595818815331,0.6835,0.671,1.463057790782736,1.4903129657228018,4.878048780487806,6.968641114982578,3.6798931433337287,39.6421578174124,1.415423854814948,True,7,13.42,26.2221578174124,1.2195121951219514,0.9270123356333156,-1.41886502547095e-13,0.1403997579423027,True,HIGH,HIGH_poly_rank_5,polynomial,log,5,delta_peak_mm + u_p_x_tau_r + tau_r_div_tau_p + tau_r_div_u_p,26.222157817412395,16.705556614946417
48,20.0,2.37,16.38,4.125,14.3675,0,0,0,14.3675,112.7264689844744,1.2121212121212122,127.0939689844744,1.4228254925840296,True,6,4.844926726121303,82.5,47.400000000000006,327.59999999999997,287.35,9.77625,67.5675,59.2659375,38.8206,34.050975,235.33965,0.5745454545454546,1.740506329113924,1.1400730816077953,0.8771367521367521,0.2518315018315018,0.2871063163389594,0.1446886446886447,0.1649556290238385,3.9709090909090903,6.911392405063291,3.483030303030303,6.0622362869198305,0.819,0.718375,1.221001221001221,1.3920306246737428,4.848484848484849,8.438818565400844,4.657398362490185,105.36161255295168,1.305194526300154,True,7,14.3675,90.99411255295168,1.2121212121212122,0.8287210887001597,-2.220446049250313e-15,1.6455950034324014,True,HIGH,HIGH_poly_rank_5,polynomial,log,5,delta_peak_mm + u_p_x_tau_r + tau_r_div_tau_p + tau_r_div_u_p,90.99411255295169,112.7264689844744
50,20.0,4.16,15.04,4.75,14.775,0,0,0,14.775,58.5314735148253,1.0526315789473684,73.3064735148253,1.2144266984360343,True,7,4.294648920338537,95.0,83.2,300.79999999999995,295.5,19.76,71.44,70.18125,62.5664,61.464000000000006,222.216,0.8757894736842106,1.1418269230769231,1.0179357021996616,0.9823803191489362,0.3158244680851064,0.3214890016920473,0.2765957446808511,0.2815566835871404,3.166315789473684,3.615384615384615,3.110526315789474,3.551682692307692,0.752,0.73875,1.3297872340425532,1.353637901861252,4.2105263157894735,4.8076923076923075,4.002552935650341,54.737713669497616,1.1493988497377885,True,8,14.775,39.96271366949762,1.0526315789473684,0.773256027473314,-9.240830323165028e-12,0.2228148083003738,True,HIGH,HIGH_poly_rank_5,polynomial,log,5,delta_peak_mm + u_p_x_tau_r + tau_r_div_tau_p + tau_r_div_u_p,39.96271366949762,58.5314735148253
52,20.0,3.13,15.58,4.466666666666667,14.793333333333337,0,0,0,14.793333333333337,75.02328336156236,1.1194029850746268,89.8166166948957,1.313812712287742,True,7,4.4977699993359845,89.33333333333334,62.599999999999994,311.6,295.86666666666673,13.980666666666666,69.59066666666666,66.0768888888889,48.7654,46.30313333333334,230.48013333333336,0.7007462686567164,1.4270500532481365,1.0531771068048668,0.9495079161317932,0.2866923406076166,0.3019378098242451,0.2008985879332477,0.211581793600721,3.488059701492537,4.977635782747604,3.3119402985074635,4.7263045793397245,0.779,0.7396666666666668,1.2836970474967908,1.3519603424966198,4.477611940298507,6.389776357827476,4.3814639086109,79.9549945790108,1.2095002303474394,True,7,14.793333333333337,65.16166124567746,1.1194029850746268,0.784183857801602,-2.220446049250313e-16,0.6406351766472197,True,HIGH,HIGH_poly_rank_5,polynomial,log,5,delta_peak_mm + u_p_x_tau_r + tau_r_div_tau_p + tau_r_div_u_p,65.16166124567746,75.02328336156236
55,20.0,0.63,16.18,3.85,14.365,0,0,0,14.365,5.024596391351091,1.2987012987012987,19.38959639135109,6.152370825583352,True,6,2.964736653738852,77.0,12.6,323.6,287.3,2.4255,62.293,55.30525,10.1934,9.04995,232.4257,0.1636363636363636,6.111111111111112,1.126348764357814,0.8878244746600742,0.2379480840543881,0.2680125304559694,0.0389369592088998,0.0438565958927949,4.202597402597402,25.682539682539684,3.7311688311688314,22.8015873015873,0.8089999999999999,0.71825,1.236093943139679,1.392272885485555,5.194805194805195,31.746031746031747,3.0255424313949515,20.605178576152763,5.480124656812861,True,7,14.365,6.240178576152763,1.2987012987012987,3.513311341418844,-1.7763568394002505e-15,-0.2858685161270351,True,HIGH,HIGH_poly_rank_5,polynomial,log,5,delta_peak_mm + u_p_x_tau_r + tau_r_div_tau_p + tau_r_div_u_p,6.240178576152763,5.024596391351091
58,20.0,0.94,16.28,3.875,13.935,0,0,0,13.935,11.349260923481204,1.2903225806451613,25.28426092348121,3.405427164282276,True,5,3.230182104264177,77.5,18.799999999999997,325.6,278.7,3.6425,63.08500000000001,53.998125,15.3032,13.0989,226.8618,0.2425806451612903,4.122340425531915,1.168281306063868,0.855958230958231,0.238022113022113,0.2780767850735557,0.0577395577395577,0.0674560459275206,4.201290322580645,17.319148936170215,3.596129032258065,14.824468085106384,0.8140000000000001,0.69675,1.2285012285012284,1.4352350197344814,5.161290322580645,21.27659574468085,3.1708243688505178,23.827118596757437,3.187633992174257,True,5,13.935,9.892118596757436,1.2903225806451613,2.020183414893946,-2.3092638912203256e-14,0.5943379965947546,True,HIGH,HIGH_poly_rank_5,polynomial,log,5,delta_peak_mm + u_p_x_tau_r + tau_r_div_tau_p + tau_r_div_u_p,9.892118596757436,11.349260923481204
61,20.0,2.68,16.95,4.125,15.5375,0,0,0,15.5375,116.71406105996982,1.2121212121212122,132.25156105996982,1.3981039630569712,True,6,4.884705874524848,82.5,53.6,339.0,310.75,11.055,69.91875,64.0921875,45.426,41.6405,263.36062499999997,0.6496969696969698,1.5391791044776115,1.0909090909090908,0.9166666666666666,0.2433628318584071,0.2654867256637168,0.1581120943952802,0.1724859211584875,4.109090909090909,6.324626865671641,3.7666666666666666,5.797574626865671,0.8474999999999999,0.776875,1.1799410029498525,1.2872083668543846,4.848484848484849,7.462686567164178,4.592237540408414,98.71506217390736,1.3030011337499654,True,7,15.5375,83.17756217390736,1.2121212121212122,0.8364015207751101,-1.2723155862204294e-13,1.1872160285138742,True,HIGH,HIGH_poly_rank_5,polynomial,log,5,delta_peak_mm + u_p_x_tau_r + tau_r_div_tau_p + tau_r_div_u_p,83.17756217390736,116.71406105996982
64,20.0,2.73,15.88,4.125,13.97,0,0,0,13.97,220.02903798852773,1.2121212121212122,233.99903798852773,1.3339956390040135,True,6,5.455317004189113,82.5,54.6,317.6,279.40000000000003,11.26125,65.50500000000001,57.626250000000006,43.3524,38.1381,221.8436,0.6618181818181819,1.510989010989011,1.136721546170365,0.8797229219143576,0.2597607052896725,0.2952755905511811,0.1719143576826196,0.1954187544738725,3.84969696969697,5.8168498168498175,3.3866666666666667,5.117216117216118,0.794,0.6985,1.2594458438287153,1.4316392269148177,4.848484848484849,7.326007326007326,4.97324674400997,144.49526574566215,1.265010862323836,True,7,13.97,130.52526574566215,1.2121212121212122,0.8110246651966363,-5.870859354217828e-13,1.7105421634040503,True,HIGH,HIGH_poly_rank_5,polynomial,log,5,delta_peak_mm + u_p_x_tau_r + tau_r_div_tau_p + tau_r_div_u_p,130.52526574566215,220.02903798852773
67,20.0,3.13,14.91,4.533333333333333,14.596666666666666,0,0,0,14.596666666666666,20.35467702287054,1.1029411764705883,34.951343689537204,1.4882877719989878,True,6,3.5539569139933556,90.66666666666666,62.599999999999994,298.2,291.93333333333334,14.189333333333332,67.592,66.17155555555556,46.6683,45.68756666666666,217.6363,0.6904411764705882,1.448349307774228,1.0214660881479791,0.9789850212385424,0.3040465012295998,0.310573190226079,0.209926224010731,0.2144325188399178,3.288970588235294,4.763578274760383,3.2198529411764705,4.663471778487753,0.7455,0.7298333333333333,1.341381623071764,1.3701758392327017,4.411764705882353,6.389776357827476,3.919814543073447,50.391098533169746,1.252956407303774,True,7,14.596666666666666,35.79443186650308,1.1029411764705883,0.8163625129902322,2.220446049250313e-16,0.1775830008991192,True,HIGH,HIGH_poly_rank_5,polynomial,log,5,delta_peak_mm + u_p_x_tau_r + tau_r_div_tau_p + tau_r_div_u_p,35.79443186650308,20.35467702287054
70,20.0,3.12,16.37,4.466666666666667,15.163333333333334,0,0,0,15.163333333333334,137.96164146287623,1.1194029850746268,153.12497479620956,1.2614658876838951,True,7,5.0312544167027955,89.33333333333334,62.400000000000006,327.40000000000003,303.26666666666665,13.936000000000002,73.11933333333334,67.72955555555556,51.0744,47.3096,248.2237666666667,0.6985074626865672,1.4316239316239316,1.079577929215212,0.926287925066178,0.2728568519649765,0.2945702352165311,0.1905925473427,0.2057595075840844,3.664925373134329,5.246794871794872,3.394776119402985,4.860042735042735,0.8185,0.7581666666666667,1.221747098350641,1.3189712024620794,4.477611940298507,6.41025641025641,4.748760393259826,115.44109423718972,1.1819675399235667,True,8,15.163333333333334,100.2777609038564,1.1194029850746268,0.7636939955534988,-4.440892098500626e-16,1.0451795969429332,True,HIGH,HIGH_poly_rank_5,polynomial,log,5,delta_peak_mm + u_p_x_tau_r + tau_r_div_tau_p + tau_r_div_u_p,100.27776090385638,137.96164146287623
73,20.0,1.09,15.19,3.85,13.3025,0,0,0,13.3025,11.821633061680007,1.2987012987012987,25.12413306168001,2.9737453064844868,True,4,3.2238288607761674,77.0,21.8,303.8,266.05,4.1965,58.4815,51.214625000000005,16.557100000000002,14.499725000000002,202.064975,0.2831168831168831,3.532110091743119,1.141890622063522,0.8757406188281764,0.2534562211981567,0.2894192820898327,0.0717577353522054,0.0819394850591994,3.9454545454545458,13.93577981651376,3.455194805194805,12.204128440366972,0.7595,0.665125,1.316655694535879,1.5034767900770531,5.194805194805195,18.34862385321101,3.1140293006707145,22.511567780473168,2.8349352501074474,True,4,13.3025,9.209067780473168,1.2987012987012987,1.7998923201147048,-2.2355450823852152e-12,0.6759275648106797,True,HIGH,HIGH_poly_rank_5,polynomial,log,5,delta_peak_mm + u_p_x_tau_r + tau_r_div_tau_p + tau_r_div_u_p,9.209067780473168,11.821633061680007
76,20.0,4.13,14.9,4.7,13.285,0,0,0,13.285,1213.8760619263403,1.0638297872340423,1227.1610619263406,1.0940505167399543,True,8,7.112458700910083,94.0,82.6,298.0,265.7,19.411,70.03,62.4395,61.537,54.86705,197.9465,0.8787234042553191,1.1380145278450364,1.1215656755739556,0.8916107382550336,0.3154362416107382,0.3537824614226571,0.2771812080536913,0.3108769288671434,3.1702127659574466,3.607748184019371,2.826595744680851,3.2167070217917675,0.745,0.66425,1.342281879194631,1.5054572826496049,4.25531914893617,4.842615012106537,5.761330831983635,317.7709473786343,1.0771926898194448,True,8,13.285,304.48594737863425,1.0638297872340423,0.7157796867573964,-2.1976420683245124e-11,1.5683285781803642,True,HIGH,HIGH_poly_rank_5,polynomial,log,5,delta_peak_mm + u_p_x_tau_r + tau_r_div_tau_p + tau_r_div_u_p,304.48594737863425,1213.8760619263403
79,20.0,3.62,14.62,4.5,13.843333333333334,0,0,0,13.843333333333334,173.78668847200146,1.1111111111111112,187.6300218053348,1.2115644521301927,True,7,5.23447205471382,90.0,72.4,292.4,276.8666666666667,16.29,65.78999999999999,62.295,52.9244,50.11286666666667,202.38953333333333,0.8044444444444445,1.2430939226519335,1.0561040211895014,0.9468764249886,0.3077975376196991,0.325066217192391,0.2476060191518468,0.2614977124969901,3.2488888888888887,4.038674033149171,3.0762962962962965,3.8241252302025783,0.731,0.6921666666666667,1.3679890560875514,1.4447387430772936,4.444444444444445,5.524861878453039,4.603231398371955,99.8063090618545,1.1655784190670149,True,8,13.843333333333334,85.96297572852117,1.1111111111111112,0.7678735884883694,-1.5543122344752194e-15,0.704709022290957,True,HIGH,HIGH_poly_rank_5,polynomial,log,5,delta_peak_mm + u_p_x_tau_r + tau_r_div_tau_p + tau_r_div_u_p,85.96297572852117,173.78668847200146
82,20.0,0.39,14.13,3.9275,12.93,0,0,0,12.93,2.178980729198466,1.273074474856779,15.108980729198466,12.268593789286898,True,9,2.7152893173050714,78.55000000000001,7.800000000000001,282.6,258.6,1.5317250000000002,55.49557500000001,50.782575,5.510700000000001,5.0427,182.7009,0.0992998090388287,10.07051282051282,1.0928074245939676,0.9150743099787684,0.2779547062986553,0.3037509667440062,0.0276008492569002,0.0301624129930394,3.597708465945258,36.23076923076923,3.2921705919796307,33.15384615384615,0.7065,0.6465,1.4154281670205235,1.5467904098994587,5.092297899427116,51.28205128205128,2.861605755258245,17.489588399166347,10.006974044740964,True,9,12.93,4.559588399166348,1.273074474856779,6.515502981827618,-3.552713678800501e-15,-1.2221680142401272,True,HIGH,HIGH_poly_rank_5,polynomial,log,5,delta_peak_mm + u_p_x_tau_r + tau_r_div_tau_p + tau_r_div_u_p,4.559588399166348,2.178980729198466
85,20.0,0.46,15.2,3.86,13.9425,0,0,0,13.9425,2.582793456166362,1.2953367875647668,16.525293456166363,10.00333623780827,True,8,2.8048921438957377,77.2,9.2,304.0,278.85,1.7756,58.672,53.81805,6.992,6.413550000000001,211.926,0.1191709844559585,8.391304347826086,1.0901918594226283,0.9172697368421052,0.2539473684210526,0.2768513537744306,0.0302631578947368,0.0329926483772637,3.937823834196891,33.04347826086956,3.6120466321243527,30.309782608695652,0.76,0.697125,1.3157894736842106,1.4344629729245113,5.181347150259067,43.47826086956522,2.924934416186613,18.633003986369367,8.343357018850034,True,8,13.9425,4.690503986369366,1.2953367875647668,5.41958122291955,-2.490452288839151e-12,-0.926081061201435,True,HIGH,HIGH_poly_rank_5,polynomial,log,5,delta_peak_mm + u_p_x_tau_r + tau_r_div_tau_p + tau_r_div_u_p,4.690503986369366,2.582793456166362
91,20.0,2.56,14.35,4.125,13.695,0,0,0,13.695,33.24347166872315,1.2121212121212122,46.93847166872315,1.5724619149710894,True,6,3.8488376306410697,82.5,51.2,287.0,273.9,10.56,59.19375,56.491875,36.736,35.059200000000004,196.52325,0.6206060606060606,1.611328125,1.0478276743336985,0.9543554006968642,0.2874564459930314,0.3012048192771084,0.178397212543554,0.1869295363271267,3.4787878787878785,5.60546875,3.3200000000000003,5.349609375,0.7175,0.68475,1.3937282229965158,1.460387002555677,4.848484848484849,7.8125,3.856643980923408,47.30632374331386,1.4026601076562604,True,7,13.695,33.61132374331386,1.2121212121212122,0.9032937915831104,-1.9984014443252818e-15,0.4499367306620313,True,HIGH,HIGH_poly_rank_5,polynomial,log,5,delta_peak_mm + u_p_x_tau_r + tau_r_div_tau_p + tau_r_div_u_p,33.61132374331386,33.24347166872315
94,20.0,2.24,16.29,4.125,15.185,0,0,0,15.185,36.934910613682646,1.2121212121212122,52.11991061368265,1.6343524111032697,True,6,3.953547037245248,82.5,44.8,325.79999999999995,303.7,9.24,67.19624999999999,62.638125,36.4896,34.0144,247.36365,0.5430303030303031,1.841517857142857,1.0727691801119523,0.9321669736034378,0.2532228360957643,0.2716496542640764,0.1375076734192756,0.1475139940730984,3.9490909090909088,7.272321428571428,3.681212121212121,6.779017857142857,0.8145,0.75925,1.2277470841006752,1.317089232795522,4.848484848484849,8.928571428571427,3.9908856696645274,54.102785345933654,1.4343381542130789,True,7,15.185,38.91778534593365,1.2121212121212122,0.9132759255928996,2.220446049250313e-16,0.7058846659393772,True,HIGH,HIGH_poly_rank_5,polynomial,log,5,delta_peak_mm + u_p_x_tau_r + tau_r_div_tau_p + tau_r_div_u_p,38.91778534593365,36.934910613682646
97,20.0,0.98,16.9,3.925,13.655,0,0,0,13.655,17.423005323734152,1.2738853503184715,31.07800532373415,2.9328424113361327,True,4,3.4365003446668685,78.5,19.6,338.0,273.09999999999997,3.8465,66.3325,53.59587499999999,16.561999999999998,13.3819,230.76949999999997,0.2496815286624203,4.005102040816326,1.2376418894177956,0.8079881656804734,0.2322485207100592,0.2874404979860857,0.0579881656804733,0.0717685829366532,4.305732484076433,17.24489795918367,3.478980891719745,13.933673469387754,0.845,0.68275,1.183431952662722,1.4646649578908826,5.095541401273886,20.40816326530612,3.351024058093132,28.531937049271313,2.7078662722500204,True,4,13.655,14.876937049271314,1.2738853503184715,1.7119904926221443,8.881784197001252e-16,0.9842468995002118,True,HIGH,HIGH_poly_rank_5,polynomial,log,5,delta_peak_mm + u_p_x_tau_r + tau_r_div_tau_p + tau_r_div_u_p,14.876937049271314,17.423005323734152
100,20.0,1.12,15.69,3.865,14.2025,0,0,0,14.2025,9.330787016774106,1.2936610608020698,23.533287016774107,3.133851414322128,True,4,3.158415887703404,77.30000000000001,22.4,313.8,284.05,4.328800000000001,60.64185,54.89266250000001,17.5728,15.906800000000002,222.837225,0.2897800776196637,3.450892857142857,1.1047350818517865,0.9051943913320588,0.2463352453792224,0.2721351874669953,0.0713830465264499,0.0788593557472276,4.059508408796895,14.00892857142857,3.674644243208279,12.680803571428571,0.7845,0.710125,1.2746972594008923,1.408202781200493,5.174644243208279,17.857142857142854,3.090903869589683,21.996951368340387,2.958600119239752,True,5,14.2025,7.794451368340386,1.2936610608020698,1.888917164698892,0.0,0.4574740183049286,True,HIGH,HIGH_poly_rank_5,polynomial,log,5,delta_peak_mm + u_p_x_tau_r + tau_r_div_tau_p + tau_r_div_u_p,7.794451368340386,9.330787016774106
103,20.0,0.94,15.17,4.6125,14.2325,0,0,0,14.2325,3.230539541690666,1.0840108401084012,17.463039541690666,4.61254903129243,True,5,2.860086621267729,92.25,18.799999999999997,303.4,284.65,4.33575,69.971625,65.64740625,14.259799999999998,13.37855,215.907025,0.2037940379403794,4.906914893617022,1.0658703671175127,0.9382003955174688,0.304054054054054,0.3240822062181626,0.061964403427818,0.0660460214298261,3.288888888888889,16.138297872340427,3.0856368563685637,15.140957446808512,0.7585,0.711625,1.3183915622940012,1.4052344985069385,4.336043360433605,21.27659574468085,2.8646527691714203,17.542960690117212,4.3317419793778535,True,6,14.2325,3.310460690117212,1.0840108401084012,2.838024572888834,-1.2789769243681806e-13,0.0415726509610276,True,HIGH,HIGH_poly_rank_5,polynomial,log,5,delta_peak_mm + u_p_x_tau_r + tau_r_div_tau_p + tau_r_div_u_p,3.3104606901172122,3.230539541690666
106,20.0,6.69,11.06,7.0,11.03,0,0,0,11.03,6.769176332863529,0.7142857142857143,17.799176332863528,0.9707346090728766,True,10,2.8791521827927578,140.0,133.8,221.2,220.6,46.830000000000005,77.42,77.21,73.99140000000001,73.7907,121.9918,0.9557142857142856,1.046337817638266,1.00271985494107,0.9972875226039782,0.6329113924050632,0.6346328195829556,0.604882459312839,0.6065276518585676,1.58,1.6532137518684604,1.5757142857142856,1.6487294469357248,0.553,0.5515,1.8083182640144664,1.8132366273798732,2.857142857142857,2.9895366218236172,2.8776911828001035,17.773190723481754,0.8924367751891845,True,11,11.03,6.743190723481755,0.7142857142857143,0.6253494409323308,-8.881784197001252e-16,0.0186820128817682,True,HIGH,HIGH_poly_rank_5,polynomial,log,5,delta_peak_mm + u_p_x_tau_r + tau_r_div_tau_p + tau_r_div_u_p,6.743190723481755,6.769176332863529
109,20.0,0.47,14.84,3.8575,13.285,0,0,0,13.285,3.275885261750222,1.2961762799740766,16.560885261750222,9.133208341560495,True,8,2.807043605363453,77.15,9.4,296.8,265.7,1.813025,57.2453,51.2468875,6.974799999999999,6.24395,197.1494,0.1218405703175631,8.207446808510639,1.1170493037260067,0.8952156334231806,0.2599393530997304,0.2903650733910425,0.0316711590296495,0.0353782461422657,3.847051198963059,31.574468085106385,3.4439403758911213,28.26595744680851,0.742,0.66425,1.3477088948787062,1.5054572826496049,5.184705119896306,42.5531914893617,2.9552378957677883,19.206291271800495,7.548563589138924,True,8,13.285,5.921291271800495,1.2961762799740766,4.854234423631897,0.0,-1.11200937925973,True,HIGH,HIGH_poly_rank_5,polynomial,log,5,delta_peak_mm + u_p_x_tau_r + tau_r_div_tau_p + tau_r_div_u_p,5.921291271800495,3.275885261750222
112,20.0,0.46,18.37,4.1075,16.2525,0,0,0,16.2525,4.204330792736471,1.217285453438831,20.456830792736472,9.296747223836368,True,8,3.018316850809875,82.15,9.2,367.4,325.05,1.88945,75.454775,66.75714375,8.4502,7.47615,298.55842500000006,0.1119902617163725,8.929347826086955,1.1302876480541455,0.8847305389221557,0.2235982580293957,0.2527303491770497,0.025040827436037,0.0283033379480079,4.472306755934267,39.934782608695656,3.956786366402922,35.33152173913044,0.9185,0.812625,1.0887316276537833,1.2305799107829565,4.869141813755325,43.47826086956522,2.721609471901013,15.204774219159807,,False,0,16.2525,-1.0477257808401923,1.217285453438831,,,,False,HIGH,HIGH_poly_rank_5,polynomial,log,5,delta_peak_mm + u_p_x_tau_r + tau_r_div_tau_p + tau_r_div_u_p,-1.047725780840194,4.204330792736471
115,20.0,3.02,14.29,4.84,13.226666666666668,0,0,0,13.226666666666668,67.62238227774218,1.0330578512396695,80.84904894440885,1.2379494369579531,True,7,4.392583822743154,96.8,60.4,285.79999999999995,264.53333333333336,14.6168,69.16359999999999,64.01706666666668,43.1558,39.94453333333334,189.00906666666668,0.6239669421487604,1.6026490066225163,1.08039314516129,0.925588989969676,0.3386983904828551,0.3659274193548386,0.2113365990202939,0.2283266129032257,2.9524793388429753,4.731788079470198,2.732782369146006,4.379690949227373,0.7144999999999999,0.6613333333333334,1.3995801259622114,1.5120967741935485,4.132231404958678,6.622516556291391,4.538906943332436,93.58844671494036,1.1061463560398648,True,8,13.226666666666668,80.3617800482737,1.0330578512396695,0.7067625630325272,0.0,0.8288245933988411,True,HIGH,HIGH_poly_rank_5,polynomial,log,5,delta_peak_mm + u_p_x_tau_r + tau_r_div_tau_p + tau_r_div_u_p,80.36178004827369,67.62238227774218
118,20.0,0.84,14.83,3.88,12.9825,0,0,0,12.9825,7.331910697776193,1.288659793814433,20.314410697776193,4.123242699657944,True,5,3.0113305207873995,77.6,16.8,296.6,259.65,3.2592,57.5404,50.3721,12.4572,10.9053,192.530475,0.2164948453608247,4.6190476190476195,1.1423069516657038,0.8754214430209035,0.2616318273769386,0.2988638551896784,0.0566419420094403,0.0647024841132293,3.822164948453608,17.654761904761905,3.346005154639175,15.455357142857144,0.7415,0.649125,1.3486176668914365,1.5405353360292702,5.154639175257732,23.80952380952381,2.9552144646627148,19.20584125244388,3.9695665443450574,True,6,12.9825,6.223341252443879,1.288659793814433,2.5358718790964536,-3.552713678800501e-15,0.4236978187718616,True,HIGH,HIGH_poly_rank_5,polynomial,log,5,delta_peak_mm + u_p_x_tau_r + tau_r_div_tau_p + tau_r_div_u_p,6.223341252443879,7.331910697776193
121,20.0,0.58,15.72,3.8475,12.52,0,0,0,12.52,8.509190021060213,1.299545159194282,21.029190021060213,5.626700720273117,True,6,3.045911473569172,76.95,11.6,314.40000000000003,250.4,2.23155,60.4827,48.1707,9.1176,7.2616,196.8144,0.1507472384665367,6.6336206896551735,1.255591054313099,0.7964376590330788,0.2447519083969465,0.3073083067092652,0.0368956743002544,0.0463258785942492,4.085769980506822,27.10344827586207,3.254061078622482,21.58620689655173,0.786,0.626,1.272264631043257,1.597444089456869,5.198180636777128,34.48275862068966,3.029086651109766,20.67833742522522,5.339474872587946,True,7,12.52,8.15833742522522,1.299545159194282,3.390509123918618,1.7763568394002505e-15,0.2950848156152474,True,HIGH,HIGH_poly_rank_5,polynomial,log,5,delta_peak_mm + u_p_x_tau_r + tau_r_div_tau_p + tau_r_div_u_p,8.15833742522522,8.509190021060213
124,20.0,0.72,15.23,3.9025,13.1975,0,0,0,13.1975,6.547895084347095,1.2812299807815504,19.745395084347095,4.922489465268678,True,6,2.982920303874822,78.05,14.4,304.6,263.95,2.8097999999999996,59.435075,51.50324375,10.9656,9.5022,200.997925,0.1844971172325432,5.420138888888889,1.154006440613753,0.8665462902166776,0.2562376887721602,0.2956999431710551,0.0472751149047931,0.0545557870808865,3.9026265214606024,21.15277777777778,3.381806534272902,18.32986111111111,0.7615000000000001,0.659875,1.3131976362442548,1.5154385300246258,5.1249199231262015,27.77777777777778,2.98907248526339,19.867246779025447,4.560555726947801,True,6,13.1975,6.669746779025447,1.2812299807815504,2.9092495893454413,-3.0322411248562275e-12,0.1259608046440181,True,HIGH,HIGH_poly_rank_5,polynomial,log,5,delta_peak_mm + u_p_x_tau_r + tau_r_div_tau_p + tau_r_div_u_p,6.669746779025447,6.547895084347095
127,20.0,2.99,16.39,4.513333333333333,14.923333333333332,0,0,0,14.923333333333332,140.10135047238424,1.1078286558345645,155.0246838057176,1.2549920885699382,True,7,5.043584354599722,90.26666666666664,59.8,327.8,298.46666666666664,13.494866666666663,73.97353333333332,67.35397777777776,49.0061,44.62076666666667,244.5934333333333,0.6624815361890696,1.5094760312151614,1.0982800982800984,0.9105145413870244,0.2753711612772015,0.3024346660710297,0.1824283099450884,0.200357382175564,3.631462333825702,5.481605351170568,3.306499261447563,4.99108138238573,0.8195,0.7461666666666666,1.2202562538133008,1.3401831583649766,4.431314623338258,6.68896321070234,4.880128647430144,131.64759892176838,1.164855052301869,True,7,14.923333333333332,116.72426558843505,1.1078286558345645,0.7475072101431351,4.440892098500626e-16,1.2585030552213683,True,HIGH,HIGH_poly_rank_5,polynomial,log,5,delta_peak_mm + u_p_x_tau_r + tau_r_div_tau_p + tau_r_div_u_p,116.72426558843505,140.10135047238424
130,20.0,2.78,17.18,4.13,15.5675,0,0,0,15.5675,173.2142161184181,1.2106537530266344,188.7817161184181,1.354578535378103,True,6,5.240591406428729,82.6,55.599999999999994,343.6,311.35,11.4814,70.9534,64.293775,47.7604,43.27765,267.44965,0.6731234866828086,1.485611510791367,1.103581178737755,0.906140861466822,0.2403958090803259,0.2652962903484824,0.1618160651920838,0.1785771639633852,4.159806295399516,6.179856115107914,3.7693704600484264,5.599820143884893,0.859,0.778375,1.1641443538998837,1.2847277982977356,4.842615012106537,7.194244604316547,4.819528901994442,123.90670482663155,1.2785882219327802,True,7,15.5675,108.33920482663156,1.2106537530266344,0.8223984934000566,-8.049116928532385e-13,1.413672684331644,True,HIGH,HIGH_poly_rank_5,polynomial,log,5,delta_peak_mm + u_p_x_tau_r + tau_r_div_tau_p + tau_r_div_u_p,108.33920482663156,173.2142161184181
133,20.0,0.58,14.25,3.89,12.71,0,0,0,12.71,3.870375185655917,1.2853470437017995,16.580375185655917,6.937928600833182,True,7,2.808219778260284,77.8,11.6,285.0,254.2,2.2562,55.432500000000005,49.4419,8.264999999999999,7.3718,181.1175,0.1491002570694087,6.706896551724139,1.121164437450826,0.8919298245614036,0.2729824561403509,0.3060582218725413,0.0407017543859649,0.045633359559402,3.663239074550128,24.56896551724138,3.2673521850899743,21.91379310344828,0.7125,0.6355000000000001,1.4035087719298245,1.5735641227380015,5.141388174807198,34.48275862068966,2.925497140716198,18.64349218547903,5.881252572165534,True,7,12.71,5.933492185479029,1.2853470437017995,3.7656619062001377,-1.7763568394002505e-14,-0.6601107470537091,True,HIGH,HIGH_poly_rank_5,polynomial,log,5,delta_peak_mm + u_p_x_tau_r + tau_r_div_tau_p + tau_r_div_u_p,5.933492185479029,3.870375185655917
136,20.0,2.48,15.4,4.18,14.19,0,0,0,14.19,62.34454554337887,1.1961722488038278,76.53454554337887,1.469660738779334,True,6,4.337742214633297,83.6,49.6,308.0,283.8,10.3664,64.372,59.31419999999999,38.192,35.1912,218.526,0.5933014354066986,1.6854838709677418,1.0852713178294575,0.9214285714285714,0.2714285714285714,0.2945736434108527,0.161038961038961,0.1747709654686399,3.68421052631579,6.209677419354839,3.3947368421052633,5.721774193548387,0.77,0.7095,1.2987012987012987,1.4094432699083863,4.784688995215311,8.064516129032258,4.239583569161867,69.37895428617456,1.3317240427913184,True,7,14.19,55.18895428617456,1.1961722488038278,0.8499768912793115,-4.218847493575595e-15,0.9207951999368984,True,HIGH,HIGH_poly_rank_5,polynomial,log,5,delta_peak_mm + u_p_x_tau_r + tau_r_div_tau_p + tau_r_div_u_p,55.188954286174564,62.34454554337887
139,20.0,1.92,17.14,4.2125,16.56,0,0,0,16.56,9.158812659704571,1.1869436201780414,25.71881265970457,2.22655990128023,True,5,3.247222734217688,84.25,38.4,342.8,331.2,8.088000000000001,72.20225,69.759,32.9088,31.7952,283.8384,0.4557863501483679,2.194010416666667,1.035024154589372,0.9661610268378062,0.2457701283547258,0.2543780193236715,0.1120186697782963,0.1159420289855072,4.068842729970326,8.927083333333334,3.931157270029673,8.625,0.857,0.828,1.166861143523921,1.207729468599034,4.747774480712166,10.416666666666668,3.4614563327039516,31.86334637488331,1.7799619415809709,True,6,16.56,15.303346374883311,1.1869436201780414,1.1399009160701046,-1.4077627952246985e-13,0.0579449287693036,True,HIGH,HIGH_poly_rank_5,polynomial,log,5,delta_peak_mm + u_p_x_tau_r + tau_r_div_tau_p + tau_r_div_u_p,15.303346374883311,9.158812659704571
142,20.0,1.79,15.01,4.84,14.9025,0,0,0,14.9025,0.8901040923931092,1.0330578512396695,15.792604092393107,3.4546415460563873,True,3,2.7595417350239027,96.8,35.8,300.2,298.05,8.6636,72.6484,72.1281,26.8679,26.675475,223.686525,0.3698347107438017,2.7039106145251397,1.007213554772689,0.992838107928048,0.3224516988674217,0.3247777218587485,0.1192538307794803,0.1201140748196611,3.1012396694214877,8.385474860335195,3.0790289256198347,8.325418994413408,0.7505,0.745125,1.3324450366422385,1.342056701895655,4.132231404958678,11.1731843575419,2.987519797419133,19.83642308243489,2.2436546379255655,True,5,14.9025,4.933923082434891,1.0330578512396695,1.4669386094334853,1.7763568394002505e-15,-0.3114382494159269,True,HIGH,HIGH_poly_rank_5,polynomial,log,5,delta_peak_mm + u_p_x_tau_r + tau_r_div_tau_p + tau_r_div_u_p,4.933923082434891,0.8901040923931092
145,20.0,3.33,14.77,4.496666666666667,14.159999999999998,0,0,0,14.159999999999998,71.68575820940592,1.111934766493699,85.84575820940591,1.2931877819034847,True,7,4.452552176797305,89.93333333333334,66.6,295.4,283.2,14.973900000000002,66.41576666666667,63.672799999999995,49.1841,47.15279999999999,209.1432,0.7405485544848035,1.3503503503503504,1.043079096045198,0.958700067704807,0.3044459489957121,0.3175612052730697,0.2254570074475287,0.2351694915254237,3.2846553002223864,4.435435435435435,3.148999258710155,4.2522522522522515,0.7384999999999999,0.708,1.3540961408259986,1.4124293785310735,4.447739065974796,6.006006006006006,4.303762435995614,73.97760675547623,1.1981671649212222,True,8,14.159999999999998,59.817606755476234,1.111934766493699,0.7826220205928746,0.0,0.5038545625836337,True,HIGH,HIGH_poly_rank_5,polynomial,log,5,delta_peak_mm + u_p_x_tau_r + tau_r_div_tau_p + tau_r_div_u_p,59.817606755476234,71.68575820940592
148,20.0,2.23,15.49,4.3774999999999995,14.875,0,0,0,14.875,14.10295307840756,1.142204454597373,28.97795307840756,1.8301286904573817,True,5,3.366535302182904,87.54999999999998,44.6,309.8,297.5,9.761824999999998,67.807475,65.11531249999999,34.5427,33.17125,230.41375,0.5094231867504284,1.9630044843049328,1.041344537815126,0.960296965784377,0.2826016785022595,0.2942857142857142,0.143963847643641,0.1499159663865546,3.538549400342662,6.946188340807175,3.3980582524271847,6.670403587443946,0.7745,0.74375,1.291155584247902,1.3445378151260503,4.568817818389492,8.968609865470851,3.6394343109400022,38.070294683711374,1.4808251862682804,True,7,14.875,23.195294683711374,1.142204454597373,0.9451296364209448,0.0,0.1996528345623891,True,HIGH,HIGH_poly_rank_5,polynomial,log,5,delta_peak_mm + u_p_x_tau_r + tau_r_div_tau_p + tau_r_div_u_p,23.195294683711374,14.10295307840756
151,20.0,0.99,15.85,3.6125,14.965,0,0,0,14.965,4.712295648967803,1.384083044982699,19.677295648967803,4.185634509215309,True,5,2.979465465970649,72.25,19.8,317.0,299.3,3.5763749999999996,57.25812499999999,54.0610625,15.6915,14.81535,237.19525,0.2740484429065744,3.648989898989899,1.0591379886401604,0.9441640378548896,0.2279179810725552,0.2413965920481122,0.0624605678233438,0.0661543601737387,4.387543252595155,16.01010101010101,4.142560553633218,15.116161616161616,0.7925,0.74825,1.2618296529968454,1.3364517206815905,5.536332179930796,20.2020202020202,2.913818092456456,18.427020492746863,4.192356664026866,True,6,14.965,3.4620204927468663,1.384083044982699,2.754768088659751,0.0,0.2958549965640991,True,HIGH,HIGH_poly_rank_5,polynomial,log,5,delta_peak_mm + u_p_x_tau_r + tau_r_div_tau_p + tau_r_div_u_p,3.4620204927468627,4.712295648967803
154,20.0,5.1,14.28,31.453947067343865,13.490170336848536,0,1,1,13.490170336848536,2.087839211051561,0.1589625616554528,15.578009547900097,0.9263059984631752,True,8,2.745860275406806,629.0789413468773,102.0,285.59999999999997,269.8034067369707,160.4151300434537,449.1623641216703,424.3191037046862,72.82799999999999,68.79986871792752,192.6396324101971,0.1621418128885619,6.167440601439974,1.0585485315180962,0.9446897994991972,2.2026573576571336,2.3316197113854886,0.3571428571428571,0.3780530469707486,0.4539970760879733,2.8000000000000003,0.4288864067827693,2.6451314385977525,0.714,0.6745085168424267,1.400560224089636,1.48256096851274,0.6358502466218114,3.9215686274509807,4.719691405705226,112.13364352534776,0.3232852367381545,True,11,13.490170336848536,98.6434731884992,0.1589625616554528,0.2252420445498173,-9.270362255620055e-12,-21.499320290576517,True,HIGH,HIGH_poly_rank_5,polynomial,log,5,delta_peak_mm + u_p_x_tau_r + tau_r_div_tau_p + tau_r_div_u_p,98.64347318849923,2.087839211051561
157,20.0,1.32,14.36,3.9,13.5925,0,0,0,13.5925,6.126023681195667,1.2820512820512822,19.718523681195663,3.032176279008363,True,4,2.9815584823353065,78.0,26.4,287.2,271.84999999999997,5.148,56.004,53.010749999999994,18.9552,17.9421,195.18829999999997,0.3384615384615385,2.954545454545454,1.0564649622953834,0.9465529247910864,0.2715877437325905,0.2869229354423395,0.0919220055710306,0.0971123781497149,3.682051282051282,10.878787878787875,3.4852564102564103,10.297348484848484,0.718,0.6796249999999999,1.392757660167131,1.4713996689350746,5.128205128205129,15.15151515151515,2.9069229226688984,18.30040009400745,2.939119085285218,True,4,13.5925,4.707900094007451,1.2820512820512822,1.9120420836220773,-1.220357148667972e-12,0.2788583949979997,True,HIGH,HIGH_poly_rank_5,polynomial,log,5,delta_peak_mm + u_p_x_tau_r + tau_r_div_tau_p + tau_r_div_u_p,4.707900094007451,6.126023681195667
160,20.0,1.07,14.3,3.895,13.0025,0,0,0,13.0025,7.31537030166651,1.2836970474967908,20.31787030166651,3.3651116062820727,True,4,3.011500809228687,77.9,21.4,286.0,260.05,4.16765,55.6985,50.6447375,15.301000000000002,13.912675,185.93575,0.2747111681643132,3.6401869158878504,1.0997885022111134,0.9092657342657342,0.2723776223776223,0.2995577773505095,0.0748251748251748,0.0822918669486637,3.671373555840822,13.36448598130841,3.338254172015404,12.151869158878505,0.7150000000000001,0.650125,1.3986013986013983,1.5381657373582005,5.134788189987163,18.69158878504673,2.9029729275781953,18.22825618133053,3.3469474165308957,True,5,13.0025,5.225756181330526,1.2836970474967908,2.1546975474163785,-9.237055564881302e-13,0.4818112681604249,True,HIGH,HIGH_poly_rank_5,polynomial,log,5,delta_peak_mm + u_p_x_tau_r + tau_r_div_tau_p + tau_r_div_u_p,5.22575618133053,7.31537030166651
163,20.0,0.5,16.89,3.8625,15.2325,0,0,0,15.2325,3.655467066441505,1.2944983818770228,18.887967066441504,8.601598077321363,True,8,2.9385250561583067,77.25,10.0,337.8,304.65,1.93125,65.237625,58.835531249999995,8.445,7.61625,257.276925,0.1294498381877022,7.725,1.1088133924175283,0.9018650088809946,0.2286856127886323,0.2535696701132447,0.0296033155713439,0.0328245527654685,4.3728155339805825,33.78,3.9436893203883496,30.465,0.8445,0.761625,1.1841326228537596,1.312982110618743,5.177993527508091,40.0,2.930616423880858,18.739178214121697,8.382419444694202,True,8,15.2325,3.5066782141216972,1.2944983818770228,5.5164406270651245,-1.6427748050773516e-11,0.1052965410872932,True,HIGH,HIGH_poly_rank_5,polynomial,log,5,delta_peak_mm + u_p_x_tau_r + tau_r_div_tau_p + tau_r_div_u_p,3.5066782141216972,3.655467066441505
166,20.0,0.75,16.87,3.8625,15.795,0,0,0,15.795,3.4935563581594646,1.2944983818770228,19.288556358159465,5.80409010742513,True,6,2.9595119852450873,77.25,15.0,337.40000000000003,315.9,2.8968749999999996,65.160375,61.0081875,12.6525,11.84625,266.46165,0.1941747572815534,5.1499999999999995,1.068059512503957,0.9362774155305276,0.2289567279193834,0.2445394112060778,0.0444576170717249,0.0474833808167141,4.3676375404530745,22.493333333333336,4.089320388349515,21.06,0.8435,0.78975,1.1855364552459988,1.2662234884457106,5.177993527508091,26.666666666666668,2.9815092889189216,19.717553683508665,5.335987952498566,True,7,15.795,3.9225536835086654,1.2944983818770228,3.4869319813234148,-1.0658141036401504e-14,-0.0502535453995109,True,HIGH,HIGH_poly_rank_5,polynomial,log,5,delta_peak_mm + u_p_x_tau_r + tau_r_div_tau_p + tau_r_div_u_p,3.9225536835086654,3.4935563581594646
169,20.0,3.93,16.61,4.553333333333334,16.513333333333332,0,0,0,16.513333333333332,14.198414912137522,1.0980966325036603,30.711748245470854,1.4757256498343354,True,7,3.424645260395781,91.06666666666668,78.60000000000001,332.2,330.26666666666665,17.8946,75.63086666666668,75.19071111111111,65.2773,64.89739999999999,274.2864666666666,0.863103953147877,1.1586089906700594,1.0058538554703271,0.9941802127232592,0.2741320489664861,0.2757367783609205,0.2366044551475015,0.2379895034315705,3.647877013177159,4.226463104325699,3.626647144948755,4.20186598812553,0.8305,0.8256666666666665,1.2040939193257074,1.21114251110214,4.392386530014641,5.089058524173028,3.652441726543617,38.56872544931595,1.2791380338251024,True,8,16.513333333333332,22.055392115982617,1.0980966325036603,0.868240866930577,-1.9984014443252815e-14,0.0549635173829829,True,HIGH,HIGH_poly_rank_5,polynomial,log,5,delta_peak_mm + u_p_x_tau_r + tau_r_div_tau_p + tau_r_div_u_p,22.055392115982617,14.198414912137522
172,20.0,1.88,15.76,4.13,14.8875,0,0,0,14.8875,14.997831291761866,1.2106537530266344,29.885331291761865,2.0220034481788933,True,5,3.3973677677681233,82.6,37.599999999999994,315.2,297.75,7.764399999999999,65.08879999999999,61.485375,29.6288,27.9885,234.627,0.4552058111380145,2.1968085106382977,1.0586062132661629,0.9446383248730964,0.2620558375634518,0.2774139378673383,0.1192893401015228,0.1262804366078925,3.815980629539951,8.382978723404255,3.604721549636804,7.9188829787234045,0.788,0.744375,1.269035532994924,1.343408900083963,4.842615012106537,10.638297872340424,3.510134521812805,33.45276760821786,1.7064498137949178,True,6,14.8875,18.565267608217862,1.2106537530266344,1.0864036133041208,-4.143352327901084e-13,0.3185840054938671,True,HIGH,HIGH_poly_rank_5,polynomial,log,5,delta_peak_mm + u_p_x_tau_r + tau_r_div_tau_p + tau_r_div_u_p,18.565267608217862,14.997831291761866
175,20.0,1.85,17.29,4.1125,16.4125,0,0,0,16.4125,14.29966321375646,1.21580547112462,30.71216321375646,2.100213453400296,True,5,3.4246587720161177,82.25,37.0,345.79999999999995,328.25,7.608125,71.10512499999999,67.49640625,31.9865,30.363125000000004,283.772125,0.4498480243161095,2.222972972972973,1.0534653465346533,0.949248120300752,0.2378542510121457,0.2505712109672505,0.1069982648930017,0.1127189642041127,4.2042553191489365,9.345945945945944,3.990881458966566,8.871621621621623,0.8644999999999999,0.820625,1.156737998843262,1.2185833968012183,4.86322188449848,10.81081081081081,3.565765751951228,35.366525023429105,1.7497642249690677,True,6,16.4125,18.954025023429104,1.21580547112462,1.1148092577475115,-1.0391687510491465e-13,0.2674055779702251,True,HIGH,HIGH_poly_rank_5,polynomial,log,5,delta_peak_mm + u_p_x_tau_r + tau_r_div_tau_p + tau_r_div_u_p,18.954025023429104,14.29966321375646
178,20.0,2.12,13.69,4.1575,12.965,0,0,0,12.965,17.833183532648366,1.2026458208057729,30.79818353264837,1.8070468059221405,True,5,3.427455712027648,83.14999999999999,42.400000000000006,273.8,259.3,8.8139,56.916175,53.9019875,29.0228,27.4858,177.49085,0.5099218280216476,1.9610849056603772,1.0559197840339376,0.9470416362308256,0.3036888239590942,0.3206710374084072,0.1548575602629656,0.1635171615888931,3.292844257366206,6.4575471698113205,3.118460613349369,6.1155660377358485,0.6845,0.64825,1.460920379839299,1.5426147319706904,4.8105832832230915,9.433962264150942,3.486696712254965,32.67782496554365,1.5654039272548834,True,6,12.965,19.71282496554365,1.2026458208057729,0.9995737480774344,4.440892098500626e-16,0.3681724382261637,True,HIGH,HIGH_poly_rank_5,polynomial,log,5,delta_peak_mm + u_p_x_tau_r + tau_r_div_tau_p + tau_r_div_u_p,19.71282496554365,17.833183532648366
181,20.0,0.9,17.84,3.925,14.94,0,0,0,14.94,13.029435602700998,1.2738853503184715,27.969435602700997,3.4621547532157915,True,5,3.3311123283438837,78.5,18.0,356.8,298.8,3.5325,70.02199999999999,58.6395,16.056,13.446,266.5296,0.2292993630573248,4.361111111111111,1.1941097724230254,0.8374439461883408,0.2200112107623318,0.2627175368139223,0.0504484304932735,0.0602409638554216,4.545222929936306,19.822222222222223,3.806369426751592,16.599999999999998,0.892,0.747,1.1210762331838564,1.3386880856760377,5.095541401273886,22.22222222222222,3.3044219319276986,27.23279462873776,3.1709673190303893,True,5,14.94,12.29279462873776,1.2738853503184715,2.005771570538935,-1.1546319456101628e-14,0.5631667910746598,True,HIGH,HIGH_poly_rank_5,polynomial,log,5,delta_peak_mm + u_p_x_tau_r + tau_r_div_tau_p + tau_r_div_u_p,12.292794628737761,13.029435602700998
184,20.0,3.98,15.12,4.75,14.85,0,0,0,14.85,45.661479023586836,1.0526315789473684,60.51147902358684,1.247654255784918,True,7,4.102833082966266,95.0,79.6,302.4,297.0,18.905,71.82,70.5375,60.1776,59.103,224.532,0.8378947368421052,1.1934673366834172,1.018181818181818,0.9821428571428572,0.3141534391534392,0.3198653198653198,0.2632275132275132,0.268013468013468,3.183157894736842,3.798994974874372,3.126315789473684,3.731155778894472,0.756,0.7424999999999999,1.3227513227513228,1.3468013468013469,4.2105263157894735,5.025125628140704,4.020420990503945,55.724560400137854,1.1534885336738594,True,8,14.85,40.87456040013785,1.0526315789473684,0.770555700152683,-6.958877918350481e-13,0.2158397873341762,True,HIGH,HIGH_poly_rank_5,polynomial,log,5,delta_peak_mm + u_p_x_tau_r + tau_r_div_tau_p + tau_r_div_u_p,40.87456040013785,45.661479023586836
187,20.0,0.7,16.09,3.88,11.71,0,0,0,11.71,14.993697153202367,1.288659793814433,26.70369715320237,3.931657649182005,True,5,3.2848020259774886,77.6,14.0,321.8,234.2,2.7159999999999997,62.429199999999994,45.4348,11.263,8.197000000000001,188.4139,0.1804123711340206,5.542857142857143,1.3740392826643892,0.7277812305779988,0.2411435674331883,0.3313407344150298,0.043505282784338,0.0597779675491033,4.146907216494846,22.985714285714288,3.0180412371134024,16.72857142857143,0.8045,0.5855,1.2430080795525171,1.7079419299743808,5.154639175257732,28.571428571428573,3.087367790691566,21.919305774163192,3.997380886782133,True,6,11.71,10.209305774163193,1.288659793814433,2.527431709045339,1.7763568394002505e-15,1.5731158822087616,True,HIGH,HIGH_poly_rank_5,polynomial,log,5,delta_peak_mm + u_p_x_tau_r + tau_r_div_tau_p + tau_r_div_u_p,10.209305774163191,14.993697153202367
190,20.0,2.95,17.57,4.833333333333333,15.660000000000002,0,0,0,15.660000000000002,133.5433516563727,1.0344827586206895,149.2033516563727,1.194201194728314,True,7,5.005310151702148,96.66666666666666,59.0,351.4,313.20000000000005,14.258333333333333,84.92166666666667,75.69,51.831500000000005,46.19700000000001,275.1462,0.610344827586207,1.638418079096045,1.121966794380587,0.8912919749573137,0.2750901157275659,0.3086419753086419,0.1678998292544109,0.1883780332056194,3.635172413793104,5.95593220338983,3.2400000000000007,5.308474576271187,0.8785000000000001,0.7830000000000001,1.1383039271485489,1.2771392081736908,4.137931034482759,6.779661016949152,5.175403030050226,176.86788298551488,1.0807369759683223,True,8,15.660000000000002,161.20788298551489,1.0344827586206895,0.6877036322649923,-2.220446049250313e-16,1.5838099963185377,True,HIGH,HIGH_poly_rank_5,polynomial,log,5,delta_peak_mm + u_p_x_tau_r + tau_r_div_tau_p + tau_r_div_u_p,161.20788298551489,133.5433516563727
193,20.0,0.48,15.79,3.91,12.4225,0,0,0,12.4225,7.40432598861948,1.278772378516624,19.82682598861948,7.151633571136485,True,7,2.9870358686322853,78.2,9.6,315.79999999999995,248.45,1.8768,61.7389,48.571975,7.579199999999999,5.9628,196.15127499999997,0.1227621483375959,8.145833333333334,1.2710807003421212,0.7867321089297024,0.2476250791640279,0.3147514590460857,0.0303989867004433,0.0386395653048903,4.038363171355498,32.895833333333336,3.1771099744245523,25.880208333333332,0.7895,0.6211249999999999,1.266624445851805,1.6099818877037635,5.115089514066496,41.66666666666667,2.974187397278562,19.57371113442108,6.88309103897957,True,7,12.4225,7.151211134421079,1.278772378516624,4.393302174623434,8.881784197001252e-15,0.2158042225618537,True,HIGH,HIGH_poly_rank_5,polynomial,log,5,delta_peak_mm + u_p_x_tau_r + tau_r_div_tau_p + tau_r_div_u_p,7.151211134421082,7.40432598861948
196,20.0,1.09,17.51,3.86,14.9375,0,0,0,14.9375,16.553387035413166,1.2953367875647668,31.490887035413166,2.8169440230151195,True,3,3.4496982035130617,77.2,21.8,350.20000000000005,298.75,4.2074,67.5886,57.65875,19.0859,16.281875,261.555625,0.2823834196891192,3.5412844036697244,1.1722175732217577,0.8530839520274128,0.2204454597372929,0.2584100418410042,0.0622501427755568,0.0729707112970711,4.536269430051814,16.06422018348624,3.869818652849741,13.704128440366972,0.8755000000000001,0.746875,1.1422044545973729,1.338912133891213,5.181347150259067,18.34862385321101,3.401238585554781,30.001236142245528,2.5481195871097566,True,4,14.9375,15.063736142245528,1.2953367875647668,1.6109330122784151,-8.881784197001252e-16,0.76781723441806,True,HIGH,HIGH_poly_rank_5,polynomial,log,5,delta_peak_mm + u_p_x_tau_r + tau_r_div_tau_p + tau_r_div_u_p,15.063736142245528,16.553387035413166
199,20.0,2.66,17.29,4.3725000000000005,16.490000000000002,0,0,0,16.490000000000002,37.39926722177272,1.1435105774728416,53.88926722177272,1.504191322919805,True,6,3.986931334186835,87.45000000000002,53.2,345.79999999999995,329.80000000000007,11.630850000000002,75.600525,72.10252500000001,45.9914,43.863400000000006,285.1121,0.6083476272155517,1.643796992481203,1.048514251061249,0.9537304800462696,0.2528918449971082,0.2651607034566404,0.1538461538461538,0.1613098847786537,3.9542595769010855,6.499999999999999,3.771297884505432,6.199248120300752,0.8644999999999999,0.8245000000000001,1.156737998843262,1.212856276531231,4.574042309891366,7.518796992481203,4.123243325050206,61.75922302293585,1.3119387544593433,True,7,16.490000000000002,45.26922302293585,1.1435105774728416,0.842077051010606,-9.43689570931383e-14,0.5224800941936201,True,HIGH,HIGH_poly_rank_5,polynomial,log,5,delta_peak_mm + u_p_x_tau_r + tau_r_div_tau_p + tau_r_div_u_p,45.26922302293585,37.39926722177272
202,20.0,5.68,13.66,6.0,13.51,0,0,0,13.51,45.684267603740025,0.8333333333333334,59.19426760374002,0.9611956816495174,True,9,4.08082470618363,120.0,113.6,273.2,270.2,34.08,81.96000000000001,81.06,77.58879999999999,76.73679999999999,184.5466,0.9466666666666668,1.0563380281690142,1.0111028867505552,0.9890190336749634,0.4392386530014641,0.4441154700222058,0.4158125915080526,0.4204293116210214,2.276666666666667,2.404929577464789,2.2516666666666665,2.3785211267605635,0.683,0.6755,1.4641288433382138,1.4803849000740192,3.3333333333333335,3.5211267605633805,3.3168996131955812,27.57472557651014,0.9804896867849776,True,10,13.51,14.06472557651014,0.8333333333333334,0.6781572781565094,-4.440892098500626e-16,0.131430222390478,True,HIGH,HIGH_poly_rank_5,polynomial,log,5,delta_peak_mm + u_p_x_tau_r + tau_r_div_tau_p + tau_r_div_u_p,14.06472557651014,45.684267603740025
244,2755.0,2.29,30.401,13.0,2.493,0,0,0,2.493,191.4872115140508,0.3846153846153846,193.9802115140508,0.5794840127037909,True,8,5.267756151355826,35815.0,6308.95,83754.755,6868.214999999999,29.77,395.213,32.409,69.61829,5.70897,75.789693,0.1761538461538461,5.676855895196506,12.194544725230646,0.082003881451268,0.4276175125818229,5.2146008824709185,0.0753264695240288,0.9185720016044926,2.3385384615384615,13.275545851528385,0.1917692307692307,1.0886462882096068,0.0110348457350272,0.0009049001814882,90.62201901253248,1105.0942639390294,211.92307692307693,1203.056768558952,5.124064076462832,168.01681714766778,0.5363965468899379,True,10,2.493,165.52381714766778,0.3846153846153846,0.4465842095949824,-2.220446049250313e-16,8.495602435059663,True,HIGH,HIGH_poly_rank_5,polynomial,log,5,delta_peak_mm + u_p_x_tau_r + tau_r_div_tau_p + tau_r_div_u_p,165.52381714766778,191.4872115140508
258,5512.0,2.09,55.263,15.0,3.813,0,0,0,3.813,190.18212243089908,0.3333333333333333,193.99512243089907,0.7174733228095233,True,8,5.267833016638493,82680.0,11520.08,304609.656,21017.256,31.35,828.9449999999999,57.195,115.49967,7.96917,210.717819,0.1393333333333333,7.177033492822967,14.493312352478362,0.0689973399923999,0.2714293469409912,3.933910306845003,0.0378191556737781,0.5481248360870705,3.6842,26.441626794258376,0.2542,1.8244019138755985,0.0100259433962264,0.0006917634252539,99.74123735591624,1445.5809074219774,367.46666666666664,2637.32057416268,5.316614140641264,203.6930371251175,0.6915754656834732,True,8,3.813,199.88003712511755,0.3333333333333333,0.515316582672873,-8.020073494208191e-11,-0.1379197780156502,True,HIGH,HIGH_poly_rank_5,polynomial,log,5,delta_peak_mm + u_p_x_tau_r + tau_r_div_tau_p + tau_r_div_u_p,199.88003712511752,190.18212243089908
323,2.0,1.7,7.35,10.484649022447956,2.2212250296583855,0,1,1,2.2212250296583855,20.160376750419932,0.4768876849663586,22.381601780078316,1.0379375597762583,True,6,3.1082392722653607,20.96929804489591,3.4,14.7,4.442450059316771,17.823903338161525,77.06217031499247,23.288764835844724,12.495,3.7760825504192552,16.326003967989134,0.1621418128885619,6.167440601439974,3.308984862794562,0.3022074870283517,1.4264828601970008,4.720210191427767,0.2312925170068027,0.765343437653164,0.701024896900547,4.323529411764706,0.2118549724366237,1.3066029586225798,3.675,1.1106125148291928,0.272108843537415,0.90040404429784,0.1907550739865434,1.1764705882352942,3.2195625712211378,25.01717455543009,0.914722922854074,True,8,2.2212250296583855,22.795949525771704,0.4768876849663586,0.6550204670044033,-8.881784197001252e-16,0.2782095925608248,True,HIGH,HIGH_poly_rank_5,polynomial,log,5,delta_peak_mm + u_p_x_tau_r + tau_r_div_tau_p + tau_r_div_u_p,22.795949525771704,20.160376750419932
