,log_e_minus_c_csds,e_csds,e_minus_c_csds,log_d_csds
log_e_minus_c_csds,1.0,0.7488232072289709,0.7347511799255809,-0.12110430824025364
e_csds,0.7488232072289709,1.0,0.9962565176509919,0.10154229266355476
e_minus_c_csds,0.7347511799255809,0.9962565176509919,1.0,0.06964044731957568
c_target,0.5489519472312477,0.5929027009518121,0.5210702678387018,0.35383956583406295
log_tau_peak_MPa_csds,0.17022815498684465,0.26487909616900096,0.23578618134048168,0.9389200514572059
log_tau_r_MPa,0.14960570588157773,0.24509603574071243,0.2121643830319249,0.9200106242425297
log_sigma_n_MPa,0.0510731783892893,0.07692150584519937,0.08180249936768658,0.577325843012144
tau_peak_MPa_csds,0.04494342927931018,0.09630490721338197,0.08498234134639865,0.786471608260409
sigma_n_MPa,-0.06458489492447604,-0.09916364550834403,-0.07953116875013753,0.2434518607391292
tau_r_MPa,-0.07068413341768427,0.035967207079256366,0.02311323361997658,0.7847229307995504
log_d_csds,-0.12110430824025364,0.10154229266355476,0.06964044731957568,1.0
u_r_mm,-0.46256708520496337,-0.32303129023393623,-0.2588384898747084,-0.11403723067602167
d_csds,-0.46516645250267363,-0.11156512604708466,-0.11173459871350998,0.5262381613424387
log_u_r_mm,-0.525193483535718,-0.4604226061749326,-0.3877698518041258,-0.2775062474079891
delta_peak_mm,-0.736692393508844,-0.3358506169867812,-0.3065709506801677,0.214332262928891
log_delta_peak_mm,-0.9271330565146904,-0.7644947570321285,-0.7306685692672124,-0.11445001783611537
