sample_id,PC1,PC2,PC3,PC4,PC5,PC6,PC7,log_e_minus_c_csds,z_pred,z_residual
7,-1.7819169523085974,-0.2667608043881528,-0.8994350834891184,-0.06089098370804231,-0.11453833726629577,-0.2647572835788488,-0.20066066943925706,0.48431354515063785,0.6485414856944275,-0.16422794054378964
8,-1.673350534427411,0.002885956276646524,-1.0961866433707137,0.24602490364214297,-0.18239876503632318,-0.15945549696689998,-0.2412518300226533,0.29363052520784333,0.5201532013617157,-0.2265226761538724
9,-1.5854352318009386,0.15225662095418502,-1.2525767287441403,0.514277103483317,-0.2827002892649219,-0.13344912360365405,-0.24989358338711465,0.4846179014595435,0.7183406744711681,-0.23372277301162464
11,-1.7026913693480488,-0.1173034735871005,-0.9034004080366588,0.40584196386422444,-0.468000026449171,-0.2826924198644951,-0.11325033008135028,0.9462720247769796,1.1611053847364874,-0.2148333599595078
12,-1.6144100214592065,0.25922587664798125,-1.1839902149581516,0.39338038281938076,-0.1541029640473467,-0.02144808830126,-0.29125657875447736,-0.06376772915435422,0.18133628409460856,-0.24510401324896278
13,-1.4805064496436993,0.7149474628657928,-1.4249294980834168,0.7191408622599968,-0.10119713220218851,0.18082298735459623,-0.3868486023732414,-0.16570760823730377,-0.030482930343586498,-0.13522467789371728
15,-1.1273735778901914,0.6423743584829344,0.5136743761720501,0.7244929930648369,-0.9821746129210129,0.16060264275774266,0.06786541389653303,0.6702665023864627,0.5083612482527642,0.1619052541336985
16,1.4022213391995593,0.94522460573446,1.1031269132282415,0.3437804449477807,-1.5621553688968657,-0.2989102695705249,-0.672087954599718,0.9939755601218256,0.8719791330290262,0.12199642709279945
17,-1.1813174520307779,1.3090905062940814,0.320976434644983,0.9510351524563154,-0.6636487099367203,0.11433196037112335,0.04695996230641059,0.10012331976009699,0.07811865326464917,0.022004666495447814
18,0.9433262794348459,1.9447345109770704,0.7234649712244835,0.314186694827166,-1.163923535774835,-0.43555829935841145,-0.46190272519440423,0.39052384368238957,0.13428546295991195,0.2562383807224776
19,-1.8928744697516442,0.6485321887556069,0.6978414879538786,0.6063109650339144,-0.9906288952342448,0.2800412251503687,0.15837462181815148,0.6742239092949024,0.48793823171345474,0.18628567758144765
20,-1.8649512507070032,0.46760022353712694,1.0452661253147626,-0.02058688234452285,-0.5964889457190616,0.2949383197031693,0.10411529600730816,0.185696609168175,0.1464509147884244,0.03924569437975059
21,-0.9414206621645357,0.4943226643209773,1.2618155371366362,-0.037912375992820456,-0.7364986942807229,0.23178984647338083,-0.06825569648052823,0.2856673506816134,0.2588378588719483,0.026829491809665096
22,3.2274911338217835,1.5031265286299844,1.904684124222027,-0.3589364120734059,-2.3080220612641593,-0.9089223724804212,-1.7654593260199813,1.0498778759039376,1.1059383436394674,-0.05606046773552986
23,-0.10365678374898529,0.372598952721281,1.969722643648084,0.9017983645294906,-1.5736737862047379,0.7902425556451471,-0.4863312109588622,1.7670699826005132,1.8894548497768715,-0.12238486717635833
24,-0.6143054830643757,1.3896980584365453,1.6111109658622271,0.9428706302056775,-1.5428003829802295,0.3749346866993361,-0.09215304620789364,0.9895201476238747,1.0660011942498173,-0.07648104662594257
27,-0.907330865943793,-0.17546914175038786,-0.7830139937011836,0.26443296092996427,-0.16717339394236513,-0.10072630058812959,0.0639281303273455,0.5530110362976527,0.7604305269792092,-0.20741949068155652
28,-0.8673234916389266,-1.4305216335454944,-0.1743036909969296,0.10070598674868463,0.15211531577868892,-0.4047012869880773,-0.028688910626501182,3.0016161172217757,2.947368586081047,0.05424753114072889
29,0.7087081240534592,-0.5254331595923634,-0.541628725803159,0.5181570386233728,0.005806679083663363,0.021777671849794917,0.5164097355074094,1.2400999665735735,1.304377247564436,-0.0642772809908625
30,3.9497429894741347,1.5535085590034168,-0.624342120893339,-1.1083924376364322,-0.2209771628662626,-0.171071639504827,0.41731919958934255,-1.1094758508228293,-1.0161587390076805,-0.09331711181514879
31,-1.2604611231706762,-0.7706598142816895,-0.7808442838581553,0.039916072004750655,-0.0302630649134818,-0.437693805387796,0.02332971186135761,1.9818434226035115,1.9441936927866335,0.037649729816878086
32,1.4376828571184699,-1.4238451019823946,0.12017619743158754,1.1869488864251392,0.1541716672099015,0.13620777159667816,0.2700864984174368,2.428665515246472,2.4085277058548504,0.020137809391621353
33,2.5674860314648047,1.0306558702507154,-0.3593656543088767,-1.5199474625346927,0.39345480751509765,0.042504858445052286,0.29928759991459314,-2.33225893682785,-2.937859462952889,0.605600526125039
34,-1.2170509167503347,-0.5044628736012138,-0.9078572827088824,-0.3694554023863821,0.35322270366806385,-0.15962991437373597,-0.026345833595110658,0.4279792397101451,0.30287798452913406,0.12510125518101106
35,0.9926271744218962,-0.8193854798364945,-0.3485418899663198,0.6388172051429889,0.09318081114095773,0.048327601914633346,0.5470595302171052,1.5974907035973078,1.6182212643922262,-0.020730560794918418
36,3.953014460924037,0.837876300558687,-0.30987061975417945,-0.5150008842467835,-0.4403203816606084,-0.22531123546498805,0.5912335398415325,0.30217614092236117,0.29976893533941995,0.0024072055829412187
37,-0.9559288937386187,-1.5163574152871895,-0.09876436612571783,0.05111738893314221,0.162671337661479,-0.43471059190311856,-0.08435301501007142,3.2395512220014395,3.130210556128125,0.1093406658733147
38,1.6604453125327887,-1.9287061292710772,0.5959202376807843,0.94044186714485,0.572003536475693,0.27888254931175893,0.10367358872678073,2.3743375391439097,2.4040199895857777,-0.029682450441868014
39,5.940227164871507,-1.454218903285518,1.5231074468418666,0.6668041450905521,0.08362063404845502,0.14964302711857,-0.12467958757357449,1.823964814293637,1.631855469619432,0.19210934467420504
40,-1.1398192546368977,-0.6841486943077739,-0.8297147226154096,0.00915664646620115,0.0587748728402663,-0.3412845851912409,0.048151173227330854,1.5777984018644102,1.5580990195432725,0.01969938232113777
41,1.3196702515833516,-1.1881484643420746,-0.027302221258468744,0.7660257931711201,0.21468101718198968,0.10884491879233928,0.46631637903355233,1.9069993526616482,1.898957869814896,0.008041482846752324
42,5.519808600969137,-0.732004004660847,0.9973473994977016,0.0903824967668277,-0.18538674213392953,-0.09863100834860476,0.2728553061169195,1.3773726574843284,1.3189611087958337,0.05841154868849463
43,-0.9944837342908238,0.6868062276953545,-2.070680081175928,0.4498299146288134,0.40475853562927067,0.3547256157115356,-0.42294133156732555,-0.2646873608255035,-0.4808564877403467,0.21616912691484325
44,0.09336741947673464,0.8042228271828915,-1.6513745334497965,0.3183329623534604,0.3564689755013638,0.4498682826579429,0.1619153558341096,-0.5617681246820716,-0.5924415996583894,0.030673474976317783
45,3.0020015270039173,2.074315019005478,-1.2055932171416768,-0.6573237344192333,0.018500472932152998,0.15836840417737214,0.2144281247587889,-0.812174500635777,-1.0566298042543785,0.24445530361860146
46,-1.0320259410476564,0.3680210730649663,-1.7418450847456477,0.13789817630696344,0.4445050046643487,0.23623103612079308,-0.2870857781915387,-0.5281485687910724,-0.6758450204638098,0.14769645167273737
47,1.073631288728678,-0.4079278841277124,-0.6902989924998837,0.6533829202677474,0.017168380286193403,0.08052874615490957,0.6865706496647337,1.3892185944942679,1.3313260645012237,0.05789252999304417
48,3.5314433105817824,1.584144408173637,-0.5929748857821602,-1.182622649305194,-0.13656797588197864,-0.15133081989200864,0.2549800352688621,-1.557299642940203,-1.5388892471401217,-0.018410395800081414
49,0.30843510047893974,0.6975134212580502,-1.5097514551348388,0.04849975373354357,0.49468116358779807,0.46716439568922424,0.2880136445278865,-1.0425971228156705,-1.0266237908825788,-0.015973331933091695
50,3.1198448094614437,2.9421510991962356,-1.3716364684112516,-0.9337522989228673,0.27724635344583665,0.22091362749484286,-0.2663583001634169,-1.821424438665181,-1.854822806545984,0.03339836788080297
51,-0.9742053560133097,0.8166864410792886,-2.0247707425321093,0.04457494712749677,0.7697391549770788,0.5807986651428406,-0.4964261708620721,-1.7579514652975532,-1.9173202524053785,0.15936878710782532
52,3.323099624972563,2.249977437097786,-0.9857641907159687,-0.9941504750759389,-0.07807571457529545,-0.027398158285908393,0.007514262794692396,-1.6377873511031098,-1.522957791656596,-0.11482955944651385
53,-1.0014966444895035,0.7907056971043637,-2.0507410368268424,0.4084427555760584,0.45663333788383087,0.4352560744920331,-0.4601800016112741,-0.7184396275850519,-0.8151090391512601,0.09666941156620823
54,1.253391717040411,-1.1658207116457546,-0.09441528170746812,1.0426054968917329,0.0668117168136018,0.07727218789631304,0.39291308694814925,2.21553462116294,2.207011711058449,0.008522910104491022
55,5.171523438682428,-1.1053771027578172,1.3529795205569768,0.3778289450473618,-0.1784685774011858,-0.04004202257083391,-0.28573782369111567,1.5797350223501043,1.6151083221038973,-0.035373299753793
56,-1.226079596122832,-0.4186680027376717,-1.0133077986805255,-0.039153550961282986,0.11767423344192293,-0.22697690264543102,-0.03517279721244772,0.8455516067647435,0.8495277449203511,-0.0039761381556076
57,0.9766909280250262,-0.6183232873291642,-0.47844646847904343,0.3008067472216119,0.2360034244200362,0.09857112230038763,0.6638362718062992,1.0153270689111358,0.9837621767472585,0.031564892163877256
58,4.2882903957951415,-0.254944056370365,0.672699765943602,-0.3708715188643234,-0.34358026709665707,-0.25964168251416064,0.17499368614676772,0.74910425980389,0.7750517133323427,-0.025947453528452735
59,-0.6803933160694311,-1.2123436860133427,-0.38679620488470745,0.8302712545796245,-0.25608298460266327,-0.4221426247383744,-0.0439092152316836,3.3575760456051205,3.3399966685500413,0.01757937705507917
60,0.5385629914635018,1.6106194040175632,-2.114238029892158,-0.02541783930002684,0.9558079716974652,0.944319416463242,0.0014074348127310807,-2.323423185340395,-2.1451235829957236,-0.17829960234467146
61,3.919660423652425,2.001622202322105,-0.7831763242403177,-1.2779523340116696,-0.1585180820732914,-0.15307482740921294,0.1881526081972196,-1.68210134647379,-1.5583912687360217,-0.12371007773776821
62,-0.9533692500921624,0.10263605685352445,-1.4617345787769538,0.07364848366926097,0.34209176639995864,0.10175869584080728,-0.10719493680330641,-0.16131961502360848,-0.2420848797379344,0.08076526471432594
63,0.947627920200202,-0.07412303336487362,-0.9597451372376247,0.5112784547067422,0.0686963499139395,0.1427477362126945,0.6975760187385972,0.958049732114719,0.8745626386046317,0.08348709351008732
64,3.329778068070979,1.866832259710524,-0.847175867431472,-1.2058128890252302,0.07686250930775695,0.011808507658931893,0.20913381445284301,-2.1047640521752737,-2.0344213664023325,-0.07034268577294123
65,-0.9842098694976251,-0.20865748588166566,-1.1462346094456959,-0.343189590798818,0.5182779629206531,0.05326013307055452,-0.020938406273929847,-0.3070292067496939,-0.5300639339460516,0.22303472719635764
66,1.3336598760340812,-1.3261543522811479,0.0701896269730125,0.8871501791330304,0.2223462191744335,0.11963712414546125,0.37286532502998554,2.103504282091175,2.109427355683737,-0.005923073592561945
67,3.1757866309811518,2.2524549725574645,-1.0307226970252716,-0.7978470049456443,-0.14306435448495664,-0.01756308997059777,0.0023568264858894513,-0.9536121015489469,-1.1374142121085111,0.1838021105595642
68,-1.1757823276334358,-0.24045526104270853,-1.1955751222646316,0.18836952014741293,0.030073868087991274,-0.1925145211769299,-0.06004699420580028,0.8563972374169605,0.9016952643592394,-0.04529802694227891
69,0.46188593349251683,0.9643068664750459,-1.6959466139641601,-0.06376485901249078,0.694340063103801,0.6356950330120803,0.25755630541519153,-1.6201333219294116,-1.6005190549027788,-0.019614267026632826
70,3.497815181604022,2.2475606815809557,-0.9020312261390208,-1.172987123499538,-0.07765079263573417,-0.08159458906700802,-0.012293761005231812,-1.9514853433442252,-1.799270749547802,-0.15221459379642321
71,-1.159783290802348,-1.1118330114102253,-0.4133466537995968,0.08644090791029951,-0.061574365321073736,-0.47587039718339746,0.011357249489663171,2.6244610229523113,2.6148175833517957,0.009643439600515613
72,0.9005601662024925,-1.1326770535185562,-0.06519355886785347,0.3234941448383519,0.3442067665469163,0.07528255780017551,0.47681381147754115,1.4952946343915932,1.5070482657100728,-0.011753631318479618
73,3.772256139064162,0.060201869251565454,0.30845629572293304,-0.38767340837868325,-0.376457735457414,-0.24554555995895155,0.33581144905502247,0.5158394382352884,0.5426311040581189,-0.026791665822830435
74,-1.2970879452806139,-0.304425623477505,-1.1351991625679407,0.08565690504105791,0.04227929534967215,-0.23092041311169625,-0.09109358895823412,0.8538384180941392,0.8860162685073651,-0.03217785041322596
75,0.7287508645276451,-0.382002487955838,-0.7789083661782967,0.7959810071896256,-0.10619279745318244,0.01683098689731678,0.5686567221788378,1.6348038006723784,1.5860054556779242,0.048798344994454235
76,2.696683815124728,2.6970297568484867,-1.2876172218023099,-1.1397902727251639,0.5857588751347034,0.34899540857777983,-0.23533584276662065,-3.499227182590651,-3.110645753824331,-0.38858142876632007
77,-1.3558659221934897,-1.2804982179112716,-0.21762084007253651,-0.4141060981520261,0.1789912877000454,-0.47452921429661643,-0.018209351598652616,2.445902365719663,2.3629962505791724,0.0829061151404904
78,0.15127871325656847,0.4259937603720744,-1.3116964234129118,0.10261088438887318,0.34574403885830446,0.31829389084311616,0.30490081891247356,-0.5985326760426795,-0.5682936173234652,-0.030239058719214285
79,2.946405286484631,2.5166562509501875,-1.2617845569264134,-0.9348484500175976,0.2590888876786608,0.22261530564114357,-0.07727819549069277,-2.29806192775583,-2.013982296240224,-0.2840796315156062
80,-1.1520296577019105,-1.7907543509668564,0.24570446435774684,-0.4999911789040216,0.451127503808424,-0.40019696581649317,-0.1699504745878286,3.1798253589344223,3.071283247582418,0.10854211135200442
81,1.399715309792813,-2.0551495690773733,0.6715637013229169,0.9010859411562847,0.6212910340017939,0.2651255060519626,-0.03964294216743773,2.513890056084152,2.6357878196510587,-0.12189776356690674
82,5.532800368776378,-2.3257301907948253,2.107398598221924,1.6656967735902029,0.3358412866983911,0.5317561536933368,-1.0512738624538376,2.3974878547631056,2.2469470971645302,0.15054075759857533
83,-1.3495267422319617,-1.0256683092171135,-0.47591261634664045,-0.1351250506954399,-0.011465081104879331,-0.48900266750975047,0.007576135199713726,2.292257992650373,2.2639859918719747,0.02827200077839853
84,0.5073359237435575,0.9747430411181166,-1.8472681740051489,-0.08164352001706085,0.8279397350789992,0.7229977017635179,0.30635760230317755,-1.6886676271670409,-1.7371434064138456,0.048475779246804684
85,5.664771523377511,-1.8971549714638452,1.8872933909109078,1.2254552231026719,0.11984033848423825,0.3082833769972239,-0.7829854527046458,2.16424208023995,2.0715178088220103,0.09272427141793971
86,-1.0783423174843707,0.8303439833226393,-2.1122993238504275,0.5527078666632121,0.36332875632456935,0.40593913231286455,-0.5172982744026207,-0.2926447539391019,-0.5103336299583656,0.21768887601926373
87,0.2691993705374239,1.0087300609536847,-1.9120471149100955,0.21614795796657502,0.6169739742192016,0.6454104751288642,0.17327978608205868,-0.9972623460300397,-1.0779200725101206,0.08065772648008085
89,-1.4387050734855085,-0.7327173450349788,-0.7339592829637872,-0.1520576981812314,0.005266329296639262,-0.41947572705797775,-0.024869383229355762,1.5828810664681332,1.5903656872444862,-0.007484620776353035
90,0.9309252255413973,-0.6640231128004142,-0.594578567604713,0.9638710478674486,-0.08051541047870493,0.014015880184707424,0.5726398543628742,2.0388795894442238,1.9546693515544513,0.08421023788977244
91,3.133444070181873,1.7967998368358309,-0.9368112232056148,-0.7449264751733015,-0.1308975023182559,0.004567590604275243,0.25745231072004415,-1.0207052982778715,-0.9947500968518135,-0.025955201426058006
92,-0.918509778406323,-1.5022037734902165,-0.09167147443290044,0.3422580516736414,-0.0018676851817945599,-0.43847569127770997,-0.14859538316503512,3.532236057523773,3.3967109331186496,0.13552512440512343
93,1.566753946600293,-1.4566663798720731,0.14281468598797298,1.3313917695636308,0.1297270165333784,0.15718190906162333,0.24702585384722464,2.561614395209624,2.4927916447493406,0.06882275046028363
94,3.8013031363911285,1.59811332059723,-0.5725184464535983,-0.9975395998047143,-0.37186704545687516,-0.2503939727441352,0.26287617445910727,-0.8622022500829074,-0.7956697873227416,-0.06653246276016578
95,-1.285379532943117,-1.5478353374364087,0.03988264226195913,-0.590427548304482,0.36796667523131626,-0.43621143950261654,-0.06613147613883151,2.6832685249120574,2.5855507265634126,0.0977177983486448
96,1.324693343238671,-1.7331759238381388,0.4863415804799366,0.3917317128578845,0.6370176875533757,0.20760592919314735,0.2716310476304118,1.8954180793785411,1.9200000779505728,-0.024581998572031694
97,4.172902441764311,-0.26562238171760916,0.7199413589499448,-0.6115061971539463,-0.24464629656176365,-0.26543195027924993,0.1654638618696239,0.5061891284246839,0.45781519305554463,0.048373935369139254
98,-1.0544490871753538,-1.9311612584614595,0.3942702211232825,-0.6816542470192393,0.6508779551730658,-0.32641294337278814,-0.1778631604885679,2.9926533534771496,2.9681346256383394,0.02451872783881015
99,0.9682494389044425,-1.3563898602580347,0.1373934359550173,0.2570635387125988,0.4726151063967589,0.10803491767955292,0.41505822422335303,1.596343887163216,1.6046931882501339,-0.008349301086917782
100,4.09981343646225,0.18769163104113934,0.3001712371325664,-0.3902112072339761,-0.4924958399588364,-0.30783109113632207,0.3167713546670183,0.6098690192700333,0.6748005863581623,-0.06493156708812897
101,-1.1101507672112272,-1.929003927616359,0.38530894357338563,-0.6595932233632443,0.611508666849895,-0.35332916602908515,-0.19847029492907917,3.134871582766081,3.071775346067163,0.06309623669891806
102,1.356435180009578,-1.528706361185763,0.27533688121296607,0.6304043745306513,0.4392981172356701,0.1670184036330661,0.341054691089949,1.9693428680725353,1.9771157245580355,-0.00777285648550019
103,3.8385505636586044,-0.1405756888581122,0.6708578699360038,0.12588469715730288,-0.7529902737729839,-0.3322149203246564,-0.18886785423594027,1.2608836750317525,1.3534139396239202,-0.09253026459216773
104,-1.4155671217106855,-0.38300401076453344,-1.0464809612985442,-0.05265193792625168,0.06909809756200884,-0.2648020739488725,-0.11409772442270653,0.8219002232751096,0.8390218990508281,-0.017121675775718548
105,0.2194580488112937,-0.8449960121830821,-0.4543646053405533,0.7871300932227442,-0.11333702254658741,-0.11040783937667117,0.3020060535985652,1.9978762793968374,2.1345797428920124,-0.13670346349517493
106,1.163870054181902,3.647864992198242,-1.0838019987248857,0.009622619189279228,0.9917162028461833,0.37780663887440913,-0.69626029900828,-1.3608258748182158,-1.4185076319062764,0.05768175708806056
107,-1.2673825464900599,-1.3735726142449132,-0.1491855906958113,-0.2850043215769285,0.15411334720631029,-0.4772672734004878,-0.043196936497368284,2.7759577180231494,2.6804399991681276,0.0955177188550218
108,1.4871600601055306,-2.073280535216927,0.7086808851622164,0.8150594564090169,0.6830130120357449,0.2864426143809587,0.002346372899461261,2.4192830318624585,2.52153422486397,-0.10225119300151153
109,5.2728948685854045,-1.832642967009915,1.7709994062738497,1.0968118307822143,0.13731382541283413,0.2897063594743675,-0.6752640928180137,2.058860199115877,1.9986349539344093,0.060225245181467546
110,-1.2472474893993462,-1.6287207170460876,0.22536385885919433,-0.452557143126476,0.2874629102023308,-0.38359650715453375,-0.1466638562378151,2.9014764999058578,2.8402171981189444,0.06125930178691341
111,2.194637939041291,-2.2696061135650347,0.9408893579835189,0.9221634218082132,0.8694868739255202,0.44095086501878955,0.04556758311525039,2.3596096352366103,2.3243969589871387,0.03521267624947155
112,6.997296556769333,-2.171839476226798,2.544106880663357,1.0608350159978686,0.1972830761705768,0.27954164946538024,-1.376625809083473,2.0893252577397257,2.248921181498104,-0.15959592375837817
113,-1.2406307897770346,-0.8964878463464238,-0.6232317569283617,0.20777728041217386,-0.18936604220276795,-0.4982115468438539,0.02695911530040267,2.44698765343629,2.4742696428675393,-0.027281989431249265
114,0.6878999759806338,-0.8605208206950339,-0.3306410073445516,0.5041894930186401,0.12471643242360496,0.013993003110756906,0.4698869055384319,1.5162839724129258,1.5809861682811572,-0.06470219586823145
115,2.563878535851719,1.9306993570295081,-0.8107296834077969,-0.7420246905067502,-0.10891083557296402,-0.029676054911237253,-0.038882953729018205,-1.585274289889009,-1.4632612889118215,-0.12201300097718759
116,-0.9565566906653931,-1.9374262573872534,0.3662103149837883,-0.3781539296461394,0.5351717184542273,-0.3310753473427321,-0.23511676215571908,3.3291856212809976,3.27898817252553,0.05019744875546772
117,1.316161338836974,-1.7297948194152508,0.41072274360726446,0.7635109592701781,0.48093324006892946,0.18781197127271254,0.18519429008857802,2.231393255329045,2.288634717413947,-0.05724146208490177
118,3.9314407708936403,-0.4579590289438514,0.6705488003958857,-0.02002037759881643,-0.32117809669308095,-0.16515057593092122,0.14173543948304765,1.0418948031967865,1.0730748314479313,-0.031180028251144742
119,-0.48402492159866645,-2.6772061377436374,0.9914793266506038,-0.09407244278497123,0.9836437053169617,-0.0740462682356351,-0.7328433100900407,4.296926593038415,4.4001207801793205,-0.10319418714090567
120,1.4900407913827864,-2.1742254708867454,0.8121035090648473,0.6467811641418761,0.8165268569699802,0.31482886407475247,-0.0049421233670106654,2.3476331599844196,2.465181685363751,-0.11754852537933136
121,4.573032184707529,-1.4519048013662912,1.484356994717603,0.2593208538865641,0.1646726807951062,0.10727735403823625,-0.3102179919519305,1.4649104118511587,1.4539324629435624,0.010977948907596291
122,-1.3400325938022208,-1.8432770809620016,0.39980382761095584,-1.097754700433685,0.7086781280535049,-0.3528359401178018,-0.12242099612028884,2.5238230551335223,2.4955075661552817,0.028315488978240655
123,1.1001773307075486,-1.7204123203667279,0.4839888441977752,0.044687359119659514,0.7604356878763431,0.1907067736290812,0.32703303315575144,1.6500755766334225,1.6498672222138686,0.00020835441955391332
124,4.295851877671764,-0.8062221436593342,0.9885501396430243,0.15318250642630124,-0.2293932027420347,-0.09690682762566151,-0.05294860823500518,1.292329634021964,1.3227949163816501,-0.03046528235968604
125,-1.1563718628709485,-1.3675780977177332,-0.1792321101304654,0.00859620595964296,0.02886998096427233,-0.48391652388532796,-0.0649133758439311,3.0864547539836704,2.982721945880516,0.10373280810315455
126,1.3627709470254612,-1.3362947911121419,0.071834477238349,1.0021214220576569,0.17619757598007274,0.11899879971215575,0.33951051979038144,2.215549946168177,2.217323169582283,-0.0017732234141059067
127,3.4029817033472582,2.09702837976258,-0.7944142485494515,-1.1696665963485895,-0.11495337185332898,-0.12094626935833618,-0.0033588203518537473,-1.9162115224657499,-1.804714338013766,-0.11149718445198387
128,-1.1961383998501338,-1.3906661255843733,-0.07785171448274097,-0.7053545111178827,0.4647174792013187,-0.3535439209377084,0.021618546450350287,1.9610767620619154,1.8982683101629154,0.06280845189899997
129,1.4988193310317568,-1.3930275692896144,0.21894282200443013,0.3900210316149099,0.5055905163972414,0.18468972617575108,0.5087153061480142,1.6191452022963209,1.545903509570242,0.07324169272607883
130,3.939350743078564,2.075900903575073,-0.8126345432996855,-1.3648342156222277,-0.09329778652466135,-0.12936538323227556,0.1645118637968488,-1.9384644606571644,-1.813459660414907,-0.12500480024225746
131,-1.4610661039070945,-0.8194394668676227,-0.6421979033442226,-0.29627938295600587,0.08289387589471194,-0.4192651158327894,-0.02282428590990012,1.5650440658411895,1.5398928629534934,0.025151202887696122
132,0.6949112218775095,-1.2121603738564444,-0.026442514108986615,0.3895367032482943,0.29721902408221357,0.036137648512557435,0.3648581862994239,1.6914200220012527,1.7625892907994054,-0.07116926879815266
133,4.415490241742206,-1.2380324744010773,1.228272149156629,0.6696930434090146,-0.11833987639662244,0.07349325136490562,-0.2707324291998477,1.7321123535721132,1.725626282750729,0.006486070821384304
134,-1.0789034101252497,-0.5798002971582197,-0.9229891435801396,0.5356148341250863,-0.31181001221108473,-0.42179406461761393,0.06097230685707924,2.1449216481665894,2.270852962518174,-0.12593131435158478
135,1.0901748427712308,-0.9123290617014851,-0.29325628556543515,0.8629056841609347,0.0246983920861813,0.0437604781658963,0.49720027578736037,1.916784358806346,1.9233995483173316,-0.0066151895109856085
136,3.3415476532571797,1.7105515164147285,-0.7521139110609986,-0.9482312393325256,-0.1753568969278759,-0.09754091600892105,0.232076877047141,-1.2964957421902865,-1.208092628631135,-0.08840311355915142
137,-1.0348919048659917,0.8289519874317917,-2.086131746749122,0.3924850146196778,0.49454534395215066,0.46474940818121313,-0.506919687501512,-0.8481256050604908,-0.9446954668107639,0.09656986175027304
138,0.5089242304755397,0.15249938124698909,-1.055776147470325,0.38451766614599375,0.046503191375287245,0.1484136740779427,0.4807409553827449,0.4320105459237915,0.45382475739441025,-0.02181421147061874
139,4.334891273967915,1.4138619988855794,-0.27722020381499013,-0.9017118001366454,-0.7287034416468514,-0.48263291195600405,0.18842912672851,0.038851684591951936,0.02197992924363268,0.016871755348319258
140,-1.5685482120703922,-0.7876414588741341,-0.5872325190644526,-0.7161062095325482,0.35769356201569236,-0.29871191298878064,-0.07902998663408468,0.6806860189800326,0.59049575900824,0.09019025997179253
141,0.29321162939434936,0.5457538437117885,-1.4413451358416722,0.45907860087705854,0.12945885594616455,0.28600083643211205,0.3380575947417056,0.24631468502843695,0.12177853902168079,0.12453614600675617
142,3.305276586675622,1.124656665829684,-0.17237262359353125,-0.3165512014133839,-0.8965135142439231,-0.4452998052567575,0.012200905992007061,0.884421745475382,0.5099035398841496,0.3745182055912324
143,-1.281411831617707,-0.47561129345502445,-1.0162464053968363,0.3867964990809603,-0.26220106323259884,-0.41587130019816354,-0.006705479065949315,1.8230139085544779,1.937495805294187,-0.11448189673970921
144,0.8542525992700734,-0.8980657950831789,-0.316425069971995,0.6828148757146391,0.07804935688347442,0.023301416892184804,0.4797098289115586,1.7324336497922264,1.7812964700278158,-0.04886282023558941
145,3.0522495424745024,2.348696202106034,-1.13176253493873,-0.875996902728478,0.054672355875482616,0.09724461411815678,-0.019771178443033086,-1.7078613486420964,-1.5906673984459199,-0.11719395019617651
146,-0.9989119671587774,-1.0470605915596303,-0.5393159736902814,0.7175987899787208,-0.38434140815463286,-0.5309633369571869,-0.015722075679600996,3.3562218737728173,3.2765608371135437,0.0796610366592736
147,-0.1485511347268769,0.794484286779666,-1.421057575487295,-0.03502420930625705,0.516391177628271,0.4712519806878169,0.030197484953270286,-1.5809709530476217,-1.49832150454053,-0.08264944850709166
148,3.4733044520964067,1.5522918834891895,-0.5493718402259029,-0.7371754125688812,-0.5079319246433043,-0.2787325903807076,0.1704950398040714,-0.37407656940919776,-0.41424386106538114,0.04016729165618338
149,-1.2906640077222804,-1.3057415491778732,-0.19578988513480602,-0.3931533414233689,0.20290148997767232,-0.4543966720014804,-0.014153096848834151,2.444616091589232,2.3758011579076133,0.06881493368161884
150,1.1839130478075088,-1.1755258647590834,-0.02415746236764085,0.5449390073799812,0.29465384432334063,0.10342824249980971,0.4872797714246339,1.696872527337408,1.694868382270656,0.002004145066751839
151,4.730963865550458,0.05435122183218205,0.4034107732414313,-0.21128665843766475,-0.5154980330955623,-0.29307579154816327,0.396833027376227,1.0301733580963455,1.0754460843131282,-0.04527272621678269
152,-1.1424141565917225,0.6648331459724686,-1.9041505245432488,0.14828940910771157,0.5640633193136799,0.4172702414396506,-0.49329898040500353,-1.2577790773373474,-1.3358697408356424,0.07809066349829497
153,0.24784902182349727,0.6041183306626535,-1.486124439748233,0.3645166828385077,0.22643579530389904,0.33847941024299943,0.30142316716285894,-0.12251664422192145,-0.17392384691610924,0.05140720269418779
154,-0.5552933144251775,6.098805439229619,6.007599885065684,1.4190809483275675,-0.6386217625142045,-0.8987971525415852,-0.26623716656177937,-0.26482081145980885,-0.2380480740132327,-0.026772737446576156
155,-1.2523507855189495,-0.05798889133338778,-1.3729427121636841,0.24362869930359374,0.054055388456742695,-0.1269874154573867,-0.1640694645775353,0.5980117184902124,0.625509876424283,-0.02749815793407062
156,0.4973931364589366,-0.1986721839735451,-0.9359075085888675,0.6006076590380675,-0.022734367552514366,0.05082460260153364,0.5373046933846818,1.1609067114677107,1.1632817360105099,-0.0023750245427991423
157,3.571424886446792,0.5361892713641985,-0.09251441103571423,-0.2809882469556037,-0.5390634714073679,-0.2622197262332236,0.40612735463851657,0.5596872122172655,0.5773298652874843,-0.01764265307021884
158,-1.246264878614723,-1.3551903024555843,-0.14338941749856476,-0.3322680018704442,0.18747997450935824,-0.44915703206230717,-0.02899247830790894,2.583099277422246,2.5257033153026827,0.057395962119563215
159,1.3336623164531762,-1.4735480106025705,0.2023233146068998,0.8223648457016096,0.32084313319026936,0.144343491965565,0.31014193158090464,2.120534682735426,2.1430679247364894,-0.022533242001063325
160,3.565457973003253,0.07012359488640249,0.22715878632654318,-0.1629759923477982,-0.45475602793578696,-0.22883936264429192,0.3234223917485991,0.7330477389051834,0.7770865171285697,-0.04403877822338631
161,-0.909236777260903,-1.5108794049798289,-0.08345107717657844,0.34115387517911105,0.006218460627706009,-0.4341539472219918,-0.1510668177941343,3.5305868607858355,3.398799016690525,0.13178784409531064
162,2.1518145194605824,-2.3323289680127144,0.9855119501957182,0.9446236201873578,0.8939063969481187,0.4509026702801659,-0.018699954722662112,2.417383486085322,2.4192021735804428,-0.0018186874951209298
163,6.221032367742843,-1.7710480980550372,1.9948301559152413,0.9019820770027842,0.06118830049211509,0.18585817204155733,-0.8063653249590675,1.9888464365430663,1.9933287885386808,-0.004482351995614531
164,-0.6277144325993311,-1.8272745545170603,0.17426722835701655,0.5800646113353654,0.14684547590506214,-0.32416274123602673,-0.3464331816596357,4.028116210017761,3.8493783212030896,0.17873788881467156
165,2.213152283630307,-2.3353927326068544,0.9666355825401373,1.1362921316989094,0.829697156839412,0.45884669540904527,-0.06356270516263257,2.5393938766489867,2.5277049115710746,0.011688965077912172
166,5.431864347058476,-0.5908839029277535,1.091145805679422,0.1493461267353302,-0.49000250024783837,-0.24956904491828566,-0.13919023385370283,1.50620662293081,1.597923677701456,-0.09171705477064607
167,-1.1869899006277607,-1.1097230771264335,-0.4228685581756902,0.12253580534667669,-0.09906271906218957,-0.49664176784797404,0.003675787485723077,2.7285475480104293,2.701650991162544,0.02689655684788539
168,0.41996331765742256,0.3597356603574864,-1.2597786256223238,0.4009719486869356,0.10097210282737848,0.2222655557460479,0.4276553138978435,0.2680663171589732,0.24005182507323708,0.028014492085736142
169,3.8634003460702524,3.0190924677126447,-1.3005261104208685,-1.1982587030827885,0.05859667528022155,0.040807813056667884,-0.22718433195100482,-0.9738430009189786,-1.643507884209048,0.6696648832900695
170,-1.2224981734473939,-1.0029323566782888,-0.5227295011345867,0.1458027576288768,-0.138298479714634,-0.49939209868080453,0.018866791567193567,2.569258886318414,2.5677015319172867,0.0015573544011271423
171,1.2640280059079279,-1.3666455319177817,0.08224054536874052,0.9595762108305741,0.19870148688520822,0.10971587294089954,0.3159468565538162,2.2176731761289483,2.2409997055229818,-0.023326529394033457
172,3.7343480971260923,1.237655273266523,-0.37346455651747523,-0.742380954000442,-0.5294860175386578,-0.3155536794095269,0.295544554810394,-0.2090561277256828,-0.17764823306602406,-0.031407894659658736
173,-1.2232536372874439,-0.8989780712640361,-0.6064309564664188,0.1097502323458301,-0.11174841987459992,-0.464063205559322,0.03274645264434179,2.2495656403297772,2.285103439203959,-0.035537798874181625
174,1.8142203360286313,-1.7465548378972529,0.42546246666561327,1.2486198472784742,0.3605433312544686,0.2555132758096087,0.1635964625773625,2.504532140857114,2.4555614710913902,0.04897066976572395
175,4.3963488024159005,1.3232670346274544,-0.23365894223135955,-0.9573217002456866,-0.6700855251187874,-0.4668157306807508,0.24169380921773861,-0.12283680439996102,-0.06396776541742777,-0.05886903898253325
176,-1.2190300987321228,0.10948316426334413,-1.5190410876783977,0.2661723530285433,0.1373219569089108,-0.019330212357586068,-0.22894824935029687,0.2734194210673675,0.26905709870472855,0.0043623223626389485
177,0.08884926401732993,0.7955176040186308,-1.6543106996382404,0.4032320815102413,0.28719806118840474,0.42117581285198835,0.16711197053251994,-0.2618920704303029,-0.3748527865400097,0.11296071610970682
178,2.8830066957908334,1.342360681437958,-0.6910992303175874,-0.5257900320085569,-0.29693754435000785,-0.08835747396439547,0.31239745904882643,-0.5035174186769265,-0.501057368316675,-0.002460050360251431
179,-1.227591930144514,-0.3730546735164358,-1.0489106573598828,-0.08219139694191177,0.17010111376564013,-0.18916957946212995,-0.05359774911243361,0.65546425135416,0.6342734054298517,0.02119084592430831
180,0.802108878371481,-0.8456264698892809,-0.1329854872521461,0.6483274348584357,-0.07674444194552608,-0.0028728112820188595,0.31099307257618963,1.602460925287207,1.7122144432947342,-0.10975351800752708
181,4.877019895323816,-0.3672055566975094,0.948038634640033,-0.5126584121544782,-0.34403931518529746,-0.31948518259785574,0.015136621003847429,0.7831110044469528,0.8173264945235732,-0.03421549007662039
182,-1.3497487107515125,-0.9064756054092014,-0.6106904080361638,-0.010578572679321432,-0.08466090178785385,-0.4952447023417722,0.011713885729886084,2.240402894982028,2.2289237241564486,0.011479170825579477
183,0.06389425273929676,1.0823031535539716,-1.7116691232865084,0.3400675148856325,0.3869695034639903,0.5321635401221547,0.03265027690294692,-0.794125097102062,-0.8350488848233676,0.04092378772130556
184,3.142497541821647,2.826900415103203,-1.2906327479332915,-0.9198079912941786,0.17428770376924446,0.15399738495532816,-0.23093836573036425,-1.6346394357051064,-1.725609647491056,0.09097021178594966
185,-1.167396771496725,-1.667384540352793,0.13831712018227557,-0.49286807017781137,0.39970998147212156,-0.4083462401240358,-0.11030603533198688,2.9292770458051596,2.8447299122761347,0.08454713352902488
186,1.3332097391141253,-1.7968670803865368,0.48510656604389363,0.6756187246653284,0.5556996696215974,0.20722028181199348,0.17086741162184685,2.1887825893027877,2.2509381782293874,-0.06215558892659967
187,3.915497257183913,-1.1356569475102878,1.2170079514697645,-0.30622530289874744,0.19004721844018813,0.0008668602921277934,-0.05425946626515726,0.9719138241831441,0.8798104871996144,0.09210333698352968
188,-1.0991746832097498,0.6173516794406834,-1.8595794641226973,0.5212675206047289,0.21114676135259697,0.2581505813803566,-0.3803883692484105,-0.17257458501268447,-0.20791256020434593,0.03533797519166146
189,0.010561514926804615,1.742832152970685,-1.888475880944534,0.12217884990453061,0.8538384078980933,0.8507322683071742,-0.2849793761958493,-2.49284838887718,-2.1170987271044552,-0.37574966177272495
190,3.5405655171169697,2.0455973573225052,-0.5259999030902882,-1.3088516890862487,-0.3098541377256929,-0.32372858709703567,-0.15576419273367423,-1.8343427882974594,-1.8325677513237975,-0.001775036973661992
191,-0.9474970150079733,-1.9115570381654423,0.3522958862263488,-0.28736221953019214,0.47573358172406377,-0.33127549515140403,-0.24761669286436577,3.3751238225018434,3.322578349492886,0.05254547300895718
192,0.8021302728025708,-2.07737340692299,0.7193667805365495,-0.0866525408736936,0.9710231322786673,0.20097062764903226,0.11508314797950898,1.9809925579604528,2.105091685330061,-0.12409912736960815
193,4.9745803262108845,-1.9856492248625948,1.920717385948322,0.6308413031688285,0.4059671617753798,0.31019878224796543,-0.6823835180508662,1.7703419414270656,1.8000755682544798,-0.029733626827414206
194,-1.2059887219643233,-0.38303333798950073,-1.0433643499697345,-0.05484177090943464,0.15244603558535932,-0.1970239112608982,-0.04034161967921898,0.7237882918383902,0.711595324817023,0.012192967021367185
195,1.0328669286204986,-1.0275011833796934,-0.09820368371765786,0.08666247688595434,0.4514077615016642,0.1182830185239498,0.5988213579692956,1.11029648692552,1.0374870433376728,0.07280944358784724
196,4.606119454988297,0.07386928854091013,0.568940091610956,-0.7151921339385268,-0.41332393156424263,-0.36970905309706686,0.23554700921416408,0.419767167956958,0.44488849304256456,-0.02512132508560655
197,-1.1050810789000234,-1.381298890826389,-0.07454082491127449,0.15161744017795364,-0.05759082836992211,-0.43395437581157653,-0.10958427682124418,3.13972932090561,3.0422198288091282,0.09750949209648185
198,0.9085767367475049,-1.2456740782111253,0.1861879366794529,0.7347312256332176,0.06307948907055229,0.05142525410309923,0.14741873212413914,1.9418309275855834,2.0653753346196417,-0.12354440703405833
199,4.076373092470219,2.0509658347485336,-0.6648953759015306,-1.1770766732965638,-0.4431141153897515,-0.32860799798472506,0.052420036550247774,-1.0197620735704793,-0.9955656425854864,-0.02419643098499291
200,-1.150972294000963,0.6703886963872909,-1.9482894631702692,0.33217913385108644,0.42403668259909083,0.35754659720270227,-0.486502675270681,-0.7792235616319558,-0.8290921072902178,0.04986854565826193
201,-2.309260191847815,4.448262767017406,4.56788430630472,1.8538214621648228,-0.14578550941134036,0.1301426928593733,0.612346369509309,-0.33071149132913213,-0.3170518136527136,-0.013659677676418513
202,2.1720122482843274,3.461263581818909,-1.2566328259272106,-0.5454889737729569,0.6259534334982281,0.2865506906748305,-0.6524023901051401,-2.0568009975038772,-1.8852424501736176,-0.17155854733025966
203,-2.2540889498858876,3.9303046395228245,2.2064174417537843,1.1452117440462066,2.0102799691127546,-0.48440184608909626,-0.004413920937487812,-3.361329304746439,-3.8453888358093327,0.48405953106289346
204,-2.1478017649744907,4.7112273561998075,2.327925428726628,1.5016277050206486,2.572859891291313,-0.7177972120089385,-0.04230357810462546,-3.773599681119782,-3.599036536017195,-0.17456314510258686
205,-2.0382905873378654,4.081437995616909,2.0959747248606413,1.40534822661509,1.8313638634930347,-0.512715935003357,0.021411994026461097,-2.9451959740624045,-2.8239007530522136,-0.12129522101019097
206,-1.9295939807702842,3.890530715362776,2.0262937598834716,1.3598259677198408,1.560125421799934,-0.45642330316720003,0.042825722778044445,-2.6461259517696707,-2.533112933149127,-0.1130130186205438
207,-2.1464025550489128,6.846016511993759,3.8227453663891504,2.4275934188017483,3.965657105085296,-1.7974734207086307,0.15749719540395213,-4.07463090471671,-4.072512761785529,-0.0021181429311818434
209,-1.6561311779821137,-0.14542483288639219,-0.8949564370991235,0.8250679605932032,-0.8716953772357899,-0.4182467103728096,0.009405624949025254,1.9548143251957932,1.9549746876150875,-0.00016036241929429096
210,-1.6529008436636337,-0.04907893165608272,-0.9470361282889639,0.718101179783613,-0.704524335063522,-0.32346077063233986,-0.058886630314419354,1.4118593179299592,1.5501854744809833,-0.1383261565510241
211,-1.927171906070282,-0.41912735313878796,-0.5172883923668616,-0.24462028495996305,-0.2122943098345735,-0.29673259221526505,-0.10888230483943268,0.703335409354935,0.8143934039347498,-0.1110579945798148
212,-1.6521923057444974,-0.10735531423423826,-0.8267895326231112,0.9132704758143012,-0.9743313967010409,-0.3949699053337316,0.041132473276683644,2.0845127850339837,1.942685879386529,0.14182690564745482
213,-1.7163560835095062,-0.16967429235482454,-0.7376977760321798,0.6608332260386562,-0.8166679936532387,-0.366487255327437,0.012904161376648389,1.6931897146598653,1.7026177550930839,-0.009428040433218543
214,-1.6898410345392127,-0.04418761434038,-0.8198160424986268,0.6451255080522021,-0.6996226818095949,-0.284149458437606,-0.044995777015479854,1.256006983486099,1.376695983155837,-0.120688999669738
215,-1.8051213591941937,-0.17729166032362662,-0.6484994385661259,0.20941031053263587,-0.44789822563216286,-0.25032323819193497,-0.08251189075016356,0.7994674113280658,0.9528178663373799,-0.1533504550093141
216,-1.5956666747580686,0.2792318410498651,-0.9529406099891025,0.875608723635114,-0.678949707655505,-0.137968572281588,-0.09942559639956318,1.0118869978097909,1.055136200654379,-0.04324920284458811
217,-1.6601022041826852,0.13984455239946297,-0.8282033008657219,0.6954669418600787,-0.6457057728338,-0.1730339643473104,-0.07890752801833055,0.8925637765215366,1.0256076839897252,-0.13304390746818862
218,-1.6771339673985826,0.07658693645342908,-0.7816748653065454,0.6646414244723431,-0.6724103294429373,-0.20105715640326724,-0.05869014305000395,0.9885851453394738,1.1089752489946332,-0.12039010365515934
219,-1.643087809736359,0.2669615391460031,-0.8862311824799015,0.5977760768907286,-0.4552915352189882,-0.07392185555469234,-0.15051184525423825,0.3782881151700069,0.5806376524922667,-0.20234953732225985
220,-1.7501720104890088,-0.32533921095299323,-0.8351953228992658,0.2442784869242559,-0.4363684988565205,-0.3918185090993989,-0.0853344876775686,1.2771050197677356,1.4552015826382536,-0.178096562870518
221,-1.6862202569561127,-0.1326505419929646,-1.0002279974960648,0.3310080919435612,-0.35701045525686775,-0.2811970721441614,-0.15527410948020215,0.8432818506354804,1.072941725480734,-0.22965987484525363
222,-1.6141611508536493,0.21765231879607044,-1.1100413331114203,0.5409194821549925,-0.337730537325454,-0.09295722069321538,-0.21950596320177032,0.35221357024762373,0.5915331959888738,-0.23931962574125004
223,-1.3462356851332842,1.3157255968053845,-1.7474828534756204,0.8392374270383067,0.2729608252568172,0.5112330925016026,-0.5983455751755639,-0.1595364146926888,-0.6173014728064216,0.45776505811373275
224,-1.5713068554143774,0.054821065768584434,-1.1138035620271673,0.9133232854562099,-0.7485863789215146,-0.31473768324123325,-0.07769678569292658,1.650389239212367,1.6804130267532382,-0.030023787540871316
225,-1.5224359807312273,0.33555157641496386,-1.3065204231309588,0.8021159025794389,-0.4290268315569826,-0.08895607342679034,-0.234271664890529,0.780600651974438,0.8855388107032243,-0.10493815872878631
226,-1.5195912423793383,0.31295799171866295,-1.296967096890798,0.848400981331258,-0.48557792114108744,-0.11812327512628253,-0.21309113056863216,0.9655591966013914,1.024468728880531,-0.05890953227913953
227,-1.4686112293543956,0.46145831950929644,-1.41948582089194,0.9199146458701728,-0.4233693414325885,-0.036444229474457045,-0.26600782920345556,1.0952504639409617,0.8863852525706649,0.2088652113702968
228,-1.7432105570201275,-0.2360660588815582,-0.893906523470856,0.15986968487257777,-0.29839321446306816,-0.3028503186899851,-0.1461569435354662,0.8162076442738474,1.020142742120155,-0.2039350978463076
229,-1.5722703974420806,0.08215203975033854,-1.0755526442696983,0.9250240022554629,-0.764822928093241,-0.29197751354915125,-0.07045443450949032,1.606687042811821,1.6121171441952378,-0.005430101383416819
230,-1.5221861258368075,0.3079903939137756,-1.2384249178125069,0.9150256264268248,-0.5728107123973839,-0.13920302742675075,-0.17636133511466157,1.175977040040698,1.142659426315822,0.03331761372487585
234,-1.3580956660245298,0.2072570659293898,-1.2912912434997834,0.6508488369074702,-0.31546280033319535,-0.09827559318805927,-0.17715367949135452,0.6645536981816699,0.8526308013050389,-0.188077103123369
235,-1.1172777939170264,0.6712615259266613,-1.6327390743838575,0.5956792518622526,0.0698446298057748,0.2434510177410188,-0.3184921034768137,-0.2204056427866387,-0.14795529787112857,-0.07245034491551014
236,-0.9351526788284606,1.357626209920725,-1.9779064688218109,0.5523346751396268,0.5514942188315656,0.6779881981025373,-0.5494177299647568,-1.2868271660876796,-1.2504973009097442,-0.03632986517793535
238,-1.357847314900995,0.2914298875711118,-1.326529232202247,0.443367256991099,-0.08760974061154264,0.021221912795389077,-0.24703299390843927,0.009583631689257832,0.2202599095728485,-0.21067627788359067
239,-1.1623936946850457,0.970673659890894,-1.7207864747611175,0.6250237575743547,0.21627245108777612,0.40620008409723,-0.44702892859997484,-0.6567545902564785,-0.5976714444369716,-0.05908314581950691
240,-1.106213365279613,0.8775240628863709,-1.745768474869811,0.25587405793033313,0.49416222331736087,0.4857554493750641,-0.465137500515795,-1.5590736678950508,-1.4075289718231183,-0.15154469607193244
241,-0.8861755773969082,1.3461837105570982,-1.9438698719714214,0.4558789006405838,0.6086809798075711,0.6941598542230226,-0.5256380790940283,-1.6500905278667464,-1.472002489676804,-0.17808803818994234
242,-2.292140243599498,0.30039044663952646,1.186456521347989,-0.2242767340732464,-0.7510562949532601,0.3952609214223037,0.16376153491363848,0.6665664177751015,0.6635543360307814,0.0030120817443201053
243,-1.9574080907331484,0.8223722663611632,1.0248427218241412,0.3969246204350159,-0.7609916839925384,0.3222299776034058,0.15377538675426156,0.20670432814689102,0.16369573897610454,0.04300858917078648
244,-1.0569343562391538,-0.4027086948357052,2.835069418640597,-2.4163588647353342,1.1590202994128969,0.5084775621943661,-0.07886200694815536,-1.635429649568371,-1.5196653388368062,-0.11576431073156468
245,-1.4190633397119374,1.8366241987793845,1.3016814005705613,0.3475247493182593,0.02690034396532334,0.04572954880029951,0.02064805107613487,-1.321774081705955,-1.4323430164343507,0.1105689347283958
246,-2.5900294278540645,-0.573555882077817,1.616351330028248,-1.3583289072818716,-0.5906144915974006,0.5264303924803259,0.13330601195921618,2.405263215929928,2.340742502888217,0.06452071304171092
247,-2.1397066886511773,-0.27672455239787686,1.4000907484269864,-0.5085218025521815,-0.8272886467974998,0.5419310516097962,0.09146857141771814,1.8633323948085723,1.7250359118350678,0.1382964829735045
248,-1.9248799950201587,0.15493674882837447,1.2729352272317667,-0.13313084734410371,-0.8353118801305205,0.4565605226313814,0.11218294738599949,0.9789411744166534,0.9655668360471221,0.01337433836953128
249,-1.373059292411124,0.24829062047716585,1.2647810454826467,0.25211458106354423,-1.014294107681106,0.45963814116229,0.02037176164072567,1.09502568457601,1.0034341959607074,0.09159148861530264
250,-2.437861085660657,-0.643987392869634,1.9382868140419849,-1.1395482861498047,-0.7822594142679611,0.8838584758226817,0.03752599672499592,4.021133192172586,3.357005333814473,0.6641278583581132
251,-2.119369839263962,0.1463991453782141,1.4826480427125863,-0.08893754350893837,-1.1589869794657865,0.708497942437021,0.16184130735831917,1.736019837262966,1.7668912919347464,-0.03087145467178032
252,-1.6959699931760193,0.15859000836364354,1.5913104318124178,0.12584519284419513,-1.1353758229509001,0.7346662664936695,0.049004008848889447,1.5648802824036285,1.6664091757635897,-0.10152889335996118
253,-1.5774551681051472,1.139220784961302,1.4830847554068007,0.5057781964458462,-0.916057615503796,0.39783921029729136,0.1368414377701597,0.2535763668502872,0.35056260445615206,-0.09698623760586483
254,-2.4609627002556054,-0.17889197572877455,1.6730868139476833,-0.7949216901043508,-0.9648246255462888,0.7395331584788412,0.17551000714465992,2.2461930704223727,2.398372588751455,-0.15217951832908216
255,-2.3240240186680947,0.3462115543049479,1.7273343669263075,-0.5233842180477425,-0.6546602120620375,0.5865648079933152,0.16893098454817437,0.5797669815215122,0.9738668450424625,-0.3940998635209503
256,-2.0035053061298784,0.606046395143556,1.631477978745645,-0.09236672407516697,-0.7768548062482873,0.5401768027871667,0.15400483320198258,0.45987837497136236,0.7031736429228163,-0.2432952679514539
257,-1.7274246905830628,0.8651649983638336,1.6493473855879655,0.08495174980234445,-0.7548289441845366,0.4550047333705399,0.11998485985192901,0.1994085086826267,0.3670683807933053,-0.1676598721106786
258,0.5287599375836177,-0.5856645427382569,3.8977123066763384,-2.728427912420297,1.1454303667278372,0.5362395491317207,-0.7470046141403189,-0.9567482369011988,-0.9981695749966584,0.04142133809545956
284,-0.5581270239546217,-1.5266637112969679,0.10125520289358181,-0.6723082756464381,0.7233513412703699,-0.13612939462577198,0.1654917947536958,1.5914760866274256,1.5675942290880494,0.023881857539376217
285,-1.7328911212378146,-1.386186741474081,0.35320335493119326,-1.6650899690726344,0.7569686880504449,-0.20841892139596865,-0.04334145627591597,0.5874333466277056,0.6793649609790262,-0.09193161435132058
286,-0.975137022983709,-0.7878614033245859,0.4411442702234947,-0.7274351994795317,0.14352670151456093,-0.004672064466630447,0.013101766709082807,0.4595507938028126,0.5171497121068676,-0.05759891830405495
287,-0.047433688304968094,-1.4383620674687254,0.038799576709851985,-0.16457893292997025,0.5570242005988738,-0.06109598466192082,0.24717808800220364,1.7257305594044463,1.7639783647327034,-0.03824780532825711
288,-0.6651929235032383,-1.0803147560002369,-0.07118589901378602,-0.2618967358435012,0.23049376007028166,-0.15879484883592254,0.11423347844745896,1.320890622496813,1.457671222777659,-0.13678060028084582
289,0.06815161998581175,-1.5662114844077974,0.4782227674858012,-0.693904416687783,0.7875491097066526,0.06186734045047474,0.19700864156079553,1.0952876441233426,1.1787839037869334,-0.08349625966359087
291,-0.5371821768982266,-1.4669188770583292,0.31161464120334237,-0.8470186166459303,0.7100616788412338,-0.05486820134239791,0.13397414720645962,1.0907097202574378,1.1837126281767056,-0.0930029079192678
292,-1.3003276976207188,-1.5170835766445792,0.11248263555463194,-1.2629305891693665,0.7918423946651735,-0.27580675313415476,0.028956046317800882,1.368064620955159,1.274691103734232,0.09337351722092713
293,-1.2754461411142368,-1.3238643449753311,0.37470087417022685,-1.298177478116428,0.6601818615422148,-0.11336483604907617,0.020889874977174306,0.6539161581926938,0.7686173199083726,-0.11470116171567879
295,-2.0192736415233905,-0.007662095007148213,0.03613070281875485,0.01611620070460363,-0.5303651651455606,-0.03468178792283094,0.008203972626222737,0.49481806135481393,0.43896143941174837,0.055856621943065565
296,-2.559123404544513,0.23407763670057244,1.4961376770339927,-1.066681548927029,0.057551219618251145,0.31110657477680703,0.05634569128187021,-0.5868273151717792,-0.5535375096816749,-0.033289805490104296
297,-2.597564319645562,-0.06601517996315842,1.3769114296960163,-1.3913272855465804,0.19431269980406096,0.254365545211643,0.010199833397525566,-0.6099360982443676,-0.5377641040353518,-0.07217199420901577
302,-2.397351938438213,-0.9775405489515977,0.330388701563633,-1.6908247118647772,0.4146517739702502,-0.23190228813135827,-0.1290351672474583,0.19556877622288021,0.23570306073032454,-0.04013428450744433
303,-2.328194506904024,-0.7241902346857879,0.31991537611378856,-1.3118083322352374,0.18678874161493134,-0.15048661288081447,-0.09339038376909936,0.17479207160972968,0.18541735721791,-0.010625285608180324
304,-2.5961247809969676,0.02592366147573199,1.4310363822394572,-1.3105336083192218,0.1613303294726371,0.275822961808199,0.02423260775782774,-0.6174051232745306,-0.5550548101847225,-0.062350313089808096
305,-2.6378904581093976,0.3739555997242944,1.745353206605203,-1.1135953405351884,0.11407473872658214,0.35849062180192787,0.07860319314132172,-0.7098373043751501,-0.6572479137093725,-0.05258939066577761
311,-1.9035642847696075,0.15535688780738904,0.3860339763665065,-0.0021273979278641766,-0.5164731688488029,0.09984430609510418,0.04772190490009677,0.27805289797139493,0.20697959490795606,0.07107330306343887
314,-1.7103806114329398,0.35466478251449496,1.0143892658902822,-0.25447799957171124,-0.39542431851160464,0.23967075688699893,0.05718208201194973,-0.07327792805623105,-0.11815347598059422,0.04487554792436317
316,-2.0510168804727313,-0.4697835851517722,0.39391393603852987,-0.8721860523514402,-0.018982960040257048,-0.0249996851077958,-0.028856719599446,0.1688608770443047,0.16542220662665247,0.003438670417652223
317,-1.5193765649939743,-0.23719080799387424,-0.510154503095794,0.41951313398737566,-0.5994502514422424,-0.2395542542438163,0.015806225296190152,1.2174116610869015,1.300829280718227,-0.08341761963132543
320,-1.6395652849969045,-0.2779372062419208,0.6340305933727792,-0.6540507640198188,-0.12125941803984812,0.09555511836734114,0.007554477900664201,0.09550643589485541,0.0752892055225967,0.020217230372258713
321,-2.405663388769625,-0.602986305223808,1.3471739391728015,-1.932154328868076,0.5406721609004511,0.2116444341474713,-0.02956514370639758,-0.6803514787039306,-0.44546352331569605,-0.2348879553882346
322,-1.8514283918593788,0.471428204799129,0.5779880765231785,0.26407747192101394,-0.6571413436031747,0.18771922685766296,0.08906317393501731,0.24165760762596006,0.15861165477848496,0.0830459528474751
323,-1.8257453856083012,-0.3028145611967436,1.5408314666353757,-1.513875771994101,0.34007167097260993,0.28974582428518836,-0.014464419404375638,-0.5779454740066583,-0.48859871567379254,-0.08934675833286576
327,-1.3238942980800146,-0.36678999469933293,-1.4065006146337036,1.0813403155319272,-0.7105537855648305,-0.699116037915751,-0.0037683614538569113,4.2425157343383155,3.392075043899597,0.8504406904387185
329,-1.8738718699139676,0.1870935077784658,-0.19006359978490237,0.5234920935047682,-0.7894697012191315,-0.048546764006472676,0.03485124119035237,0.8005660633314552,0.7102306057550503,0.09033545757640493
330,-1.8887642840308498,0.059181709869254445,-0.23542833214162967,0.3809476462097023,-0.7063873901907982,-0.09483426099612982,0.01602911416281961,0.7993616869095496,0.7493396063389756,0.050022080570574
331,-1.8740835712098285,0.23478566808524162,-0.14582087753366213,0.5522516371154095,-0.8075307176606988,-0.024535795712366342,0.042593167710300556,0.7755307426878978,0.6707384488561952,0.10479229383170263
332,-1.9187472122154356,0.11959823081735323,-0.11101040276870892,0.3497438156670108,-0.70006974928871,-0.04313276017024424,0.02618532458613352,0.6841546475819523,0.6136110023086433,0.07054364527330903
333,-1.9379452069445617,0.5460992483404036,0.22345723804259923,0.6459135569246297,-0.860309541233215,0.12598810757849907,0.0911966883604795,0.5549820387984165,0.4058280932335243,0.14915394556489214
334,-2.2378085361438123,1.36924884821331,1.4373640187088812,0.6437433495655067,-0.6916513506202533,0.3829606426441168,0.22358396973827585,-0.04981452749850873,-0.014170733123901824,-0.03564379437460691
335,-1.9661222874487712,0.7268249361921287,0.4643524047137718,0.6787068193634089,-0.8625789794423814,0.20030592789259724,0.12050357770688211,0.43181223350718684,0.29543416464018707,0.13637806886699977
336,-2.6822980522013804,3.344513451815101,3.7092582777320002,1.2562351969880807,-0.14785530546805653,0.3627885930320193,0.5449546439511007,-0.5274136999651539,-0.5205441011476961,-0.006869598817457745
337,-2.4130287777498873,-0.6082372064280767,0.5968726128347763,-1.414548401216221,0.20722988595670888,-0.030543053982030603,-0.07500982015204394,-0.10041401921097132,-0.07397245912758232,-0.026441560083388993
338,-2.41942951718816,0.0960603878019481,1.0529752045870517,-0.8353021527289438,-0.0956095164523405,0.2179186153362518,0.03115384052509221,-0.31784754783458585,-0.3382109801057658,0.020363432271179926
339,-2.5470339302493197,0.4400467824178285,1.570113016219415,-0.8440981820779903,-0.03237912121817177,0.3406200522398045,0.08668620981365648,-0.5652487705416036,-0.5485875657823603,-0.016661204759243264
340,-2.7717524542056147,2.316967754553134,3.2422731362958417,0.2301270011841431,0.014100923577544059,0.4526978288253687,0.3859263388188828,-0.8018391935320925,-0.9100948593294386,0.10825566579734602
341,-2.4807322107593057,-0.6997932053856035,0.703087599958949,-1.6522534011111054,0.3290059863208793,-0.02383184183328119,-0.08737946693447107,-0.2143309289491576,-0.14475577296438805,-0.06957515598476954
342,-2.3757641272511614,-0.4598476467442938,0.6003104400199233,-1.2013052814675453,0.08954245012555145,0.008111763979634595,-0.05359502115758683,-0.08504563418443525,-0.08562622403509994,0.0005805898506646839
343,-2.3650785271740484,-0.18380601523348808,0.7480569285124418,-0.9434588877723533,-0.0522113055215969,0.10622058945633663,-0.012377772300373353,-0.15875375181478307,-0.18434228655099894,0.025588534736215862
344,-2.4366448954041613,0.6428289760542197,1.4331660196307847,-0.41301690166182026,-0.243675580316137,0.33938808258427056,0.11543158968885806,-0.3971537444295217,-0.4063507583372685,0.009197013907746798
345,-2.398728907198068,-1.1243341082036062,0.24696377456704288,-1.821130426986686,0.5212484231589947,-0.3196975846168355,-0.1495831652861003,0.35757129780608093,0.3795578228254172,-0.02198652501933629
346,-2.3563828910550093,-0.9701048621755106,0.2359682516327365,-1.5874524498571205,0.37378059409254377,-0.2649422880825316,-0.12846931089398628,0.31671308577892454,0.33667499779834026,-0.019961912019415717
347,-2.241593694212686,-0.6177611113798087,0.17830071235462505,-1.0173184186065234,0.03794929355174935,-0.1642831251536591,-0.07903765534970594,0.3181706744864232,0.3127838288802265,0.005386845606196733
348,-2.320316386671883,0.30454833181647833,0.9467152849647139,-0.42604543212742024,-0.29873561988277786,0.22798057264641577,0.06090882485698138,-0.17509789293600558,-0.22408369568983016,0.04898580275382458
349,-2.3956649268002206,-0.5848382965342113,0.5697206631547918,-1.3537351803029967,0.17610438892293892,-0.03224298135247643,-0.07183588700420318,-0.07227485723320103,-0.05460295513145609,-0.017671902101744935
350,-2.4311471361990575,-0.3652110332814339,0.7926486025902069,-1.252279081695614,0.10714947083151734,0.07955976495249664,-0.03843553646065433,-0.2343293476081189,-0.22358003607736815,-0.01074931153075076
351,-2.3863906956161527,0.05279759920676013,0.9471377988747034,-0.7940790612999986,-0.12201208731509615,0.19095765345423943,0.023886454887751755,-0.2521237888642031,-0.2820378913944517,0.029914102530248565
352,-2.6807550424665534,1.430269922072262,2.4925717042794377,-0.3151412078761942,-0.03788013259248804,0.4618201350118288,0.24392858832481149,-0.7531212333014486,-0.7538323259288604,0.0007110926274117579
353,-2.28172360043574,-0.6717138781681946,0.24091723755777308,-1.157636230128906,0.10972282992840302,-0.1603866136969389,-0.08637519005974095,0.2557575185349476,0.25603831643122954,-0.00028079789628193685
354,-2.243301218489924,-0.46543030080363784,0.27854974095845364,-0.8931517049479584,-0.04958540356004064,-0.08625283876620622,-0.05659483946074663,0.21190966988430562,0.19171940655893516,0.020190263325370467
355,-2.1900993172298038,-0.2875661100095469,0.26332085730221894,-0.6180467586275521,-0.20208630730464594,-0.04244742706140979,-0.031027850057076135,0.23781148090551343,0.19943905505387943,0.038372425851634
356,-2.1463042104090633,0.050380267885248124,0.37200634031800045,-0.23071793485333456,-0.41549444601509355,0.06497048250322465,0.018883007677840426,0.2026686525739626,0.13236631515514563,0.07030233741881697
357,-2.103350853891252,-0.5803612773573253,-0.13041431909902945,-0.6593314418467874,-0.11364123432221815,-0.2609428218109509,-0.0753141291926542,0.665255495806462,0.6774149404773173,-0.01215944467085528
358,-2.1436804181840055,-0.22550700849534625,0.1912678912655996,-0.4563774128287769,-0.2846575894528312,-0.04686435303986341,-0.022533975892784597,0.3111618286244996,0.26925910938018677,0.041902719244312825
359,-2.0784014916331266,-0.19191365016601394,0.05597633994152357,-0.2741355987108827,-0.3721673246649536,-0.07721937512269576,-0.01857214068431078,0.44383076851350783,0.4077089883837296,0.036121780129778236
360,-2.0366150599773145,-0.028155061484081235,0.059714296438362874,-0.03812507198718217,-0.5029566134129465,-0.03346546986877589,0.0051761039932051766,0.4667974932098121,0.4119381322402321,0.054859360969579996
