Dataset,Selection_Mode,Rank_in_saved_results,Feature,Coefficient_in_log_d_equation
FULL,log,1,sigma_n_div_tau_r,-0.00035870149375425
FULL,log,1,tau_p_div_u_r,0.9682424566350835
FULL,log,1,u_p_div_u_r,4.711921335228373
FULL,log,1,u_r_mm,0.1376805977475058
FULL,log,1,tau_r_div_tau_p,-3.4622170160585917
FULL,log,1,u_p_div_tau_r,-0.04019996087366309
FULL,log,2,u_p_div_tau_p,-0.06816436436150405
FULL,log,2,u_r_x_u_p,0.009068259501838689
FULL,log,2,u_p_div_u_r,4.0769521488220155
FULL,log,2,u_r_mm,0.07972350490469741
FULL,log,2,tau_r_div_tau_p,-1.9805628798270978
FULL,log,2,tau_p_div_u_r,0.9082789106205277
FULL,log,3,u_p_div_u_r,3.767627967911187
FULL,log,3,sigma_n_x_u_r,2.010659925485245e-05
FULL,log,3,u_r_x_u_p,0.019330531112096858
FULL,log,3,tau_r_div_tau_p,-1.9584304197609002
FULL,log,3,tau_p_div_u_r,0.9100126108395845
FULL,log,3,u_p_div_tau_p,-0.06291834976459657
FULL,log,4,tau_r_div_u_r,-1.039778488269044
FULL,log,4,u_r_x_u_p,0.020329968421408377
FULL,log,4,u_p_div_u_r,3.3197943026366383
FULL,log,4,tau_p_div_u_r,1.7396003742051105
FULL,log,4,u_p_div_tau_p,-0.061972554128019164
FULL,log,5,tau_p_div_u_r,0.9199751376775473
FULL,log,5,tau_r_div_tau_p,-2.009972244397158
FULL,log,5,u_p_div_tau_p,-0.06275895621242109
FULL,log,5,sigma_n_div_u_p,0.0003525058782897995
FULL,log,5,u_r_x_u_p,0.020035331526680637
FULL,log,5,u_p_div_u_r,3.7769354411832907
FULL,d,1,tau_r_div_u_r,-1.1385023591493837
FULL,d,1,u_p_div_tau_p,-0.06658022659434772
FULL,d,1,tau_p_div_u_r,1.8283264729327482
FULL,d,1,u_p_div_u_r,4.143316132572162
FULL,d,1,u_r_mm,0.12109619481968087
FULL,d,2,tau_p_div_u_r,0.7521630508397718
FULL,d,2,u_p_div_tau_p,-0.06221879522728459
FULL,d,2,u_p_div_u_r,3.603423588717916
FULL,d,2,u_p_x_tau_p,0.01590778996054329
FULL,d,2,tau_r_div_tau_p,-1.8478641352177654
FULL,d,3,u_r_div_tau_r,0.001648697897775282
FULL,d,3,u_p_div_u_r,1.4302338023987697
FULL,d,3,u_p_x_tau_p,0.01661060199124812
FULL,d,3,u_p_div_tau_p,-0.08442054159456369
FULL,d,3,tau_r_div_u_r,0.7240607470629769
FULL,d,3,delta_peak_mm,0.2826886300583305
FULL,d,4,tau_r_MPa,0.12383131075722349
FULL,d,4,u_p_div_u_r,3.9872999015030555
FULL,d,4,u_r_div_tau_r,0.0025618978953600227
FULL,d,4,tau_p_div_u_r,1.8458339439114004
FULL,d,4,tau_r_div_u_r,-1.7034674463053356
FULL,d,4,u_p_div_tau_p,-0.08383115688337106
FULL,d,5,u_r_mm,0.11535519222103915
FULL,d,5,tau_p_div_u_r,0.8353345391443067
FULL,d,5,u_p_div_u_r,3.651144618676483
FULL,d,5,u_p_div_tau_p,-0.07905409924504993
FULL,d,5,u_r_div_tau_r,0.0011325513143421347
LOW_1,log,1,u_p_div_u_r,3.7164367221117485
LOW_1,log,1,tau_peak_MPa_csds,1.9199549985230515
LOW_1,log,1,tau_r_MPa,2.0499293274471566
LOW_1,log,1,u_p_div_tau_p,-0.045423553740806165
LOW_1,log,1,tau_p_x_tau_r,-0.9794477038707728
LOW_1,log,1,u_r_div_tau_r,0.0027933033477760393
LOW_1,d,1,u_r_div_tau_p,0.009573379368112363
LOW_1,d,1,tau_r_div_u_p,0.3620638169162835
LOW_1,d,1,u_p_div_tau_p,-0.09324562649547316
LOW_1,d,1,sigma_n_x_u_r,8.370608194524227e-05
LOW_1,d,1,u_p_div_u_r,7.08556956349229
LOW_1,d,1,tau_p_div_sigma_n,0.43681284841429435
LOW_1,d,2,u_p_div_u_r,8.076869425441073
LOW_1,d,2,u_p_div_tau_p,-0.06496634106947724
LOW_1,d,2,u_p_div_tau_r,-0.014641853840696217
LOW_1,d,2,tau_r_div_tau_p,-3.5085729667253642
LOW_1,d,2,u_r_div_tau_p,0.007651639609324559
LOW_1,d,2,tau_r_div_u_p,0.34594862678236465
LOW_1,d,3,tau_r_div_u_p,0.3595469389015781
LOW_1,d,3,sigma_n_div_u_p,0.0009359490920587943
LOW_1,d,3,u_r_div_tau_p,0.009154100879123793
LOW_1,d,3,u_p_div_tau_p,-0.09081468977982607
LOW_1,d,3,tau_p_div_sigma_n,0.453258804213118
LOW_1,d,3,u_p_div_u_r,7.027114648262696
LOW_1,d,4,u_p_div_tau_r,-0.062148957412524665
LOW_1,d,4,tau_r_div_u_p,0.3545734953352813
LOW_1,d,4,tau_r_div_tau_p,-4.117268593150822
LOW_1,d,4,u_p_div_u_r,8.291567897211138
LOW_1,d,4,u_r_div_tau_r,0.006149066758836021
LOW_1,d,5,u_p_div_u_r,8.09529484332234
LOW_1,d,5,tau_r_div_tau_p,-3.224521947634957
LOW_1,d,5,sigma_n_x_u_r,6.952616155822963e-05
LOW_1,d,5,u_p_div_tau_p,-0.04526987333229601
LOW_1,d,5,sigma_n_div_u_r,-0.0014278662252107327
LOW_1,d,5,tau_r_div_u_p,0.36940760676658946
LOW_2,log,1,u_p_div_u_r,4.7303277751444766
LOW_2,log,1,tau_r_MPa,0.4034968420852493
LOW_2,log,1,u_r_div_u_p,0.0492118752514019
LOW_2,log,1,tau_r_div_tau_p,-3.7337177988778025
LOW_2,log,2,tau_r_div_tau_p,-3.9267817504662568
LOW_2,log,2,tau_r_MPa,0.4238389263142636
LOW_2,log,2,u_p_div_u_r,4.219867126231969
LOW_2,log,3,u_r_x_tau_r,0.0038130202319789077
LOW_2,log,3,u_p_div_u_r,4.288093524589856
LOW_2,log,3,tau_r_div_tau_p,-4.137861459275088
LOW_2,log,3,tau_r_MPa,0.462096792953951
LOW_2,log,4,tau_r_div_tau_p,-2.7798348771723873
LOW_2,log,4,tau_p_x_tau_r,0.04254995760337879
LOW_2,log,4,u_p_div_u_r,4.734099570814864
LOW_2,log,4,u_r_div_u_p,0.04878856891992484
LOW_2,log,5,u_p_div_u_r,4.292599009756074
LOW_2,log,5,tau_r_div_tau_p,-4.139653929724719
LOW_2,log,5,tau_r_MPa,0.4764054369625872
LOW_2,log,5,u_r_mm,0.012948591427112636
LOW_2,d,1,u_r_div_u_p,0.04948787999060898
LOW_2,d,1,u_p_x_tau_p,0.03537718208317329
LOW_2,d,1,tau_r_MPa,0.3736478046686968
LOW_2,d,1,u_p_div_u_r,4.4958164776755245
LOW_2,d,1,u_p_div_tau_r,-0.30469803672455364
LOW_2,d,1,tau_r_div_tau_p,-3.664912542118456
LOW_2,d,2,tau_r_div_tau_p,-3.639793299971367
LOW_2,d,2,tau_r_MPa,0.3918682501006563
LOW_2,d,2,u_p_x_tau_p,0.04042090653147883
LOW_2,d,2,u_p_div_u_r,4.300285704583232
LOW_2,d,2,u_r_x_tau_p,-0.004949391178688468
LOW_2,d,2,u_r_div_u_p,0.058534784367546326
LOW_2,d,3,u_p_x_tau_r,0.041316153159086426
LOW_2,d,3,u_p_div_u_r,4.3035702011364085
LOW_2,d,3,tau_r_div_tau_p,-3.742756270624809
LOW_2,d,3,tau_r_MPa,0.4029961457121106
LOW_2,d,3,u_r_div_u_p,0.05342934477081742
LOW_2,d,3,u_r_x_tau_r,-0.004440359970083956
LOW_2,d,4,u_p_div_u_r,4.406317128848764
LOW_2,d,4,tau_r_MPa,0.32775810589353066
LOW_2,d,4,tau_r_div_tau_p,-3.841129260707456
LOW_2,d,4,u_r_div_u_p,0.05300008252558999
LOW_2,d,4,u_p_x_tau_r,0.04122994388846998
LOW_2,d,4,tau_r_div_u_r,0.15683075479311281
LOW_2,d,5,u_p_div_u_r,4.460245362724539
LOW_2,d,5,u_p_div_tau_r,-0.22739692289987187
LOW_2,d,5,tau_r_div_tau_p,-3.8214551641442527
LOW_2,d,5,u_p_x_tau_r,0.03693610968834882
LOW_2,d,5,u_r_div_u_p,0.047241104759617326
LOW_2,d,5,tau_r_MPa,0.3878507364789832
HIGH,log,1,delta_peak_mm,0.2620108713136907
HIGH,log,1,tau_p_div_u_r,0.6560523822693334
HIGH,log,1,tau_r_div_u_r,-0.8451912894721919
HIGH,log,1,u_p_div_u_r,3.8083630775774973
HIGH,log,1,u_p_div_tau_p,-6.975806736727414
HIGH,log,2,tau_p_div_u_r,0.6857894975876836
HIGH,log,2,tau_r_div_u_r,-0.9426572952730501
HIGH,log,2,u_r_div_u_p,-0.033008730588801403
HIGH,log,2,u_p_div_u_r,4.133735936439573
HIGH,log,2,u_p_div_tau_p,-5.078920433947805
HIGH,log,3,tau_r_div_u_r,-0.9472677988137391
HIGH,log,3,u_p_div_u_r,4.029932002371421
HIGH,log,3,tau_p_div_u_r,0.7844480463469334
HIGH,log,3,u_p_div_tau_p,-4.622554401673731
HIGH,log,3,tau_p_div_u_p,-0.010273383270317172
HIGH,log,4,tau_r_div_u_r,-0.9690743856314202
HIGH,log,4,u_p_div_u_r,4.313933794896858
HIGH,log,4,tau_p_div_u_r,0.7106129381587264
HIGH,log,4,u_p_div_tau_p,-4.735067850732907
HIGH,log,4,tau_p_x_tau_r,0.001168323533020875
HIGH,d,1,u_r_div_tau_r,-0.5311166450197212
HIGH,d,1,delta_peak_mm,0.8095541408119211
HIGH,d,1,u_p_div_tau_p,-6.029406956348665
HIGH,d,1,tau_r_div_tau_p,-4.388278321144034
HIGH,d,1,u_r_div_u_p,-0.06404423087482965
HIGH,d,2,u_r_div_tau_r,-0.33204114711366794
HIGH,d,2,u_p_div_u_r,2.535779944139509
HIGH,d,2,tau_r_div_tau_p,-4.077043187959869
HIGH,d,2,delta_peak_mm,0.42384612402040533
HIGH,d,2,tau_p_div_u_p,-0.015033558288874194
HIGH,d,2,u_p_div_tau_p,-6.380116937944
HIGH,d,3,delta_peak_mm,0.44021777416168223
HIGH,d,3,u_p_div_u_r,3.7835928442847284
HIGH,d,3,u_p_div_tau_p,-9.895666979426217
HIGH,d,3,u_r_div_tau_r,0.38989596662480047
