sample_id,sigma_n_MPa,delta_peak_mm,tau_peak_MPa_csds,u_r_mm,tau_r_MPa,tau_peak_estimated,u_r_estimated,tau_r_estimated,a_csds,b_csds,c_csds,d_csds,e_csds,csds_converged,csds_iterations,sigma_n_x_u_r,sigma_n_x_u_p,sigma_n_x_tau_p,sigma_n_x_tau_r,u_r_x_u_p,u_r_x_tau_p,u_r_x_tau_r,u_p_x_tau_p,u_p_x_tau_r,tau_p_x_tau_r,u_p_div_u_r,u_r_div_u_p,tau_p_div_tau_r,tau_r_div_tau_p,u_r_div_tau_p,u_r_div_tau_r,u_p_div_tau_p,u_p_div_tau_r,tau_p_div_u_r,tau_p_div_u_p,tau_r_div_u_r,tau_r_div_u_p,tau_p_div_sigma_n,tau_r_div_sigma_n,sigma_n_div_tau_p,sigma_n_div_tau_r,sigma_n_div_u_r,sigma_n_div_u_p,log_d_csds,log_d_pred,d_pred,e_pred,e_converged,e_iterations,a_from_tau_r,b_from_d_minus_a,c_from_5_over_u_r,e_p_initial,residual_eq_515,residual_eq_518,condition_c_lt_e,Dataset,Model_Label,Model_Family,Selection_Mode,Rank_in_saved_results,Model_Features
16,24.0,1.61,13.41,10.5,12.8475,0,0,0,12.8475,1.3946189571869354,0.4761904761904761,14.242118957186936,3.178145408783804,True,3,252.0,38.64,321.84000000000003,308.34000000000003,16.905,140.805,134.89875,21.590100000000003,20.684475000000003,172.284975,0.15333333333333335,6.521739130434782,1.043782837127846,0.9580536912751678,0.7829977628635346,0.8172796263864565,0.12005965697240865,0.12531620937925667,1.2771428571428571,8.329192546583851,1.2235714285714285,7.979813664596273,0.55875,0.5353125,1.7897091722595078,1.8680677174547577,2.2857142857142856,14.906832298136646,2.6562036980869754,2.817547872663813,16.735762095790783,2.382932613698311,True,5,12.8475,3.8882620957907825,0.47619047619047616,1.547798390850013,-6.519229600598919e-12,-0.8828619980742483,True,HIGH,HIGH_exp_log_rank_2,exponential,log,2,tau_p_div_u_r + tau_r_div_u_r + u_r_div_u_p + u_p_div_u_r + u_p_div_tau_p
18,24.0,3.07,12.57,10.5,12.4375,0,0,0,12.4375,0.7124450836759753,0.4761904761904761,13.149945083675975,1.9539451798171723,True,6,252.0,73.67999999999999,301.68,298.5,32.235,131.985,130.59375,38.5899,38.183125,156.339375,0.29238095238095235,3.420195439739414,1.0106532663316583,0.9894590294351631,0.8353221957040573,0.8442211055276382,0.24423229912490055,0.24683417085427134,1.197142857142857,4.094462540716613,1.1845238095238095,4.051302931596092,0.52375,0.5182291666666666,1.909307875894988,1.92964824120603,2.2857142857142856,7.817589576547232,2.5764175824687396,2.845994426078562,17.218672855444098,1.192601992728164,True,7,12.4375,4.7811728554440975,0.47619047619047616,0.7698609405407595,-5.329070518200751e-15,-0.5332394639670501,True,HIGH,HIGH_exp_log_rank_2,exponential,log,2,tau_p_div_u_r + tau_r_div_u_r + u_r_div_u_p + u_p_div_u_r + u_p_div_tau_p
21,10.0,1.67,7.53,12.0,5.32,0,0,0,5.32,5.617172562155661,0.4166666666666667,10.93717256215566,1.7473164085592403,True,5,120.0,16.7,75.3,53.2,20.04,90.36,63.84,12.575099999999999,8.8844,40.0596,0.13916666666666666,7.185628742514971,1.4154135338345863,0.7065073041168659,1.593625498007968,2.255639097744361,0.22177954847277553,0.3139097744360902,0.6275000000000001,4.508982035928144,0.44333333333333336,3.1856287425149703,0.753,0.532,1.3280212483399734,1.8796992481203008,0.8333333333333334,5.9880239520958085,2.392167314061267,2.5104241086529386,12.310149794611839,1.5372615737584976,True,6,5.32,6.990149794611838,0.4166666666666667,0.9726949503299875,-1.1939782496028783e-11,-0.33091875238853774,True,HIGH,HIGH_exp_log_rank_2,exponential,log,2,tau_p_div_u_r + tau_r_div_u_r + u_r_div_u_p + u_p_div_u_r + u_p_div_tau_p
22,30.0,1.67,19.67,12.0,18.994999999999997,0,0,0,18.994999999999997,1.5273740416856256,0.4166666666666667,20.522374041685623,3.2739688179792332,True,3,360.0,50.099999999999994,590.1,569.8499999999999,20.04,236.04000000000002,227.93999999999997,32.8489,31.721649999999993,373.63165,0.13916666666666666,7.185628742514971,1.0355356672808635,0.9656837824097608,0.6100660904931368,0.6317451961042381,0.08490086426029485,0.08791787312450645,1.6391666666666669,11.778443113772457,1.5829166666666665,11.374251497005988,0.6556666666666667,0.6331666666666665,1.5251652262328417,1.579362990260595,2.5,17.964071856287426,3.02151570764979,2.825173887192889,16.86387714340703,,False,0,18.994999999999997,-2.1311228565929667,0.4166666666666667,,,,False,HIGH,HIGH_exp_log_rank_2,exponential,log,2,tau_p_div_u_r + tau_r_div_u_r + u_r_div_u_p + u_p_div_u_r + u_p_div_tau_p
23,10.0,0.84,8.44,16.0,7.47,0,0,0,7.47,1.3255582927799532,0.3125,8.795558292779953,6.166176834932969,True,6,160.0,8.4,84.39999999999999,74.7,13.44,135.04,119.52,7.089599999999999,6.2748,63.0468,0.0525,19.047619047619047,1.1298527443105757,0.8850710900473934,1.8957345971563981,2.14190093708166,0.0995260663507109,0.11244979919678715,0.5275,10.047619047619047,0.466875,8.892857142857142,0.844,0.747,1.1848341232227488,1.3386880856760375,0.625,11.904761904761905,2.1742468546034988,2.290762786819393,9.8824730270446,5.378852781946621,True,7,7.47,2.4124730270446006,0.3125,3.583469773929759,1.4210854715202004e-14,-0.7776961696281806,True,HIGH,HIGH_exp_log_rank_2,exponential,log,2,tau_p_div_u_r + tau_r_div_u_r + u_r_div_u_p + u_p_div_u_r + u_p_div_tau_p
24,10.0,1.81,7.62,16.0,7.29,0,0,0,7.29,0.6419185077225471,0.3125,7.931918507722547,3.0024433868829834,True,4,160.0,18.1,76.2,72.9,28.96,121.92,116.64,13.792200000000001,13.1949,55.5498,0.113125,8.839779005524862,1.045267489711934,0.9566929133858267,2.099737532808399,2.1947873799725652,0.23753280839895013,0.24828532235939643,0.47625,4.209944751381215,0.455625,4.027624309392265,0.762,0.729,1.3123359580052494,1.3717421124828533,0.625,5.524861878453039,2.07089493674226,2.1528512904181962,8.609371251693776,2.4969941915483362,True,5,7.29,1.3193712516937763,0.3125,1.6636159979562508,-5.640288236463675e-11,-0.32562055738288187,True,HIGH,HIGH_exp_log_rank_2,exponential,log,2,tau_p_div_u_r + tau_r_div_u_r + u_r_div_u_p + u_p_div_u_r + u_p_div_tau_p
30,20.0,2.17,16.37,3.85,14.955,0,0,0,14.955,60.674147880173095,1.2987012987012987,75.6291478801731,1.6284330431129306,True,6,77.0,43.4,327.40000000000003,299.1,8.3545,63.0245,57.576750000000004,35.5229,32.452349999999996,244.81335,0.5636363636363636,1.774193548387097,1.0946171848879973,0.913561392791692,0.23518631643249846,0.2574389836175192,0.1325595601710446,0.14510197258441992,4.251948051948052,7.5437788018433185,3.8844155844155845,6.891705069124424,0.8185,0.74775,1.2217470983506413,1.3373453694416584,5.194805194805195,9.216589861751153,4.325841762849198,4.13868269803098,62.72014563530834,1.4864485147476727,True,7,14.955,47.76514563530834,1.2987012987012987,0.9467633095909664,-4.440892098500626e-16,1.054741755740488,True,HIGH,HIGH_exp_log_rank_2,exponential,log,2,tau_p_div_u_r + tau_r_div_u_r + u_r_div_u_p + u_p_div_u_r + u_p_div_tau_p
33,20.0,2.26,16.14,4.125,11.3475,0,0,0,11.3475,422.7987490320256,1.2121212121212122,434.1462490320256,1.3091974223177918,True,6,82.5,45.199999999999996,322.8,226.95,9.3225,66.5775,46.808437500000004,36.4764,25.645349999999997,183.14865,0.5478787878787879,1.8252212389380533,1.4223397224058163,0.7030669144981413,0.2555762081784387,0.3635161929940515,0.1400247831474597,0.19916281119189247,3.912727272727273,7.141592920353983,2.750909090909091,5.021017699115045,0.807,0.567375,1.2391573729863692,1.7625027539105529,4.848484848484849,8.849557522123895,6.0733814566720845,4.869819525632014,130.29739943356006,1.2747190021991406,True,7,11.3475,118.94989943356006,1.2121212121212122,0.8065373308836545,-1.3322676295501878e-15,4.415097346757918,True,HIGH,HIGH_exp_log_rank_2,exponential,log,2,tau_p_div_u_r + tau_r_div_u_r + u_r_div_u_p + u_p_div_u_r + u_p_div_tau_p
36,20.0,1.48,14.91,3.625,14.235,0,0,0,14.235,8.232456046268986,1.3793103448275863,22.467456046268985,2.7321098339023515,True,4,72.5,29.6,298.2,284.7,5.365,54.04875,51.601875,22.0668,21.0678,212.24384999999998,0.4082758620689655,2.4493243243243246,1.047418335089568,0.954728370221328,0.2431254191817572,0.25465402177730945,0.09926224010731052,0.10396909027046014,4.113103448275862,10.074324324324325,3.9268965517241377,9.618243243243242,0.7455,0.71175,1.341381623071764,1.4049877063575695,5.517241379310345,13.513513513513514,3.112067864223519,3.5080294742320537,33.38242200708992,2.0089736934655997,True,6,14.235,19.147422007089922,1.3793103448275863,1.2727128291544976,4.440892098500626e-16,-0.1042641625667784,True,HIGH,HIGH_exp_log_rank_2,exponential,log,2,tau_p_div_u_r + tau_r_div_u_r + u_r_div_u_p + u_p_div_u_r + u_p_div_tau_p
39,20.0,0.54,15.9,3.35,14.4675,0,0,0,14.4675,3.852469877296928,1.4925373134328357,18.319969877296927,7.688914610134782,True,7,67.0,10.8,318.0,289.34999999999997,1.8090000000000002,53.265,48.466125,8.586,7.81245,230.03324999999998,0.16119402985074627,6.203703703703703,1.0990150336962157,0.9099056603773584,0.21069182389937108,0.23155348194228445,0.033962264150943396,0.03732503888024884,4.746268656716418,29.444444444444443,4.31865671641791,26.791666666666664,0.795,0.723375,1.2578616352201257,1.3824088474166236,5.970149253731343,37.03703703703704,2.9079917149922814,2.759306982849769,15.788897179367162,9.517022055675062,True,9,14.4675,1.3213971793671622,1.4925373134328357,6.48573344240358,-2.842170943040401e-14,0.9348533706423314,True,HIGH,HIGH_exp_log_rank_2,exponential,log,2,tau_p_div_u_r + tau_r_div_u_r + u_r_div_u_p + u_p_div_u_r + u_p_div_tau_p
42,20.0,0.71,16.28,3.35,14.8375,0,0,0,14.8375,5.373344828404187,1.4925373134328357,20.210844828404188,5.457009220110153,True,6,67.0,14.2,325.6,296.75,2.3785,54.538000000000004,49.705625000000005,11.5588,10.534625,241.55450000000002,0.21194029850746268,4.71830985915493,1.0972198820556025,0.9113943488943489,0.20577395577395577,0.22577927548441448,0.043611793611793605,0.047851727042965454,4.859701492537313,22.929577464788736,4.42910447761194,20.897887323943664,0.8140000000000001,0.7418750000000001,1.2285012285012284,1.3479359730412805,5.970149253731343,28.169014084507044,3.006219333035852,2.9427770897639665,18.96845032464991,5.468239889992518,True,7,14.8375,4.130950324649911,1.4925373134328357,3.5577237201785654,-3.552713678800501e-15,0.4016364734952109,True,HIGH,HIGH_exp_log_rank_2,exponential,log,2,tau_p_div_u_r + tau_r_div_u_r + u_r_div_u_p + u_p_div_u_r + u_p_div_tau_p
45,20.0,2.87,13.67,4.1,13.42,0,0,0,13.42,16.705556614946417,1.2195121951219514,30.12555661494642,1.6634039681803665,True,6,82.0,57.400000000000006,273.4,268.4,11.767,56.047,55.022,39.2329,38.5154,183.4514,0.7000000000000001,1.4285714285714284,1.018628912071535,0.9817117776152158,0.29992684711046086,0.3055141579731743,0.2099487929773226,0.21385991058122206,3.334146341463415,4.7630662020905925,3.2731707317073173,4.67595818815331,0.6835,0.671,1.463057790782736,1.4903129657228018,4.878048780487806,6.968641114982578,3.4053738684848187,4.267504399347272,71.34336871270872,1.3196043618748645,True,7,13.42,57.92336871270872,1.2195121951219514,0.855616906964959,-1.020739048840369e-12,0.11732793972950406,True,HIGH,HIGH_exp_log_rank_2,exponential,log,2,tau_p_div_u_r + tau_r_div_u_r + u_r_div_u_p + u_p_div_u_r + u_p_div_tau_p
48,20.0,2.37,16.38,4.125,14.3675,0,0,0,14.3675,112.7264689844744,1.2121212121212122,127.0939689844744,1.4228254925840296,True,6,82.5,47.400000000000006,327.59999999999997,287.35,9.776250000000001,67.5675,59.2659375,38.8206,34.050975,235.33964999999998,0.5745454545454546,1.740506329113924,1.1400730816077953,0.8771367521367521,0.2518315018315018,0.28710631633895944,0.1446886446886447,0.16495562902383853,3.9709090909090907,6.911392405063291,3.483030303030303,6.0622362869198305,0.819,0.718375,1.221001221001221,1.3920306246737428,4.848484848484849,8.438818565400844,4.844926726121303,4.308922512119119,74.36032341211379,1.3473335036510845,True,7,14.3675,59.992823412113786,1.2121212121212122,0.8574527391484053,-6.661338147750939e-16,1.6720676971358344,True,HIGH,HIGH_exp_log_rank_2,exponential,log,2,tau_p_div_u_r + tau_r_div_u_r + u_r_div_u_p + u_p_div_u_r + u_p_div_tau_p
50,20.0,4.16,15.04,4.75,14.775,0,0,0,14.775,58.5314735148253,1.0526315789473684,73.3064735148253,1.2144266984360343,True,7,95.0,83.2,300.79999999999995,295.5,19.76,71.44,70.18125,62.5664,61.464000000000006,222.21599999999998,0.8757894736842106,1.1418269230769231,1.0179357021996616,0.9823803191489362,0.3158244680851064,0.32148900169204736,0.2765957446808511,0.2815566835871404,3.166315789473684,3.615384615384615,3.110526315789474,3.551682692307692,0.752,0.73875,1.3297872340425532,1.353637901861252,4.2105263157894735,4.8076923076923075,4.294648920338537,4.7033636864972745,110.3176229619181,1.0971552969464164,True,8,14.775,95.5426229619181,1.0526315789473684,0.7321947655293051,-2.3351764966150768e-11,0.2163852786625211,True,HIGH,HIGH_exp_log_rank_2,exponential,log,2,tau_p_div_u_r + tau_r_div_u_r + u_r_div_u_p + u_p_div_u_r + u_p_div_tau_p
52,20.0,3.13,15.58,4.466666666666667,14.793333333333337,0,0,0,14.793333333333337,75.02328336156236,1.1194029850746268,89.8166166948957,1.313812712287742,True,7,89.33333333333334,62.599999999999994,311.6,295.86666666666673,13.980666666666666,69.59066666666666,66.0768888888889,48.7654,46.30313333333334,230.48013333333338,0.7007462686567164,1.4270500532481365,1.0531771068048668,0.9495079161317931,0.2866923406076166,0.3019378098242451,0.20089858793324775,0.211581793600721,3.488059701492537,4.977635782747604,3.3119402985074635,4.7263045793397245,0.779,0.7396666666666668,1.2836970474967908,1.3519603424966198,4.477611940298507,6.389776357827476,4.4977699993359845,4.38561051777739,80.28722503131728,1.2090925166571707,True,7,14.793333333333337,65.49389169798394,1.1194029850746268,0.7838838596135297,2.220446049250313e-16,0.6405055570282758,True,HIGH,HIGH_exp_log_rank_2,exponential,log,2,tau_p_div_u_r + tau_r_div_u_r + u_r_div_u_p + u_p_div_u_r + u_p_div_tau_p
55,20.0,0.63,16.18,3.85,14.365,0,0,0,14.365,5.024596391351091,1.2987012987012987,19.38959639135109,6.152370825583352,True,6,77.0,12.6,323.6,287.3,2.4255,62.293,55.30525,10.1934,9.04995,232.4257,0.16363636363636364,6.111111111111112,1.126348764357814,0.8878244746600742,0.23794808405438814,0.2680125304559694,0.03893695920889988,0.04385659589279499,4.202597402597402,25.682539682539684,3.7311688311688314,22.8015873015873,0.8089999999999999,0.71825,1.2360939431396787,1.392272885485555,5.194805194805195,31.746031746031747,2.964736653738852,2.9281489340484845,18.692996482319625,6.068108169686396,True,7,14.365,4.327996482319625,1.2987012987012987,3.9395186014624346,-4.902744876744691e-13,0.314050399996594,True,HIGH,HIGH_exp_log_rank_2,exponential,log,2,tau_p_div_u_r + tau_r_div_u_r + u_r_div_u_p + u_p_div_u_r + u_p_div_tau_p
58,20.0,0.94,16.28,3.875,13.935,0,0,0,13.935,11.349260923481204,1.2903225806451613,25.28426092348121,3.405427164282276,True,5,77.5,18.799999999999997,325.6,278.7,3.6424999999999996,63.08500000000001,53.998125,15.3032,13.0989,226.86180000000002,0.2425806451612903,4.122340425531915,1.168281306063868,0.855958230958231,0.238022113022113,0.27807678507355577,0.05773955773955773,0.06745604592752062,4.201290322580645,17.319148936170215,3.5961290322580646,14.824468085106384,0.8140000000000001,0.69675,1.2285012285012284,1.4352350197344814,5.161290322580645,21.27659574468085,3.230182104264177,3.351033511286432,28.53220676846232,2.8441118412680346,True,4,13.935,14.59720676846232,1.2903225806451613,1.7979677638297598,-8.249401162174763e-12,-0.026144530157641732,True,HIGH,HIGH_exp_log_rank_2,exponential,log,2,tau_p_div_u_r + tau_r_div_u_r + u_r_div_u_p + u_p_div_u_r + u_p_div_tau_p
61,20.0,2.68,16.95,4.125,15.5375,0,0,0,15.5375,116.71406105996982,1.2121212121212122,132.25156105996982,1.3981039630569712,True,6,82.5,53.6,339.0,310.75,11.055000000000001,69.91875,64.0921875,45.426,41.6405,263.36062499999997,0.6496969696969698,1.5391791044776117,1.0909090909090908,0.9166666666666666,0.2433628318584071,0.26548672566371684,0.15811209439528026,0.17248592115848754,4.109090909090909,6.324626865671641,3.7666666666666666,5.797574626865671,0.8474999999999999,0.776875,1.1799410029498525,1.2872083668543846,4.848484848484849,7.462686567164178,4.884705874524848,4.385439706368054,80.27351222844294,1.3258555954369609,True,7,15.5375,64.73601222844295,1.2121212121212122,0.8527679917165147,-7.327471962526033e-14,1.1968534819149215,True,HIGH,HIGH_exp_log_rank_2,exponential,log,2,tau_p_div_u_r + tau_r_div_u_r + u_r_div_u_p + u_p_div_u_r + u_p_div_tau_p
64,20.0,2.73,15.88,4.125,13.97,0,0,0,13.97,220.02903798852773,1.2121212121212122,233.99903798852773,1.3339956390040135,True,6,82.5,54.6,317.6,279.40000000000003,11.26125,65.50500000000001,57.626250000000006,43.3524,38.1381,221.8436,0.6618181818181819,1.510989010989011,1.136721546170365,0.8797229219143576,0.25976070528967254,0.2952755905511811,0.17191435768261965,0.19541875447387258,3.84969696969697,5.8168498168498175,3.3866666666666667,5.117216117216118,0.794,0.6985,1.2594458438287153,1.4316392269148175,4.848484848484849,7.326007326007326,5.455317004189113,4.546695651492657,94.3202259215278,1.2950921732192828,True,7,13.97,80.3502259215278,1.2121212121212122,0.8324974926160589,-2.9243274468626623e-13,1.7218550255677267,True,HIGH,HIGH_exp_log_rank_2,exponential,log,2,tau_p_div_u_r + tau_r_div_u_r + u_r_div_u_p + u_p_div_u_r + u_p_div_tau_p
67,20.0,3.13,14.91,4.533333333333333,14.596666666666666,0,0,0,14.596666666666666,20.35467702287054,1.1029411764705883,34.951343689537204,1.4882877719989878,True,6,90.66666666666666,62.599999999999994,298.2,291.93333333333334,14.189333333333332,67.592,66.17155555555556,46.6683,45.68756666666666,217.63629999999998,0.6904411764705882,1.448349307774228,1.0214660881479791,0.9789850212385423,0.3040465012295998,0.31057319022607904,0.20992622401073105,0.2144325188399178,3.288970588235294,4.763578274760383,3.2198529411764705,4.663471778487753,0.7455,0.7298333333333333,1.341381623071764,1.3701758392327017,4.411764705882353,6.389776357827476,3.5539569139933556,4.246731877415316,69.87667324259479,1.206467259375033,True,7,14.596666666666666,55.28000657592813,1.1029411764705883,0.7819530506197612,6.661338147750939e-16,0.16307853074204404,True,HIGH,HIGH_exp_log_rank_2,exponential,log,2,tau_p_div_u_r + tau_r_div_u_r + u_r_div_u_p + u_p_div_u_r + u_p_div_tau_p
70,20.0,3.12,16.37,4.466666666666667,15.163333333333334,0,0,0,15.163333333333334,137.96164146287623,1.1194029850746268,153.12497479620956,1.2614658876838951,True,7,89.33333333333334,62.400000000000006,327.40000000000003,303.26666666666665,13.936000000000002,73.11933333333334,67.72955555555556,51.074400000000004,47.3096,248.2237666666667,0.6985074626865672,1.4316239316239316,1.0795779292152121,0.926287925066178,0.27285685196497655,0.2945702352165311,0.19059254734270006,0.2057595075840844,3.6649253731343285,5.246794871794872,3.394776119402985,4.860042735042735,0.8185,0.7581666666666667,1.2217470983506413,1.3189712024620794,4.477611940298507,6.41025641025641,5.0312544167027955,4.471755296531881,87.51019462106859,1.2036481010661781,True,7,15.163333333333334,72.34686128773527,1.1194029850746268,0.7795487321157228,-2.220446049250313e-16,1.0526118757692215,True,HIGH,HIGH_exp_log_rank_2,exponential,log,2,tau_p_div_u_r + tau_r_div_u_r + u_r_div_u_p + u_p_div_u_r + u_p_div_tau_p
73,20.0,1.09,15.19,3.85,13.3025,0,0,0,13.3025,11.821633061680007,1.2987012987012987,25.12413306168001,2.9737453064844868,True,4,77.0,21.8,303.8,266.05,4.1965,58.4815,51.214625000000005,16.557100000000002,14.499725000000002,202.064975,0.28311688311688316,3.532110091743119,1.1418906220635219,0.8757406188281764,0.2534562211981567,0.28941928208983275,0.0717577353522054,0.0819394850591994,3.9454545454545453,13.93577981651376,3.455194805194805,12.204128440366972,0.7595,0.665125,1.316655694535879,1.5034767900770531,5.194805194805195,18.34862385321101,3.2238288607761674,3.424288348435906,30.700788811106317,2.3725828620452845,True,5,13.3025,17.39828881110632,1.2987012987012987,1.5008793086695202,-8.881784197001252e-16,-0.024381772903526944,True,HIGH,HIGH_exp_log_rank_2,exponential,log,2,tau_p_div_u_r + tau_r_div_u_r + u_r_div_u_p + u_p_div_u_r + u_p_div_tau_p
76,20.0,4.13,14.9,4.7,13.285,0,0,0,13.285,1213.8760619263403,1.0638297872340423,1227.1610619263406,1.0940505167399543,True,8,94.0,82.6,298.0,265.7,19.411,70.03,62.4395,61.537,54.86705,197.94650000000001,0.8787234042553191,1.1380145278450364,1.1215656755739556,0.8916107382550336,0.31543624161073824,0.3537824614226571,0.2771812080536913,0.3108769288671434,3.1702127659574466,3.607748184019371,2.826595744680851,3.2167070217917675,0.745,0.66425,1.342281879194631,1.5054572826496049,4.25531914893617,4.842615012106537,7.112458700910083,4.982965830925043,145.90647451397405,1.0936359001645284,True,8,13.285,132.62147451397405,1.0638297872340425,0.7285547281583009,-1.6240120359611865e-11,1.5703395793895818,True,HIGH,HIGH_exp_log_rank_2,exponential,log,2,tau_p_div_u_r + tau_r_div_u_r + u_r_div_u_p + u_p_div_u_r + u_p_div_tau_p
79,20.0,3.62,14.62,4.5,13.843333333333334,0,0,0,13.843333333333334,173.78668847200146,1.1111111111111112,187.6300218053348,1.2115644521301927,True,7,90.0,72.4,292.4,276.8666666666667,16.29,65.78999999999999,62.295,52.9244,50.11286666666667,202.38953333333333,0.8044444444444445,1.2430939226519337,1.0561040211895014,0.9468764249886001,0.3077975376196991,0.32506621719239104,0.2476060191518468,0.2614977124969901,3.2488888888888887,4.038674033149171,3.0762962962962965,3.8241252302025783,0.731,0.6921666666666667,1.3679890560875514,1.4447387430772936,4.444444444444445,5.524861878453039,5.23447205471382,4.641230931454604,103.6718820546607,1.1634103429492957,True,8,13.843333333333334,89.82854872132737,1.1111111111111112,0.7662198267695786,-1.7763568394002505e-15,0.7043317714369359,True,HIGH,HIGH_exp_log_rank_2,exponential,log,2,tau_p_div_u_r + tau_r_div_u_r + u_r_div_u_p + u_p_div_u_r + u_p_div_tau_p
82,20.0,0.39,14.13,3.9275,12.93,0,0,0,12.93,2.178980729198466,1.273074474856779,15.108980729198466,12.268593789286898,True,9,78.55000000000001,7.800000000000001,282.6,258.6,1.5317250000000002,55.49557500000001,50.782575,5.510700000000001,5.0427,182.70090000000002,0.09929980903882878,10.070512820512821,1.0928074245939676,0.9150743099787685,0.2779547062986553,0.3037509667440062,0.027600849256900213,0.030162412993039445,3.597708465945258,36.23076923076923,3.2921705919796307,33.15384615384615,0.7065,0.6465,1.4154281670205235,1.5467904098994587,5.092297899427116,51.28205128205128,2.7152893173050714,2.5880773952608584,13.304168341502606,17.08874681219528,True,13,12.93,0.3741683415026067,1.273074474856779,12.225127258704127,-6.821210263296962e-13,0.9892256848318155,True,HIGH,HIGH_exp_log_rank_2,exponential,log,2,tau_p_div_u_r + tau_r_div_u_r + u_r_div_u_p + u_p_div_u_r + u_p_div_tau_p
85,20.0,0.46,15.2,3.86,13.9425,0,0,0,13.9425,2.582793456166362,1.2953367875647668,16.525293456166363,10.00333623780827,True,8,77.2,9.200000000000001,304.0,278.85,1.7756,58.672,53.81805,6.992,6.413550000000001,211.92600000000002,0.11917098445595856,8.391304347826086,1.0901918594226285,0.9172697368421053,0.25394736842105264,0.27685135377443065,0.030263157894736846,0.03299264837726376,3.937823834196891,33.04347826086956,3.6120466321243527,30.309782608695652,0.76,0.697125,1.3157894736842106,1.4344629729245113,5.181347150259067,43.47826086956522,2.8048921438957377,2.643840538206767,14.067125329527112,17.190736527966063,True,13,13.9425,0.12462532952711136,1.2953367875647668,12.695428103440186,-4.547473508864641e-13,1.1939951660481105,True,HIGH,HIGH_exp_log_rank_2,exponential,log,2,tau_p_div_u_r + tau_r_div_u_r + u_r_div_u_p + u_p_div_u_r + u_p_div_tau_p
91,20.0,2.56,14.35,4.125,13.695,0,0,0,13.695,33.24347166872315,1.2121212121212122,46.93847166872315,1.5724619149710894,True,6,82.5,51.2,287.0,273.9,10.56,59.19375,56.491875,36.736,35.059200000000004,196.52325,0.6206060606060606,1.611328125,1.0478276743336983,0.9543554006968642,0.2874564459930314,0.3012048192771084,0.178397212543554,0.1869295363271267,3.4787878787878785,5.60546875,3.3200000000000003,5.349609375,0.7175,0.68475,1.3937282229965158,1.4603870025556773,4.848484848484849,7.8125,3.8488376306410697,4.148575914795402,63.34372916897598,1.3491017782766062,True,7,13.695,49.64872916897598,1.2121212121212122,0.8649430751227312,-7.771561172376096e-15,0.42859112804409616,True,HIGH,HIGH_exp_log_rank_2,exponential,log,2,tau_p_div_u_r + tau_r_div_u_r + u_r_div_u_p + u_p_div_u_r + u_p_div_tau_p
94,20.0,2.24,16.29,4.125,15.185,0,0,0,15.185,36.934910613682646,1.2121212121212122,52.11991061368265,1.6343524111032697,True,6,82.5,44.800000000000004,325.79999999999995,303.7,9.24,67.19624999999999,62.638125,36.4896,34.0144,247.36365,0.5430303030303031,1.841517857142857,1.0727691801119525,0.9321669736034378,0.2532228360957643,0.2716496542640764,0.13750767341927564,0.14751399407309845,3.9490909090909088,7.272321428571428,3.681212121212121,6.779017857142857,0.8145,0.75925,1.2277470841006752,1.317089232795522,4.848484848484849,8.928571428571427,3.9535470372452477,4.0100043005121835,55.14710772376251,1.42956294024594,True,7,15.185,39.96210772376251,1.2121212121212122,0.9099894459464516,4.440892098500626e-16,0.7026419677720048,True,HIGH,HIGH_exp_log_rank_2,exponential,log,2,tau_p_div_u_r + tau_r_div_u_r + u_r_div_u_p + u_p_div_u_r + u_p_div_tau_p
97,20.0,0.98,16.9,3.925,13.655,0,0,0,13.655,17.423005323734152,1.2738853503184715,31.07800532373415,2.9328424113361327,True,4,78.5,19.6,338.0,273.09999999999997,3.8465,66.3325,53.59587499999999,16.561999999999998,13.3819,230.76949999999997,0.24968152866242038,4.005102040816326,1.2376418894177956,0.8079881656804734,0.2322485207100592,0.2874404979860857,0.05798816568047337,0.07176858293665324,4.305732484076433,17.24489795918367,3.478980891719745,13.933673469387754,0.845,0.68275,1.183431952662722,1.4646649578908826,5.095541401273886,20.408163265306122,3.4365003446668685,3.5650498056653968,35.34121355310358,2.4321109538986114,True,5,13.655,21.686213553103578,1.2738853503184715,1.545828425085415,-8.881784197001252e-16,0.28141794156620836,True,HIGH,HIGH_exp_log_rank_2,exponential,log,2,tau_p_div_u_r + tau_r_div_u_r + u_r_div_u_p + u_p_div_u_r + u_p_div_tau_p
100,20.0,1.12,15.69,3.865,14.2025,0,0,0,14.2025,9.330787016774106,1.2936610608020698,23.533287016774107,3.133851414322128,True,4,77.30000000000001,22.400000000000002,313.8,284.05,4.328800000000001,60.64185,54.89266250000001,17.5728,15.906800000000002,222.837225,0.2897800776196637,3.450892857142857,1.1047350818517865,0.9051943913320587,0.24633524537922247,0.2721351874669953,0.07138304652644997,0.0788593557472276,4.059508408796895,14.00892857142857,3.6746442432082795,12.680803571428571,0.7845,0.710125,1.2746972594008923,1.408202781200493,5.174644243208279,17.857142857142854,3.158415887703404,3.3277674555056374,27.876037686408452,2.527720710432567,True,5,14.2025,13.673537686408451,1.2936610608020698,1.598571891664452,-4.440892098500626e-16,-0.08011176462258796,True,HIGH,HIGH_exp_log_rank_2,exponential,log,2,tau_p_div_u_r + tau_r_div_u_r + u_r_div_u_p + u_p_div_u_r + u_p_div_tau_p
103,20.0,0.94,15.17,4.6125,14.2325,0,0,0,14.2325,3.230539541690666,1.0840108401084012,17.463039541690666,4.61254903129243,True,5,92.25,18.799999999999997,303.4,284.65,4.33575,69.971625,65.64740625,14.259799999999998,13.378549999999999,215.907025,0.2037940379403794,4.906914893617022,1.0658703671175127,0.9382003955174687,0.30405405405405406,0.32408220621816264,0.06196440342781806,0.0660460214298261,3.288888888888889,16.138297872340427,3.0856368563685637,15.140957446808512,0.7585,0.711625,1.3183915622940012,1.4052344985069383,4.336043360433605,21.27659574468085,2.860086621267729,2.9988483097968306,20.062417922606475,3.7066875675381703,True,6,14.2325,5.829917922606475,1.0840108401084012,2.3787479556821403,0.0,-0.5514773487217894,True,HIGH,HIGH_exp_log_rank_2,exponential,log,2,tau_p_div_u_r + tau_r_div_u_r + u_r_div_u_p + u_p_div_u_r + u_p_div_tau_p
106,20.0,6.69,11.06,7.0,11.03,0,0,0,11.03,6.769176332863529,0.7142857142857143,17.799176332863528,0.9707346090728766,True,10,140.0,133.8,221.20000000000002,220.6,46.830000000000005,77.42,77.21,73.99140000000001,73.7907,121.9918,0.9557142857142857,1.046337817638266,1.0027198549410699,0.9972875226039782,0.6329113924050632,0.6346328195829556,0.604882459312839,0.6065276518585676,1.58,1.6532137518684604,1.5757142857142856,1.6487294469357248,0.553,0.5515,1.8083182640144664,1.8132366273798732,2.857142857142857,2.9895366218236172,2.8791521827927578,3.7284846739614173,41.615998554057164,0.7719138525125857,True,11,11.03,30.585998554057163,0.7142857142857143,0.5265130230736403,-6.661338147750939e-16,0.010800884762805926,True,HIGH,HIGH_exp_log_rank_2,exponential,log,2,tau_p_div_u_r + tau_r_div_u_r + u_r_div_u_p + u_p_div_u_r + u_p_div_tau_p
109,20.0,0.47,14.84,3.8575,13.285,0,0,0,13.285,3.275885261750222,1.2961762799740766,16.560885261750222,9.133208341560495,True,8,77.15,9.399999999999999,296.8,265.7,1.8130249999999999,57.2453,51.2468875,6.974799999999999,6.24395,197.1494,0.12184057031756318,8.207446808510639,1.1170493037260067,0.8952156334231806,0.25993935309973043,0.2903650733910425,0.03167115902964959,0.03537824614226571,3.847051198963059,31.574468085106385,3.4439403758911213,28.265957446808514,0.742,0.66425,1.3477088948787062,1.5054572826496049,5.184705119896306,42.5531914893617,2.807043605363453,2.7500093483727235,15.642778118024925,9.577679135886425,True,9,13.285,2.3577781180249247,1.2961762799740766,6.37680101468434,-7.105427357601002e-15,0.4463910806251459,True,HIGH,HIGH_exp_log_rank_2,exponential,log,2,tau_p_div_u_r + tau_r_div_u_r + u_r_div_u_p + u_p_div_u_r + u_p_div_tau_p
112,20.0,0.46,18.37,4.1075,16.2525,0,0,0,16.2525,4.204330792736471,1.217285453438831,20.456830792736472,9.296747223836368,True,8,82.15,9.200000000000001,367.40000000000003,325.05,1.88945,75.454775,66.75714375,8.4502,7.4761500000000005,298.55842500000006,0.1119902617163725,8.929347826086955,1.1302876480541455,0.8847305389221557,0.22359825802939573,0.2527303491770497,0.025040827436037017,0.028303337948007996,4.472306755934267,39.934782608695656,3.956786366402922,35.33152173913044,0.9185000000000001,0.812625,1.0887316276537833,1.2305799107829565,4.869141813755325,43.47826086956522,3.0183168508098754,2.6644923441083623,14.360657422860216,,False,0,16.2525,-1.8918425771397853,1.2172854534388313,,,,False,HIGH,HIGH_exp_log_rank_2,exponential,log,2,tau_p_div_u_r + tau_r_div_u_r + u_r_div_u_p + u_p_div_u_r + u_p_div_tau_p
115,20.0,3.02,14.29,4.84,13.226666666666668,0,0,0,13.226666666666668,67.62238227774218,1.0330578512396695,80.84904894440885,1.2379494369579531,True,7,96.8,60.4,285.79999999999995,264.53333333333336,14.6168,69.16359999999999,64.01706666666668,43.1558,39.94453333333334,189.00906666666668,0.6239669421487604,1.6026490066225165,1.08039314516129,0.925588989969676,0.33869839048285516,0.36592741935483863,0.21133659902029392,0.22832661290322578,2.9524793388429753,4.731788079470198,2.732782369146006,4.379690949227373,0.7144999999999999,0.6613333333333334,1.3995801259622114,1.5120967741935483,4.132231404958678,6.622516556291391,4.392583822743154,4.188066989680981,65.89529149278674,1.139807184180989,True,8,13.226666666666668,52.66862482612007,1.0330578512396695,0.7304972693450229,0.0,0.8454827337044458,True,HIGH,HIGH_exp_log_rank_2,exponential,log,2,tau_p_div_u_r + tau_r_div_u_r + u_r_div_u_p + u_p_div_u_r + u_p_div_tau_p
118,20.0,0.84,14.83,3.88,12.9825,0,0,0,12.9825,7.331910697776193,1.288659793814433,20.314410697776193,4.123242699657944,True,5,77.6,16.8,296.6,259.65,3.2592,57.5404,50.372099999999996,12.4572,10.905299999999999,192.530475,0.21649484536082475,4.6190476190476195,1.1423069516657038,0.8754214430209035,0.26163182737693863,0.2988638551896784,0.056641942009440324,0.06470248411322935,3.8221649484536084,17.654761904761905,3.346005154639175,15.455357142857144,0.7415,0.649125,1.3486176668914363,1.5405353360292702,5.154639175257732,23.80952380952381,3.0113305207873995,3.208161630362622,24.73357495091978,3.2907012774925866,True,5,12.9825,11.751074950919781,1.288659793814433,2.080287814193202,-2.957634137601417e-13,-0.5743632943962105,True,HIGH,HIGH_exp_log_rank_2,exponential,log,2,tau_p_div_u_r + tau_r_div_u_r + u_r_div_u_p + u_p_div_u_r + u_p_div_tau_p
121,20.0,0.58,15.72,3.8475,12.52,0,0,0,12.52,8.509190021060213,1.299545159194282,21.029190021060213,5.626700720273117,True,6,76.95,11.6,314.40000000000003,250.39999999999998,2.23155,60.4827,48.170700000000004,9.1176,7.2616,196.8144,0.1507472384665367,6.6336206896551735,1.255591054313099,0.7964376590330788,0.24475190839694658,0.3073083067092652,0.03689567430025445,0.0463258785942492,4.085769980506822,27.10344827586207,3.254061078622482,21.586206896551726,0.786,0.626,1.272264631043257,1.597444089456869,5.198180636777128,34.48275862068966,3.045911473569172,3.237618924339685,25.472996348556496,4.671565231282107,True,6,12.52,12.952996348556496,1.299545159194282,2.953001425452074,-1.4228618283596006e-12,-1.2000185516151252,True,HIGH,HIGH_exp_log_rank_2,exponential,log,2,tau_p_div_u_r + tau_r_div_u_r + u_r_div_u_p + u_p_div_u_r + u_p_div_tau_p
124,20.0,0.72,15.23,3.9025,13.1975,0,0,0,13.1975,6.547895084347095,1.2812299807815504,19.745395084347095,4.922489465268678,True,6,78.05,14.399999999999999,304.6,263.95,2.8097999999999996,59.435075,51.503243749999996,10.9656,9.5022,200.997925,0.18449711723254325,5.420138888888889,1.1540064406137527,0.8665462902166776,0.2562376887721602,0.29569994317105514,0.04727511490479317,0.05455578708088653,3.9026265214606024,21.15277777777778,3.381806534272902,18.32986111111111,0.7615000000000001,0.659875,1.3131976362442548,1.5154385300246258,5.1249199231262015,27.77777777777778,2.982920303874822,3.1184531054291478,22.611375162556556,4.12081003453101,True,6,13.1975,9.413875162556556,1.2812299807815504,2.610329913159922,-8.881784197001252e-16,-0.5462518798534077,True,HIGH,HIGH_exp_log_rank_2,exponential,log,2,tau_p_div_u_r + tau_r_div_u_r + u_r_div_u_p + u_p_div_u_r + u_p_div_tau_p
127,20.0,2.99,16.39,4.513333333333333,14.923333333333332,0,0,0,14.923333333333332,140.10135047238424,1.1078286558345645,155.0246838057176,1.2549920885699382,True,7,90.26666666666665,59.800000000000004,327.8,298.46666666666664,13.494866666666665,73.97353333333332,67.35397777777776,49.0061,44.62076666666667,244.5934333333333,0.6624815361890696,1.5094760312151614,1.0982800982800984,0.9105145413870245,0.2753711612772015,0.3024346660710297,0.18242830994508846,0.20035738217556404,3.631462333825702,5.481605351170568,3.306499261447563,4.99108138238573,0.8195,0.7461666666666666,1.2202562538133008,1.3401831583649766,4.431314623338258,6.68896321070234,5.043584354599722,4.421995565931038,83.26227504099366,1.2008544926519378,True,7,14.923333333333332,68.33894170766033,1.1078286558345645,0.7733271454791437,-6.186517964579252e-11,1.2738160331448074,True,HIGH,HIGH_exp_log_rank_2,exponential,log,2,tau_p_div_u_r + tau_r_div_u_r + u_r_div_u_p + u_p_div_u_r + u_p_div_tau_p
130,20.0,2.78,17.18,4.13,15.5675,0,0,0,15.5675,173.2142161184181,1.2106537530266344,188.7817161184181,1.354578535378103,True,6,82.6,55.599999999999994,343.6,311.35,11.481399999999999,70.9534,64.293775,47.7604,43.27765,267.44965,0.6731234866828086,1.485611510791367,1.103581178737755,0.9061408614668219,0.24039580908032596,0.2652962903484824,0.1618160651920838,0.17857716396338524,4.159806295399516,6.179856115107914,3.7693704600484264,5.599820143884893,0.859,0.778375,1.1641443538998837,1.2847277982977356,4.842615012106537,7.194244604316547,5.240591406428729,4.497466095539994,89.78932523133881,1.306572759201542,True,7,15.5675,74.22182523133881,1.2106537530266344,0.8425949094545963,-4.318767565791859e-13,1.4242939319505319,True,HIGH,HIGH_exp_log_rank_2,exponential,log,2,tau_p_div_u_r + tau_r_div_u_r + u_r_div_u_p + u_p_div_u_r + u_p_div_tau_p
133,20.0,0.58,14.25,3.89,12.71,0,0,0,12.71,3.870375185655917,1.2853470437017995,16.580375185655917,6.937928600833182,True,7,77.8,11.6,285.0,254.20000000000002,2.2561999999999998,55.432500000000005,49.441900000000004,8.264999999999999,7.3718,181.1175,0.14910025706940871,6.706896551724139,1.121164437450826,0.8919298245614036,0.2729824561403509,0.3060582218725413,0.04070175438596491,0.04563335955940204,3.663239074550128,24.56896551724138,3.2673521850899743,21.913793103448278,0.7125,0.6355000000000001,1.4035087719298245,1.5735641227380015,5.141388174807198,34.48275862068966,2.808219778260284,2.9067650008563337,18.297510289841508,5.981754595582515,True,7,12.71,5.587510289841507,1.2853470437017995,3.8369498367602413,-7.283063041541027e-14,-0.5415575724827981,True,HIGH,HIGH_exp_log_rank_2,exponential,log,2,tau_p_div_u_r + tau_r_div_u_r + u_r_div_u_p + u_p_div_u_r + u_p_div_tau_p
136,20.0,2.48,15.4,4.18,14.19,0,0,0,14.19,62.34454554337887,1.1961722488038278,76.53454554337887,1.469660738779334,True,6,83.6,49.6,308.0,283.8,10.366399999999999,64.372,59.31419999999999,38.192,35.1912,218.526,0.5933014354066986,1.6854838709677418,1.0852713178294575,0.9214285714285714,0.2714285714285714,0.2945736434108527,0.16103896103896104,0.1747709654686399,3.68421052631579,6.209677419354839,3.3947368421052633,5.721774193548387,0.77,0.7095,1.2987012987012987,1.4094432699083863,4.784688995215311,8.064516129032258,4.337742214633297,4.191844660406909,66.14469298820327,1.3390324190520728,True,7,14.19,51.95469298820328,1.1961722488038278,0.8550784521232494,-3.552713678800501e-15,0.9246307611350435,True,HIGH,HIGH_exp_log_rank_2,exponential,log,2,tau_p_div_u_r + tau_r_div_u_r + u_r_div_u_p + u_p_div_u_r + u_p_div_tau_p
139,20.0,1.92,17.14,4.2125,16.56,0,0,0,16.56,9.158812659704571,1.1869436201780414,25.71881265970457,2.22655990128023,True,5,84.25,38.4,342.8,331.2,8.088000000000001,72.20225,69.759,32.9088,31.795199999999998,283.8384,0.4557863501483679,2.194010416666667,1.0350241545893721,0.9661610268378062,0.2457701283547258,0.25437801932367154,0.11201866977829637,0.11594202898550725,4.068842729970326,8.927083333333334,3.931157270029673,8.625,0.857,0.828,1.1668611435239207,1.2077294685990339,4.747774480712166,10.416666666666668,3.247222734217688,3.613694049873481,37.10285978786458,1.6738992378601736,True,6,16.56,20.542859787864582,1.1869436201780414,1.0658362358504208,-1.4295231665073516e-12,-0.03191836386354563,True,HIGH,HIGH_exp_log_rank_2,exponential,log,2,tau_p_div_u_r + tau_r_div_u_r + u_r_div_u_p + u_p_div_u_r + u_p_div_tau_p
142,20.0,1.79,15.01,4.84,14.9025,0,0,0,14.9025,0.8901040923931092,1.0330578512396695,15.792604092393107,3.4546415460563873,True,3,96.8,35.8,300.2,298.05,8.6636,72.6484,72.1281,26.8679,26.675475,223.686525,0.3698347107438017,2.7039106145251397,1.007213554772689,0.9928381079280479,0.3224516988674217,0.32477772185874854,0.11925383077948035,0.12011407481966113,3.1012396694214877,8.385474860335195,3.0790289256198347,8.325418994413408,0.7505,0.745125,1.3324450366422385,1.342056701895655,4.132231404958678,11.1731843575419,2.7595417350239027,3.344507687569615,28.346616839054096,1.7415643693355085,True,6,14.9025,13.444116839054097,1.0330578512396695,1.1063691782736593,-8.215650382226158e-14,-0.7531978672220605,True,HIGH,HIGH_exp_log_rank_2,exponential,log,2,tau_p_div_u_r + tau_r_div_u_r + u_r_div_u_p + u_p_div_u_r + u_p_div_tau_p
145,20.0,3.33,14.77,4.496666666666667,14.159999999999998,0,0,0,14.159999999999998,71.68575820940592,1.111934766493699,85.84575820940591,1.2931877819034847,True,7,89.93333333333334,66.6,295.4,283.2,14.973900000000002,66.41576666666667,63.672799999999995,49.1841,47.15279999999999,209.14319999999998,0.7405485544848035,1.3503503503503504,1.0430790960451979,0.958700067704807,0.3044459489957121,0.31756120527306975,0.22545700744752878,0.23516949152542377,3.2846553002223864,4.435435435435435,3.148999258710155,4.2522522522522515,0.7384999999999999,0.708,1.3540961408259986,1.4124293785310735,4.447739065974796,6.006006006006006,4.452552176797305,4.442049115900172,84.94883345611017,1.1860785687537767,True,8,14.159999999999998,70.78883345611017,1.111934766493699,0.7735786140345706,2.220446049250313e-16,0.5008948133168729,True,HIGH,HIGH_exp_log_rank_2,exponential,log,2,tau_p_div_u_r + tau_r_div_u_r + u_r_div_u_p + u_p_div_u_r + u_p_div_tau_p
148,20.0,2.23,15.49,4.3774999999999995,14.875,0,0,0,14.875,14.10295307840756,1.142204454597373,28.97795307840756,1.8301286904573817,True,5,87.54999999999998,44.6,309.8,297.5,9.761824999999998,67.807475,65.11531249999999,34.5427,33.17125,230.41375,0.5094231867504284,1.9630044843049326,1.041344537815126,0.960296965784377,0.2826016785022595,0.29428571428571426,0.14396384764364106,0.14991596638655463,3.538549400342662,6.946188340807175,3.3980582524271847,6.670403587443946,0.7745,0.74375,1.2911555842479019,1.3445378151260505,4.568817818389492,8.968609865470851,3.366535302182904,3.819652846758129,45.588379419773325,1.415518448771691,True,7,14.875,30.713379419773325,1.142204454597373,0.9000487427839486,2.220446049250313e-16,0.15061782101568189,True,HIGH,HIGH_exp_log_rank_2,exponential,log,2,tau_p_div_u_r + tau_r_div_u_r + u_r_div_u_p + u_p_div_u_r + u_p_div_tau_p
151,20.0,0.99,15.85,3.6125,14.965,0,0,0,14.965,4.712295648967803,1.384083044982699,19.677295648967803,4.185634509215309,True,5,72.25,19.8,317.0,299.3,3.5763749999999996,57.25812499999999,54.0610625,15.6915,14.81535,237.19525,0.27404844290657443,3.648989898989899,1.0591379886401604,0.9441640378548896,0.2279179810725552,0.24139659204811226,0.062460567823343846,0.06615436017373873,4.387543252595155,16.01010101010101,4.142560553633218,15.116161616161616,0.7925,0.74825,1.2618296529968454,1.3364517206815905,5.536332179930796,20.2020202020202,2.979465465970649,3.085392786395448,21.87605777264361,3.4790132849715003,True,5,14.965,6.911057772643609,1.384083044982699,2.229823003224067,-2.4632740291963273e-11,-0.17222973524677965,True,HIGH,HIGH_exp_log_rank_2,exponential,log,2,tau_p_div_u_r + tau_r_div_u_r + u_r_div_u_p + u_p_div_u_r + u_p_div_tau_p
154,20.0,5.1,14.28,31.453947067343865,13.490170336848536,0,1,1,13.490170336848536,2.087839211051561,0.1589625616554528,15.578009547900097,0.9263059984631752,True,8,629.0789413468773,102.0,285.59999999999997,269.8034067369707,160.4151300434537,449.16236412167035,424.3191037046862,72.82799999999999,68.79986871792752,192.6396324101971,0.16214181288856191,6.167440601439974,1.0585485315180962,0.9446897994991972,2.2026573576571336,2.3316197113854886,0.35714285714285715,0.37805304697074865,0.45399707608797335,2.8000000000000003,0.42888640678276935,2.6451314385977525,0.714,0.6745085168424267,1.400560224089636,1.4825609685127399,0.6358502466218114,3.9215686274509807,2.745860275406806,1.8461389375490769,6.335311206764562,,False,0,13.490170336848536,-7.154859130083974,0.15896256165545286,,,,False,HIGH,HIGH_exp_log_rank_2,exponential,log,2,tau_p_div_u_r + tau_r_div_u_r + u_r_div_u_p + u_p_div_u_r + u_p_div_tau_p
157,20.0,1.32,14.36,3.9,13.5925,0,0,0,13.5925,6.126023681195667,1.2820512820512822,19.718523681195663,3.032176279008363,True,4,78.0,26.400000000000002,287.2,271.84999999999997,5.148,56.004,53.010749999999994,18.9552,17.9421,195.18829999999997,0.3384615384615385,2.954545454545454,1.0564649622953834,0.9465529247910863,0.27158774373259054,0.28692293544233954,0.09192200557103065,0.09711237814971492,3.682051282051282,10.878787878787877,3.4852564102564103,10.297348484848484,0.718,0.6796249999999999,1.392757660167131,1.4713996689350746,5.128205128205129,15.15151515151515,2.9815584823353065,3.3607435075895906,28.810603820515315,2.1611809908879915,True,5,13.5925,15.218103820515315,1.2820512820512822,1.3670245030691865,-5.774936084890214e-12,-0.3721263120610594,True,HIGH,HIGH_exp_log_rank_2,exponential,log,2,tau_p_div_u_r + tau_r_div_u_r + u_r_div_u_p + u_p_div_u_r + u_p_div_tau_p
160,20.0,1.07,14.3,3.895,13.0025,0,0,0,13.0025,7.31537030166651,1.2836970474967908,20.31787030166651,3.3651116062820727,True,4,77.9,21.400000000000002,286.0,260.05,4.16765,55.6985,50.6447375,15.301000000000002,13.912675,185.93575,0.27471116816431324,3.6401869158878504,1.0997885022111134,0.9092657342657342,0.27237762237762236,0.29955777735050954,0.07482517482517483,0.08229186694866372,3.671373555840822,13.36448598130841,3.338254172015404,12.151869158878503,0.7150000000000001,0.650125,1.3986013986013985,1.5381657373582005,5.134788189987163,18.69158878504673,3.011500809228687,3.2926676594896325,26.91456687322076,2.5371701034767535,True,4,13.0025,13.91206687322076,1.2836970474967908,1.603798163375989,-1.7763568394002505e-15,-0.44282096526868386,True,HIGH,HIGH_exp_log_rank_2,exponential,log,2,tau_p_div_u_r + tau_r_div_u_r + u_r_div_u_p + u_p_div_u_r + u_p_div_tau_p
163,20.0,0.5,16.89,3.8625,15.2325,0,0,0,15.2325,3.655467066441505,1.2944983818770228,18.887967066441504,8.601598077321363,True,8,77.25,10.0,337.8,304.65,1.93125,65.237625,58.835531249999995,8.445,7.61625,257.276925,0.12944983818770228,7.725,1.1088133924175283,0.9018650088809946,0.2286856127886323,0.2535696701132447,0.02960331557134399,0.03282455276546857,4.3728155339805825,33.78,3.9436893203883496,30.465,0.8445,0.761625,1.1841326228537596,1.312982110618743,5.177993527508091,40.0,2.9385250561583067,2.697363092363532,14.840546932703015,,False,0,15.2325,-0.39195306729698487,1.2944983818770228,,,,False,HIGH,HIGH_exp_log_rank_2,exponential,log,2,tau_p_div_u_r + tau_r_div_u_r + u_r_div_u_p + u_p_div_u_r + u_p_div_tau_p
166,20.0,0.75,16.87,3.8625,15.795,0,0,0,15.795,3.4935563581594646,1.2944983818770228,19.288556358159465,5.80409010742513,True,6,77.25,15.0,337.40000000000003,315.9,2.8968749999999996,65.160375,61.0081875,12.6525,11.84625,266.46165,0.1941747572815534,5.1499999999999995,1.068059512503957,0.9362774155305275,0.22895672791938348,0.24453941120607786,0.04445761707172495,0.04748338081671415,4.3676375404530745,22.493333333333336,4.089320388349515,21.06,0.8435,0.78975,1.1855364552459988,1.2662234884457106,5.177993527508091,26.666666666666668,2.9595119852450873,2.833641280037045,17.007276468494393,7.081914879499811,True,8,15.795,1.2122764684943927,1.2944983818770228,4.8554318636445375,2.842170943040401e-14,0.6997760227143308,True,HIGH,HIGH_exp_log_rank_2,exponential,log,2,tau_p_div_u_r + tau_r_div_u_r + u_r_div_u_p + u_p_div_u_r + u_p_div_tau_p
169,20.0,3.93,16.61,4.553333333333334,16.513333333333332,0,0,0,16.513333333333332,14.198414912137522,1.0980966325036603,30.711748245470854,1.4757256498343354,True,7,91.06666666666668,78.60000000000001,332.2,330.26666666666665,17.8946,75.63086666666668,75.19071111111111,65.2773,64.89739999999999,274.2864666666666,0.863103953147877,1.1586089906700594,1.0058538554703271,0.9941802127232591,0.2741320489664861,0.27573677836092053,0.23660445514750153,0.2379895034315705,3.647877013177159,4.226463104325699,3.626647144948755,4.20186598812553,0.8305,0.8256666666666665,1.2040939193257074,1.2111425111021399,4.392386530014641,5.089058524173028,3.424645260395781,4.697208282038682,109.6406590046137,1.151778439662691,True,8,16.513333333333332,93.12732567128036,1.0980966325036603,0.7675680979384507,-2.8954616482224083e-13,0.03867989993511417,True,HIGH,HIGH_exp_log_rank_2,exponential,log,2,tau_p_div_u_r + tau_r_div_u_r + u_r_div_u_p + u_p_div_u_r + u_p_div_tau_p
172,20.0,1.88,15.76,4.13,14.8875,0,0,0,14.8875,14.997831291761866,1.2106537530266344,29.885331291761865,2.0220034481788933,True,5,82.6,37.599999999999994,315.2,297.75,7.764399999999999,65.08879999999999,61.485375,29.6288,27.9885,234.62699999999998,0.4552058111380145,2.1968085106382977,1.0586062132661629,0.9446383248730964,0.2620558375634518,0.27741393786733837,0.11928934010152284,0.12628043660789254,3.8159806295399514,8.382978723404255,3.6047215496368037,7.9188829787234045,0.788,0.744375,1.2690355329949239,1.343408900083963,4.842615012106537,10.638297872340425,3.3973677677681233,3.7085815777536126,40.79589965686785,1.6007063208093422,True,6,14.8875,25.908399656867854,1.2106537530266344,1.0146867680514187,-4.312550316853958e-12,0.22418628427403897,True,HIGH,HIGH_exp_log_rank_2,exponential,log,2,tau_p_div_u_r + tau_r_div_u_r + u_r_div_u_p + u_p_div_u_r + u_p_div_tau_p
175,20.0,1.85,17.29,4.1125,16.4125,0,0,0,16.4125,14.29966321375646,1.21580547112462,30.71216321375646,2.100213453400296,True,5,82.25,37.0,345.79999999999995,328.25,7.608125,71.10512499999999,67.49640625,31.9865,30.363125000000004,283.772125,0.4498480243161095,2.222972972972973,1.0534653465346533,0.949248120300752,0.23785425101214575,0.25057121096725055,0.10699826489300175,0.11271896420411272,4.2042553191489365,9.345945945945944,3.990881458966566,8.871621621621623,0.8644999999999999,0.820625,1.156737998843262,1.2185833968012185,4.86322188449848,10.81081081081081,3.4246587720161177,3.6502538878129416,38.48443553797358,1.696359266697218,True,6,16.4125,22.07193553797358,1.21580547112462,1.0781592743696884,-3.6060043839825084e-13,0.21797384664330943,True,HIGH,HIGH_exp_log_rank_2,exponential,log,2,tau_p_div_u_r + tau_r_div_u_r + u_r_div_u_p + u_p_div_u_r + u_p_div_tau_p
178,20.0,2.12,13.69,4.1575,12.965,0,0,0,12.965,17.833183532648366,1.2026458208057729,30.79818353264837,1.8070468059221405,True,5,83.14999999999999,42.400000000000006,273.8,259.3,8.8139,56.916174999999996,53.9019875,29.0228,27.4858,177.49085,0.5099218280216476,1.9610849056603772,1.0559197840339376,0.9470416362308255,0.30368882395909425,0.32067103740840724,0.15485756026296568,0.16351716158889318,3.292844257366206,6.4575471698113205,3.118460613349369,6.1155660377358485,0.6845,0.64825,1.460920379839299,1.5426147319706904,4.8105832832230915,9.433962264150942,3.427455712027648,3.8615119089921297,47.53716893753617,1.4367652351919675,True,7,12.965,34.572168937536176,1.2026458208057729,0.9113830130408782,0.0,0.28495502697235797,True,HIGH,HIGH_exp_log_rank_2,exponential,log,2,tau_p_div_u_r + tau_r_div_u_r + u_r_div_u_p + u_p_div_u_r + u_p_div_tau_p
181,20.0,0.9,17.84,3.925,14.94,0,0,0,14.94,13.029435602700998,1.2738853503184715,27.969435602700997,3.4621547532157915,True,5,78.5,18.0,356.8,298.8,3.5324999999999998,70.02199999999999,58.6395,16.056,13.446,266.5296,0.22929936305732485,4.361111111111111,1.1941097724230254,0.8374439461883408,0.22001121076233182,0.26271753681392235,0.05044843049327354,0.06024096385542169,4.545222929936306,19.822222222222223,3.8063694267515924,16.599999999999998,0.892,0.747,1.1210762331838564,1.3386880856760375,5.095541401273886,22.22222222222222,3.3311123283438837,3.36296246446821,28.874604288919535,3.0555099529941008,True,5,14.94,13.934604288919536,1.2738853503184715,1.9315255228913775,0.0,0.31827548643231474,True,HIGH,HIGH_exp_log_rank_2,exponential,log,2,tau_p_div_u_r + tau_r_div_u_r + u_r_div_u_p + u_p_div_u_r + u_p_div_tau_p
184,20.0,3.98,15.12,4.75,14.85,0,0,0,14.85,45.661479023586836,1.0526315789473684,60.51147902358684,1.247654255784918,True,7,95.0,79.6,302.4,297.0,18.905,71.82,70.5375,60.1776,59.103,224.53199999999998,0.8378947368421052,1.1934673366834172,1.018181818181818,0.9821428571428572,0.3141534391534392,0.31986531986531985,0.26322751322751325,0.26801346801346804,3.183157894736842,3.798994974874372,3.126315789473684,3.7311557788944723,0.756,0.7424999999999999,1.3227513227513228,1.3468013468013469,4.2105263157894735,5.025125628140704,4.102833082966266,4.60957452675481,100.44140541305991,1.1050375206731171,True,8,14.85,85.59140541305992,1.0526315789473684,0.7328864882481421,-1.8742785101721893e-12,0.20848679441438323,True,HIGH,HIGH_exp_log_rank_2,exponential,log,2,tau_p_div_u_r + tau_r_div_u_r + u_r_div_u_p + u_p_div_u_r + u_p_div_tau_p
187,20.0,0.7,16.09,3.88,11.71,0,0,0,11.71,14.993697153202367,1.288659793814433,26.70369715320237,3.931657649182005,True,5,77.6,14.0,321.8,234.20000000000002,2.7159999999999997,62.429199999999994,45.4348,11.263,8.197000000000001,188.4139,0.18041237113402062,5.542857142857143,1.3740392826643892,0.7277812305779988,0.24114356743318832,0.33134073441502987,0.043505282784338094,0.05977796754910332,4.146907216494846,22.985714285714288,3.0180412371134024,16.72857142857143,0.8045,0.5855,1.2430080795525171,1.7079419299743808,5.154639175257732,28.571428571428573,3.2848020259774886,3.6270948935484943,37.60341585769076,3.054583681070823,True,5,11.71,25.893415857690762,1.288659793814433,1.968914588513638,0.0,-1.6936367472785303,True,HIGH,HIGH_exp_log_rank_2,exponential,log,2,tau_p_div_u_r + tau_r_div_u_r + u_r_div_u_p + u_p_div_u_r + u_p_div_tau_p
190,20.0,2.95,17.57,4.833333333333333,15.660000000000002,0,0,0,15.660000000000002,133.5433516563727,1.0344827586206895,149.2033516563727,1.194201194728314,True,7,96.66666666666666,59.0,351.4,313.20000000000005,14.258333333333333,84.92166666666667,75.69,51.831500000000005,46.19700000000001,275.1462,0.610344827586207,1.638418079096045,1.1219667943805873,0.8912919749573137,0.2750901157275659,0.3086419753086419,0.16789982925441094,0.1883780332056194,3.6351724137931036,5.95593220338983,3.2400000000000007,5.308474576271187,0.8785000000000001,0.7830000000000001,1.1383039271485487,1.2771392081736908,4.137931034482759,6.779661016949152,5.005310151702148,4.3412393119164046,76.80266283754372,1.1466881043042665,True,7,15.660000000000002,61.14266283754372,1.0344827586206897,0.7335752065048255,2.220446049250313e-16,1.6271438431522385,True,HIGH,HIGH_exp_log_rank_2,exponential,log,2,tau_p_div_u_r + tau_r_div_u_r + u_r_div_u_p + u_p_div_u_r + u_p_div_tau_p
193,20.0,0.48,15.79,3.91,12.4225,0,0,0,12.4225,7.40432598861948,1.278772378516624,19.82682598861948,7.151633571136485,True,7,78.2,9.6,315.79999999999995,248.45,1.8768,61.7389,48.571975,7.579199999999999,5.9628,196.15127499999997,0.1227621483375959,8.145833333333334,1.2710807003421212,0.7867321089297024,0.2476250791640279,0.31475145904608576,0.03039898670044332,0.03863956530489032,4.038363171355498,32.895833333333336,3.1771099744245523,25.880208333333332,0.7895,0.6211249999999999,1.266624445851805,1.6099818877037635,5.115089514066496,41.66666666666667,2.9870358686322853,3.1450433191660596,23.22068135204879,6.143784992242655,True,7,12.4225,10.79818135204879,1.278772378516624,3.8907186893245918,-2.6645352591003757e-14,-1.2608262091589495,True,HIGH,HIGH_exp_log_rank_2,exponential,log,2,tau_p_div_u_r + tau_r_div_u_r + u_r_div_u_p + u_p_div_u_r + u_p_div_tau_p
196,20.0,1.09,17.51,3.86,14.9375,0,0,0,14.9375,16.553387035413166,1.2953367875647668,31.490887035413166,2.8169440230151195,True,3,77.2,21.8,350.20000000000005,298.75,4.2074,67.5886,57.65875,19.085900000000002,16.281875,261.555625,0.2823834196891192,3.5412844036697244,1.1722175732217575,0.8530839520274128,0.22044545973729296,0.2584100418410042,0.06225014277555682,0.07297071129707114,4.536269430051814,16.06422018348624,3.869818652849741,13.704128440366972,0.8755000000000001,0.746875,1.1422044545973729,1.3389121338912133,5.181347150259067,18.34862385321101,3.4496982035130617,3.483568326220141,32.57575585330982,2.4385921001796613,True,5,14.9375,17.638255853309822,1.2953367875647668,1.5417126865192738,0.0,0.5575146224912721,True,HIGH,HIGH_exp_log_rank_2,exponential,log,2,tau_p_div_u_r + tau_r_div_u_r + u_r_div_u_p + u_p_div_u_r + u_p_div_tau_p
199,20.0,2.66,17.29,4.3725000000000005,16.490000000000002,0,0,0,16.490000000000002,37.39926722177272,1.1435105774728416,53.88926722177272,1.504191322919805,True,6,87.45000000000002,53.2,345.79999999999995,329.80000000000007,11.630850000000002,75.600525,72.10252500000001,45.9914,43.863400000000006,285.1121,0.6083476272155517,1.643796992481203,1.048514251061249,0.9537304800462697,0.2528918449971082,0.2651607034566404,0.15384615384615385,0.1613098847786537,3.9542595769010855,6.499999999999999,3.7712978845054317,6.199248120300752,0.8644999999999999,0.8245000000000001,1.156737998843262,1.212856276531231,4.574042309891366,7.518796992481203,3.986931334186835,4.122178159554551,61.693474252410645,1.3121433486602578,True,7,16.490000000000002,45.20347425241064,1.1435105774728416,0.8422230227216299,-9.325873406851315e-14,0.5225898029217366,True,HIGH,HIGH_exp_log_rank_2,exponential,log,2,tau_p_div_u_r + tau_r_div_u_r + u_r_div_u_p + u_p_div_u_r + u_p_div_tau_p
202,20.0,5.68,13.66,6.0,13.51,0,0,0,13.51,45.684267603740025,0.8333333333333334,59.19426760374002,0.9611956816495174,True,9,120.0,113.6,273.2,270.2,34.08,81.96000000000001,81.06,77.58879999999999,76.73679999999999,184.5466,0.9466666666666667,1.0563380281690142,1.0111028867505552,0.9890190336749634,0.43923865300146414,0.4441154700222058,0.41581259150805266,0.42042931162102143,2.276666666666667,2.404929577464789,2.2516666666666665,2.3785211267605635,0.683,0.6755,1.4641288433382138,1.4803849000740192,3.3333333333333335,3.5211267605633805,4.08082470618363,4.491600166904828,89.26416922699936,0.8697570878900434,True,10,13.51,75.75416922699935,0.8333333333333334,0.5885229475570181,-2.220446049250313e-16,0.12209174218717495,True,HIGH,HIGH_exp_log_rank_2,exponential,log,2,tau_p_div_u_r + tau_r_div_u_r + u_r_div_u_p + u_p_div_u_r + u_p_div_tau_p
244,2755.0,2.29,30.401,13.0,2.493,0,0,0,2.493,191.4872115140508,0.3846153846153846,193.9802115140508,0.5794840127037909,True,8,35815.0,6308.95,83754.755,6868.214999999999,29.77,395.213,32.409,69.61829,5.70897,75.789693,0.17615384615384616,5.676855895196506,12.194544725230646,0.08200388145126805,0.42761751258182296,5.2146008824709185,0.07532646952402881,0.9185720016044926,2.3385384615384615,13.275545851528385,0.19176923076923075,1.0886462882096068,0.011034845735027223,0.0009049001814882032,90.62201901253248,1105.0942639390294,211.92307692307693,1203.056768558952,5.267756151355826,4.867496496813361,129.9950661201412,0.5463665767842814,True,9,2.493,127.5020661201412,0.38461538461538464,0.44851213349905855,-3.0754954138956236e-11,12.26329523762655,True,HIGH,HIGH_exp_log_rank_2,exponential,log,2,tau_p_div_u_r + tau_r_div_u_r + u_r_div_u_p + u_p_div_u_r + u_p_div_tau_p
258,5512.0,2.09,55.263,15.0,3.813,0,0,0,3.813,190.18212243089908,0.3333333333333333,193.99512243089907,0.7174733228095233,True,8,82680.0,11520.08,304609.656,21017.256,31.349999999999998,828.9449999999999,57.195,115.49967,7.96917,210.717819,0.13933333333333334,7.177033492822967,14.493312352478362,0.06899733999239999,0.27142934694099125,3.9339103068450036,0.03781915567377812,0.5481248360870705,3.6841999999999997,26.441626794258376,0.25420000000000004,1.8244019138755982,0.010025943396226415,0.0006917634252539913,99.74123735591625,1445.5809074219774,367.46666666666664,2637.32057416268,5.267833016638493,5.720257654669913,304.9834932557555,0.6816060676653413,True,9,3.813,301.1704932557555,0.3333333333333333,0.5122947449087697,4.440892098500626e-16,-25.222559098408553,True,HIGH,HIGH_exp_log_rank_2,exponential,log,2,tau_p_div_u_r + tau_r_div_u_r + u_r_div_u_p + u_p_div_u_r + u_p_div_tau_p
323,2.0,1.7,7.35,10.484649022447956,2.2212250296583855,0,1,1,2.2212250296583855,20.160376750419932,0.4768876849663586,22.381601780078316,1.0379375597762583,True,6,20.96929804489591,3.4,14.7,4.442450059316771,17.823903338161525,77.06217031499247,23.288764835844724,12.495,3.7760825504192552,16.326003967989134,0.16214181288856191,6.167440601439974,3.308984862794562,0.30220748702835176,1.4264828601970008,4.720210191427767,0.23129251700680273,0.765343437653164,0.701024896900547,4.323529411764706,0.21185497243662374,1.3066029586225798,3.675,1.1106125148291928,0.272108843537415,0.90040404429784,0.19075507398654343,1.1764705882352942,3.1082392722653607,2.8593181517005686,17.44962488229167,0.9816704717041436,True,7,2.2212250296583855,15.228399852633284,0.4768876849663586,0.6804183213449999,-4.9882764585618133e-11,1.6477542561993737,True,HIGH,HIGH_exp_log_rank_2,exponential,log,2,tau_p_div_u_r + tau_r_div_u_r + u_r_div_u_p + u_p_div_u_r + u_p_div_tau_p
