Features,Feature_List,Branch_Signature,N_Features,R2_train_log,RMSE_train_log,R2_val_log,RMSE_val_log,R2_test_log,RMSE_test_log,R2_cv_mean_log,R2_cv_std_log,R2_train_d,RMSE_train_d,R2_val_d,RMSE_val_d,R2_test_d,RMSE_test_d,Selection_Mode,Selection_Score
u_r_x_u_p + u_p_x_tau_p + tau_r_div_tau_p + u_p_div_tau_p + tau_p_div_u_r + tau_r_div_u_p,"['u_r_x_u_p', 'u_p_x_tau_p', 'tau_r_div_tau_p', 'u_p_div_tau_p', 'tau_p_div_u_r', 'tau_r_div_u_p']",core_taup_over_ur | core_up_xtaup | product | ratio,6,0.8441985527152862,0.9469633856843473,0.8315838180069443,0.9720335454473005,0.8020933334459056,1.006534119197953,0.8164071931905352,0.05622117860673451,0.031480929099935495,97.71142372824572,0.34356310815033664,16.57056938217398,0.748570980454091,18.91997320377182,d,0.6861445868849307
u_r_x_u_p + u_p_x_tau_p + tau_r_div_tau_p + u_r_div_tau_p + tau_p_div_u_r + tau_r_div_u_p,"['u_r_x_u_p', 'u_p_x_tau_p', 'tau_r_div_tau_p', 'u_r_div_tau_p', 'tau_p_div_u_r', 'tau_r_div_u_p']",core_taup_over_ur | core_up_xtaup | product | ratio,6,0.8303995285236603,0.9880091602535584,0.8346879325556591,0.9630340057463839,0.7787628039431551,1.0642100648048327,0.802842407489053,0.05822352041534819,-0.14807057637888632,106.38381154843154,0.3502190770013376,16.486346357788154,0.7191104981573659,19.9977239936762,d,0.6858179287043293
tau_r_MPa + u_r_x_u_p + u_p_x_tau_p + u_p_div_tau_p + tau_p_div_u_r + tau_r_div_u_p,"['tau_r_MPa', 'u_r_x_u_p', 'u_p_x_tau_p', 'u_p_div_tau_p', 'tau_p_div_u_r', 'tau_r_div_u_p']",base_taur | core_taup_over_ur | core_up_xtaup | product | ratio,6,0.8417997359870079,0.9542255601026757,0.8356198238249999,0.9603157791470635,0.8095478592249752,0.9873956702743708,0.8074844702394766,0.052285150527760414,0.09349003190550198,94.53171674149716,0.34422037905168446,16.562271493319525,0.7569734523627286,18.60114485476112,d,0.6827340991186468
u_r_x_u_p + u_p_x_tau_p + tau_r_div_tau_p + u_r_div_tau_p + tau_p_div_u_r + tau_p_div_u_p,"['u_r_x_u_p', 'u_p_x_tau_p', 'tau_r_div_tau_p', 'u_r_div_tau_p', 'tau_p_div_u_r', 'tau_p_div_u_p']",core_taup_over_ur | core_up_xtaup | product | ratio,6,0.8318618312269679,0.9837406102730386,0.8313193670458594,0.9727964008122301,0.77333416909582,1.077187530746792,0.803598020691959,0.06548307945452839,0.14199410584553884,91.9679251373856,0.347167032591167,16.52501948019055,0.7499587538919215,18.867686145176982,d,0.6824177349916937
tau_r_MPa + u_r_x_u_p + u_p_x_tau_p + u_r_div_tau_p + tau_p_div_u_r + tau_r_div_u_p,"['tau_r_MPa', 'u_r_x_u_p', 'u_p_x_tau_p', 'u_r_div_tau_p', 'tau_p_div_u_r', 'tau_r_div_u_p']",base_taur | core_taup_over_ur | core_up_xtaup | product | ratio,6,0.8237369224248129,1.0072287598159038,0.8338669543960417,0.9654223695085047,0.7748008000762748,1.0736969286019074,0.7890736544685477,0.052498956603089945,0.07436130588476109,95.52389079350276,0.3519330455231029,16.46458845740524,0.7376145696381153,19.327811174974133,d,0.6812199770970678
u_r_x_u_p + u_p_x_tau_p + u_p_div_tau_p + tau_p_div_u_r + tau_r_div_u_p + sigma_n_div_u_r,"['u_r_x_u_p', 'u_p_x_tau_p', 'u_p_div_tau_p', 'tau_p_div_u_r', 'tau_r_div_u_p', 'sigma_n_div_u_r']",core_sigma_combo | core_taup_over_ur | core_up_xtaup | product | ratio,6,0.848540765008329,0.9336741242391664,0.8476253410043391,0.9245826030099329,0.8114984594092773,0.9823262309968216,0.8215762992512469,0.047326396105911744,-0.07929674893722116,103.14820801054307,0.3323739185158672,16.711198137909363,0.7156656189516739,20.11997813529745,d,0.6784294285308993
u_r_x_u_p + u_p_x_tau_r + tau_r_div_tau_p + u_r_div_tau_p + tau_p_div_u_r + tau_r_div_u_p,"['u_r_x_u_p', 'u_p_x_tau_r', 'tau_r_div_tau_p', 'u_r_div_tau_p', 'tau_p_div_u_r', 'tau_r_div_u_p']",core_taup_over_ur | product | ratio,6,0.8311578706288385,0.9857978209948676,0.8304487078510244,0.9753037544896048,0.776729730387206,1.0690886960037969,0.7979437499340005,0.0693470413750015,0.18258847158298275,89.76595016483039,0.34578995386255185,16.54243914658606,0.7418144037053825,19.172503296468026,d,0.6778271246920519
sigma_n_x_u_p + u_r_x_u_p + u_p_x_tau_p + u_p_div_tau_p + tau_p_div_u_r + tau_r_div_u_p,"['sigma_n_x_u_p', 'u_r_x_u_p', 'u_p_x_tau_p', 'u_p_div_tau_p', 'tau_p_div_u_r', 'tau_r_div_u_p']",core_sigma_combo | core_taup_over_ur | core_up_xtaup | product | ratio,6,0.844501123454933,0.9460434242161814,0.8380995579193942,0.9530448994829724,0.8110332373401898,0.9835376752604126,0.8167129673920932,0.05369482860538704,0.013772430768411614,98.60066007905361,0.33475890846694345,16.681322359141532,0.7294055658513272,19.62782809791031,d,0.6777459093024513
sigma_n_x_tau_r + u_r_x_u_p + u_p_x_tau_p + u_p_div_tau_p + tau_p_div_u_r + tau_r_div_u_p,"['sigma_n_x_tau_r', 'u_r_x_u_p', 'u_p_x_tau_p', 'u_p_div_tau_p', 'tau_p_div_u_r', 'tau_r_div_u_p']",core_sigma_combo | core_taup_over_ur | core_up_xtaup | product | ratio,6,0.8434759954509892,0.9491567022531244,0.8370163309224568,0.956227852212973,0.8108459211971164,0.9840250277665219,0.8144617077716688,0.052893015217275866,-0.0230423716364212,100.42412667748908,0.335429154479317,16.672916829529107,0.7322161156130018,19.52562906272452,d,0.6773707068434237
u_r_x_u_p + u_p_x_tau_r + tau_r_div_tau_p + u_p_div_tau_p + tau_p_div_u_r + tau_r_div_u_p,"['u_r_x_u_p', 'u_p_x_tau_r', 'tau_r_div_tau_p', 'u_p_div_tau_p', 'tau_p_div_u_r', 'tau_r_div_u_p']",core_taup_over_ur | product | ratio,6,0.8437119035683632,0.9484411627932956,0.8291556769251112,0.9790156185549703,0.7978068834443821,1.017375962519909,0.812282738746499,0.06221287229596262,0.1824125140046703,89.77561124051432,0.33715643369786685,16.651235529515215,0.7472038583260442,18.971341276683404,d,0.6770765158415201
u_r_x_u_p + u_p_x_tau_r + tau_r_div_tau_p + u_r_div_tau_p + tau_p_div_u_r + tau_p_div_u_p,"['u_r_x_u_p', 'u_p_x_tau_r', 'tau_r_div_tau_p', 'u_r_div_tau_p', 'tau_p_div_u_r', 'tau_p_div_u_p']",core_taup_over_ur | product | ratio,6,0.8298480364201265,0.9896142177640036,0.8273455035253525,0.9841885105177144,0.771544957511437,1.081430622807835,0.796545996893043,0.07278771329654729,0.18854242803643106,89.4384288702157,0.34422337538502945,16.56223365580411,0.723307778411818,19.847750469209725,d,0.6752176025018961
u_r_mm + u_p_x_tau_p + u_r_div_u_p + tau_r_div_tau_p + u_p_div_tau_p + tau_p_div_u_r,"['u_r_mm', 'u_p_x_tau_p', 'u_r_div_u_p', 'tau_r_div_tau_p', 'u_p_div_tau_p', 'tau_p_div_u_r']",base_ur | core_taup_over_ur | core_up_xtaup | product | ratio,6,0.8434367383711445,0.9492757216473777,0.5585001136789596,1.5738184858498296,0.7631477861280136,1.101125989810415,0.8151524502370322,0.04781227647361717,-0.5444063611023087,123.38774970578238,0.32842245642633905,16.76057925697267,0.6310762640894841,22.918232187158143,d,0.6712174538974934
tau_peak_MPa_csds + u_r_x_u_p + u_p_x_tau_p + u_p_div_tau_p + tau_p_div_u_r + tau_r_div_u_p,"['tau_peak_MPa_csds', 'u_r_x_u_p', 'u_p_x_tau_p', 'u_p_div_tau_p', 'tau_p_div_u_r', 'tau_r_div_u_p']",base_taup | core_taup_over_ur | core_up_xtaup | product | ratio,6,0.8412590221865641,0.9558548962033439,0.8336959820482548,0.9659190138793208,0.808206723026773,0.9908661195430042,0.8110081364038354,0.05859752182991084,0.1466306413782268,91.71909806937838,0.3300355341442266,16.740438342946288,0.7644417333807649,18.313105232125988,d,0.6696798501631531
u_r_x_u_p + u_p_x_tau_p + u_p_div_tau_p + tau_p_div_u_r + tau_r_div_u_p + tau_p_div_sigma_n,"['u_r_x_u_p', 'u_p_x_tau_p', 'u_p_div_tau_p', 'tau_p_div_u_r', 'tau_r_div_u_p', 'tau_p_div_sigma_n']",core_sigma_combo | core_taup_over_sigma | core_taup_over_ur | core_up_xtaup | product | ratio,6,0.8414002625484218,0.955429563888359,0.8295484059016891,0.9778897133741532,0.807685376929196,0.9922119269017506,0.812796881837347,0.06003194380713674,0.14551366805297794,91.77910390590404,0.32924342841530285,16.75033161392624,0.761227870639666,18.437610336679477,d,0.6696386749532626
u_r_x_u_p + u_p_x_tau_r + u_r_div_tau_p + tau_p_div_u_r + tau_r_div_u_p + sigma_n_div_u_r,"['u_r_x_u_p', 'u_p_x_tau_r', 'u_r_div_tau_p', 'tau_p_div_u_r', 'tau_r_div_u_p', 'sigma_n_div_u_r']",core_sigma_combo | core_taup_over_ur | product | ratio,6,0.8315459936411191,0.9846641260031398,0.8466195967422101,0.9276289240436713,0.7773779052022793,1.0675357350342598,0.8035603945715899,0.0495506924351501,0.1339580100084452,92.39760784900359,0.3317023348054997,16.719601155560767,0.7166110882706257,20.086498782600295,d,0.6685274628477798
sigma_n_x_tau_r + u_r_x_u_p + u_p_x_tau_r + u_p_div_tau_p + tau_p_div_u_r + tau_r_div_u_p,"['sigma_n_x_tau_r', 'u_r_x_u_p', 'u_p_x_tau_r', 'u_p_div_tau_p', 'tau_p_div_u_r', 'tau_r_div_u_p']",core_sigma_combo | core_taup_over_ur | product | ratio,6,0.8431914661675084,0.9500189989294454,0.8384174080300575,0.9521089099076849,0.8106967358999433,0.9844130001880934,0.8119896974712398,0.052509742600539505,0.13670558977886527,92.250922424894,0.32704747021489866,16.77772826813006,0.7253626645898104,19.773912336486717,d,0.6677913446904646
tau_peak_MPa_csds + u_r_x_u_p + u_p_x_tau_p + u_r_div_tau_p + tau_p_div_u_r + tau_r_div_u_p,"['tau_peak_MPa_csds', 'u_r_x_u_p', 'u_p_x_tau_p', 'u_r_div_tau_p', 'tau_p_div_u_r', 'tau_r_div_u_p']",base_taup | core_taup_over_ur | core_up_xtaup | product | ratio,6,0.8230315976012542,1.0092419839619542,0.8316675516570929,0.9717918761639589,0.7729006943924187,1.0782170430388447,0.7932059155202982,0.05974346072488793,0.1469145061288586,91.70384208195793,0.33457518945236,16.68362563278307,0.7547238218971144,18.687039399269352,d,0.6652038011400203
u_r_mm + u_r_x_u_p + u_p_x_tau_p + u_p_div_tau_p + tau_p_div_u_r + tau_r_div_u_p,"['u_r_mm', 'u_r_x_u_p', 'u_p_x_tau_p', 'u_p_div_tau_p', 'tau_p_div_u_r', 'tau_r_div_u_p']",base_ur | core_taup_over_ur | core_up_xtaup | product | ratio,6,0.8422415085609656,0.9528922962486568,0.8274205083206926,0.9839747110564254,0.8057329131721751,0.9972358965352529,0.8131014096117946,0.06117849980117411,0.12983716514681154,92.61717246189194,0.3234490282265422,16.82252577319154,0.736629059341013,19.364074439942648,d,0.663881883052322
sigma_n_x_u_r + u_r_x_u_p + u_p_x_tau_r + u_r_div_tau_p + tau_p_div_u_r + tau_p_div_u_p,"['sigma_n_x_u_r', 'u_r_x_u_p', 'u_p_x_tau_r', 'u_r_div_tau_p', 'tau_p_div_u_r', 'tau_p_div_u_p']",core_sigma_combo | core_taup_over_ur | product | ratio,6,0.8216208286848885,1.0132567709355174,0.8309152725713573,0.9739609284010493,0.7656759383550039,1.0952335335525758,0.7914648652795577,0.05713032365089888,0.15001986232739473,91.53678220156533,0.3274504321917848,16.772704288993967,0.7048312983497627,20.49972185788284,d,0.6574698324664737
u_r_x_u_p + u_r_div_tau_p + tau_p_div_u_r + tau_r_div_u_p + tau_p_div_sigma_n,"['u_r_x_u_p', 'u_r_div_tau_p', 'tau_p_div_u_r', 'tau_r_div_u_p', 'tau_p_div_sigma_n']",core_sigma_combo | core_taup_over_sigma | core_taup_over_ur | product | ratio,5,0.8206011879258193,1.0161486043280996,0.8328763929871774,0.968296237507035,0.7772914066853015,1.0677431072857877,0.7956266826496109,0.05604710552562141,0.15124397409105217,91.47084441132446,0.31320488881338704,16.949408186785295,0.6081118689069103,23.620760234475465,d,0.6554135195856302
u_r_x_u_p + tau_r_div_tau_p + u_p_div_tau_p + tau_p_div_u_r + tau_r_div_u_p + tau_p_div_sigma_n,"['u_r_x_u_p', 'tau_r_div_tau_p', 'u_p_div_tau_p', 'tau_p_div_u_r', 'tau_r_div_u_p', 'tau_p_div_sigma_n']",core_sigma_combo | core_taup_over_sigma | core_taup_over_ur | product | ratio,6,0.844618677480804,0.9456857616981432,0.8165408345065766,1.0145163509931747,0.7988646007535966,1.0147114129007746,0.8203782118021105,0.05470011454767799,0.1201383013188182,93.13189918473226,0.30291461715377965,17.07591283731926,0.6520158283259674,22.258329190968396,d,0.6476337116000671
sigma_n_MPa + u_r_x_u_p + tau_r_div_tau_p + u_p_div_tau_p + tau_p_div_u_r + tau_r_div_u_p,"['sigma_n_MPa', 'u_r_x_u_p', 'tau_r_div_tau_p', 'u_p_div_tau_p', 'tau_p_div_u_r', 'tau_r_div_u_p']",base_sigma | core_taup_over_ur | product | ratio,6,0.8466457934096105,0.9394967676222049,0.8402734877154144,0.9466247354772642,0.8089773956009245,0.9888733437355646,0.8206242475809029,0.044389572372098465,-0.04880186170439571,101.6805713189408,0.29995951442218594,17.11206888934971,0.6497521112552043,22.330609606666584,d,0.6458326809754276
