sample_id,sigma_n_MPa,delta_peak_mm,tau_peak_MPa_csds,u_r_mm,tau_r_MPa,tau_peak_estimated,u_r_estimated,tau_r_estimated,a_csds,b_csds,c_csds,d_csds,e_csds,csds_converged,csds_iterations,log_d_csds,sigma_n_x_u_r,sigma_n_x_u_p,sigma_n_x_tau_p,sigma_n_x_tau_r,u_r_x_u_p,u_r_x_tau_p,u_r_x_tau_r,u_p_x_tau_p,u_p_x_tau_r,tau_p_x_tau_r,u_p_div_u_r,u_r_div_u_p,tau_p_div_tau_r,tau_r_div_tau_p,u_r_div_tau_p,u_r_div_tau_r,u_p_div_tau_p,u_p_div_tau_r,tau_p_div_u_r,tau_p_div_u_p,tau_r_div_u_r,tau_r_div_u_p,tau_p_div_sigma_n,tau_r_div_sigma_n,sigma_n_div_tau_p,sigma_n_div_tau_r,sigma_n_div_u_r,sigma_n_div_u_p,log_d_pred,d_pred,e_pred,e_converged,e_iterations,a_from_tau_r,b_from_d_minus_a,c_from_5_over_u_r,e_p_initial,residual_eq_515,residual_eq_518,condition_c_lt_e,Dataset,Model_Label,Model_Family,Selection_Mode,Rank_in_saved_results,Model_Features
15,6.0,1.64,4.17,10.5,3.725,0,0,0,3.725,1.1700588885069725,0.4761904761904761,4.895058888506973,2.4309486751406535,True,4,1.5882263062486128,63.0,9.84,25.02,22.35,17.22,43.785,39.112500000000004,6.838799999999999,6.109,15.53325,0.15619047619047619,6.402439024390245,1.119463087248322,0.8932853717026379,2.5179856115107913,2.8187919463087248,0.3932853717026379,0.4402684563758389,0.39714285714285713,2.5426829268292686,0.3547619047619048,2.2713414634146343,0.695,0.6208333333333333,1.4388489208633093,1.610738255033557,0.5714285714285714,3.658536585365854,1.600671273394941,4.956358379473579,2.2803483399224342,True,5,3.725,1.2313583794735785,0.47619047619047616,1.4760651363855968,0.0,-0.0011639766311746236,True,LOW_2,LOW_2_poly_rank_2,polynomial,log,2,tau_peak_MPa_csds + u_p_div_u_r + tau_r_div_tau_p
17,6.0,2.76,3.72,10.5,3.5425,0,0,0,3.5425,0.8694826394566157,0.4761904761904761,4.411982639456616,1.5814976920825412,True,6,1.4843241665368725,63.0,16.56,22.32,21.255,28.979999999999997,39.06,37.19625,10.267199999999999,9.777299999999999,13.1781,0.26285714285714284,3.804347826086957,1.050105857445307,0.9522849462365591,2.82258064516129,2.9640084685956247,0.7419354838709676,0.7791107974594212,0.3542857142857143,1.347826086956522,0.3373809523809524,1.2835144927536233,0.62,0.5904166666666667,1.6129032258064515,1.6937191249117856,0.5714285714285714,2.173913043478261,1.4374842887734995,4.210091109929327,1.577372095308833,True,7,3.5425,0.6675911099293272,0.47619047619047616,1.0444043738426143,-1.7763568394002505e-14,0.05228731994949598,True,LOW_2,LOW_2_poly_rank_2,polynomial,log,2,tau_peak_MPa_csds + u_p_div_u_r + tau_r_div_tau_p
29,5.0,0.6,4.93,2.425,4.2975,0,0,0,4.2975,3.110870023650559,2.061855670103093,7.408370023650559,5.517814597970529,True,6,2.0026104452933486,12.125,3.0,24.65,21.4875,1.4549999999999998,11.955249999999998,10.4214375,2.9579999999999997,2.5785,21.186675,0.24742268041237114,4.041666666666667,1.1471785922047701,0.8717038539553754,0.4918864097363083,0.5642815590459569,0.12170385395537525,0.1396160558464223,2.0329896907216494,8.216666666666667,1.7721649484536086,7.1625000000000005,0.986,0.8595,1.0141987829614605,1.1634671320535195,2.061855670103093,8.333333333333334,1.9973140405368561,7.369236023653194,4.995038981588471,True,6,4.2975,3.0717360236531936,2.061855670103093,3.1656729942119872,0.0,0.10900481622651736,True,LOW_2,LOW_2_poly_rank_2,polynomial,log,2,tau_peak_MPa_csds + u_p_div_u_r + tau_r_div_tau_p
32,5.0,0.3,4.71,2.175,4.1925,0,0,0,4.1925,1.211168346774408,2.298850574712644,5.403668346774408,13.642584509493682,True,10,1.687078046411223,10.875,1.5,23.55,20.9625,0.6525,10.24425,9.118687499999998,1.413,1.25775,19.746675,0.13793103448275862,7.25,1.1234347048300537,0.8901273885350318,0.4617834394904458,0.518783542039356,0.06369426751592357,0.07155635062611806,2.1655172413793107,15.700000000000001,1.927586206896552,13.975,0.942,0.8385,1.0615711252653928,1.1926058437686344,2.298850574712644,16.666666666666668,1.720494761146996,5.587292155611642,12.594071550973608,True,10,4.1925,1.3947921556116425,2.298850574712644,8.163226927378334,-7.105427357601002e-15,-0.054591607551390364,True,LOW_2,LOW_2_poly_rank_2,polynomial,log,2,tau_peak_MPa_csds + u_p_div_u_r + tau_r_div_tau_p
35,5.0,0.47,4.91,2.2,4.25,0,0,0,4.25,2.5915991927768687,2.2727272727272725,6.841599192776869,7.213346651196478,True,7,1.923021504421049,11.0,2.3499999999999996,24.55,21.25,1.034,10.802000000000001,9.350000000000001,2.3077,1.9974999999999998,20.8675,0.2136363636363636,4.680851063829788,1.1552941176470588,0.8655804480651731,0.4480651731160896,0.5176470588235295,0.09572301425661914,0.11058823529411764,2.231818181818182,10.446808510638299,1.9318181818181817,9.042553191489363,0.982,0.85,1.0183299389002036,1.1764705882352942,2.2727272727272725,10.638297872340425,1.928251739529372,6.877476105631148,6.582716572170956,True,7,4.25,2.627476105631148,2.2727272727272725,4.179684808824615,-2.9043434324194095e-12,0.06884095143552882,True,LOW_2,LOW_2_poly_rank_2,polynomial,log,2,tau_peak_MPa_csds + u_p_div_u_r + tau_r_div_tau_p
38,5.0,0.26,5.3,2.175,4.1,0,0,0,4.1,2.5910971306331803,2.298850574712644,6.69109713063318,13.042743993933716,True,9,1.9007778563046678,10.875,1.3,26.5,20.5,0.5655,11.527499999999998,8.917499999999999,1.378,1.0659999999999998,21.729999999999997,0.11954022988505748,8.365384615384615,1.2926829268292683,0.7735849056603773,0.410377358490566,0.5304878048780488,0.04905660377358491,0.06341463414634146,2.4367816091954024,20.384615384615383,1.8850574712643677,15.769230769230766,1.06,0.82,0.9433962264150944,1.2195121951219514,2.298850574712644,19.23076923076923,1.9250575841910733,6.855543425455637,12.234638230906212,True,9,4.1,2.7555434254556372,2.298850574712644,7.783878691987994,-6.569678134837886e-11,-0.03094916428575445,True,LOW_2,LOW_2_poly_rank_2,polynomial,log,2,tau_peak_MPa_csds + u_p_div_u_r + tau_r_div_tau_p
41,5.0,0.38,5.2,2.175,4.3975,0,0,0,4.3975,2.452688320111813,2.298850574712644,6.850188320111813,9.031706106944794,True,8,1.9242761438833622,10.875,1.9,26.0,21.9875,0.8264999999999999,11.309999999999999,9.5645625,1.9760000000000002,1.67105,22.867,0.17471264367816094,5.723684210526315,1.182490051165435,0.8456730769230769,0.4182692307692307,0.49459920409323477,0.07307692307692308,0.08641273450824333,2.3908045977011496,13.68421052631579,2.0218390804597703,11.572368421052632,1.04,0.8795,0.9615384615384615,1.137009664582149,2.298850574712644,13.157894736842104,1.9440924019186905,6.9872873277558645,8.284295256959455,True,8,4.3975,2.5897873277558645,2.298850574712644,5.26645957677189,-1.0658141036401503e-14,0.021373685506239415,True,LOW_2,LOW_2_poly_rank_2,polynomial,log,2,tau_peak_MPa_csds + u_p_div_u_r + tau_r_div_tau_p
44,5.0,1.5,3.89,2.625,3.6325,0,0,0,3.6325,10.486129835864666,1.9047619047619049,14.118629835864668,2.474961892115721,True,4,2.647495190236624,13.125,7.5,19.45,18.162499999999998,3.9375,10.21125,9.5353125,5.835,5.4487499999999995,14.130425,0.5714285714285714,1.75,1.0708878183069512,0.9338046272493573,0.6748071979434447,0.7226428079834825,0.3856041131105398,0.41293874741913283,1.481904761904762,2.5933333333333333,1.3838095238095238,2.4216666666666664,0.778,0.7264999999999999,1.2853470437017995,1.3764624913971095,1.9047619047619047,3.3333333333333335,2.660969673410987,14.310158553426373,2.1943143930462057,True,5,3.6325,10.677658553426372,1.9047619047619047,1.4000912220863548,-8.00959298885573e-12,0.17657865328162337,True,LOW_2,LOW_2_poly_rank_2,polynomial,log,2,tau_peak_MPa_csds + u_p_div_u_r + tau_r_div_tau_p
47,5.0,0.6,5.04,2.175,4.655,0,0,0,4.655,2.141531174694559,2.298850574712644,6.796531174694559,6.310564627174357,True,7,1.916412360657443,10.875,3.0,25.2,23.275000000000002,1.305,10.962,10.124625,3.024,2.793,23.4612,0.27586206896551724,3.625,1.0827067669172932,0.9236111111111112,0.431547619047619,0.46723952738990326,0.11904761904761904,0.12889366272824918,2.317241379310345,8.4,2.1402298850574715,7.758333333333334,1.008,0.931,0.9920634920634921,1.0741138560687433,2.298850574712644,8.333333333333334,1.9137728717831606,6.778615460840352,5.7658418203303645,True,7,4.655,2.1236154608403517,2.298850574712644,3.697299250493791,0.0,0.06353105262383729,True,LOW_2,LOW_2_poly_rank_2,polynomial,log,2,tau_peak_MPa_csds + u_p_div_u_r + tau_r_div_tau_p
49,5.0,1.46,4.68,2.566666666666667,4.1066666666666665,0,0,0,4.1066666666666665,30.593215473314466,1.948051948051948,34.69988213998113,2.300589855794831,True,4,3.5467362904047146,12.833333333333334,7.3,23.4,20.53333333333333,3.7473333333333336,12.012,10.540444444444445,6.8328,5.995733333333333,19.219199999999997,0.5688311688311688,1.757990867579909,1.1396103896103895,0.8774928774928775,0.5484330484330485,0.6250000000000001,0.31196581196581197,0.3555194805194805,1.823376623376623,3.2054794520547945,1.5999999999999999,2.8127853881278537,0.9359999999999999,0.8213333333333332,1.0683760683760684,1.2175324675324677,1.9480519480519478,3.4246575342465753,3.3757740127431415,29.246912505621587,2.1046400344226783,True,5,4.1066666666666665,25.14024583895492,1.9480519480519478,1.3357490185102363,-3.199662756969701e-11,0.46450318502785864,True,LOW_2,LOW_2_poly_rank_2,polynomial,log,2,tau_peak_MPa_csds + u_p_div_u_r + tau_r_div_tau_p
54,5.0,0.35,4.68,2.175,4.205,0,0,0,4.205,1.283914851902833,2.298850574712644,5.488914851902833,11.46515887900422,True,9,1.7027305769502254,10.875,1.75,23.4,21.025,0.7612499999999999,10.178999999999998,9.145875,1.638,1.47175,19.679399999999998,0.16091954022988506,6.214285714285714,1.1129607609988108,0.8985042735042735,0.46474358974358976,0.5172413793103448,0.07478632478632478,0.08323424494649226,2.1517241379310343,13.371428571428572,1.9333333333333336,12.014285714285716,0.9359999999999999,0.841,1.0683760683760684,1.1890606420927468,2.298850574712644,14.285714285714286,1.7226542571659322,5.599370928114851,10.651793114151909,True,9,4.205,1.394370928114851,2.298850574712644,6.892061339836042,-3.197442310920451e-13,-0.014060681595761348,True,LOW_2,LOW_2_poly_rank_2,polynomial,log,2,tau_peak_MPa_csds + u_p_div_u_r + tau_r_div_tau_p
57,5.0,0.58,5.35,2.175,4.42,0,0,0,4.42,5.5363451785319135,2.298850574712644,9.956345178531912,5.059116621676996,True,6,2.2982100543073054,10.875,2.9,26.75,22.1,1.2614999999999998,11.636249999999999,9.613499999999998,3.1029999999999998,2.5635999999999997,23.647,0.26666666666666666,3.75,1.2104072398190044,0.8261682242990654,0.40654205607476634,0.4920814479638009,0.10841121495327102,0.13122171945701358,2.4597701149425286,9.224137931034482,2.032183908045977,7.620689655172415,1.0699999999999998,0.884,0.9345794392523366,1.1312217194570136,2.298850574712644,8.620689655172415,2.2888529653620786,9.863617279293274,4.470341510610277,True,6,4.42,5.443617279293274,2.298850574712644,2.8276904229389106,-3.064215547965432e-14,0.23297943234176866,True,LOW_2,LOW_2_poly_rank_2,polynomial,log,2,tau_peak_MPa_csds + u_p_div_u_r + tau_r_div_tau_p
60,5.0,2.38,5.22,2.85,4.84,0,0,0,4.84,137.35939252357494,1.7543859649122806,142.19939252357494,1.8523237169572588,True,6,4.957230245373904,14.25,11.899999999999999,26.099999999999998,24.2,6.7829999999999995,14.876999999999999,13.794,12.423599999999999,11.5192,25.264799999999997,0.8350877192982455,1.1974789915966388,1.078512396694215,0.9272030651340997,0.5459770114942529,0.5888429752066116,0.4559386973180077,0.4917355371900826,1.831578947368421,2.19327731092437,1.6982456140350877,2.033613445378151,1.044,0.968,0.9578544061302683,1.0330578512396695,1.7543859649122806,2.100840336134454,5.089590754227894,162.3234182858537,1.7710851728128287,True,6,4.84,157.4834182858537,1.7543859649122806,1.166592341547753,-2.2079671424535263e-11,0.35717970174545877,True,LOW_2,LOW_2_poly_rank_2,polynomial,log,2,tau_peak_MPa_csds + u_p_div_u_r + tau_r_div_tau_p
63,5.0,0.76,5.03,2.2,4.68,0,0,0,4.68,3.0326428857358856,2.2727272727272725,7.712642885735885,4.87933520201715,True,6,2.0428609155734594,11.0,3.8,25.150000000000002,23.4,1.6720000000000002,11.066,10.296,3.8228000000000004,3.5568,23.540399999999998,0.3454545454545454,2.8947368421052633,1.074786324786325,0.930417495029821,0.437375745526839,0.47008547008547014,0.15109343936381708,0.1623931623931624,2.286363636363636,6.618421052631579,2.127272727272727,6.157894736842104,1.006,0.9359999999999999,0.9940357852882703,1.0683760683760684,2.2727272727272725,6.578947368421052,2.055340801661214,7.809498909368836,4.32154283426352,True,6,4.68,3.129498909368836,2.2727272727272725,2.7568380574782174,-4.707345624410664e-14,0.08624917154498757,True,LOW_2,LOW_2_poly_rank_2,polynomial,log,2,tau_peak_MPa_csds + u_p_div_u_r + tau_r_div_tau_p
66,5.0,0.34,5.0,2.175,4.24,0,0,0,4.24,2.0482757543105174,2.298850574712644,6.288275754310518,10.49368724913285,True,8,1.8386869082223605,10.875,1.7000000000000002,25.0,21.200000000000003,0.7395,10.875,9.222,1.7000000000000002,1.4416000000000002,21.200000000000003,0.1563218390804598,6.39705882352941,1.1792452830188678,0.8480000000000001,0.43499999999999994,0.5129716981132075,0.068,0.08018867924528301,2.298850574712644,14.705882352941176,1.949425287356322,12.470588235294118,1.0,0.8480000000000001,1.0,1.1792452830188678,2.298850574712644,14.705882352941176,1.8651690018663758,6.457027043406382,9.667591160860663,True,9,4.24,2.2170270434063815,2.298850574712644,6.167680829378635,0.0,-0.013387986758804704,True,LOW_2,LOW_2_poly_rank_2,polynomial,log,2,tau_peak_MPa_csds + u_p_div_u_r + tau_r_div_tau_p
69,5.0,1.69,5.04,2.566666666666667,4.426666666666667,0,0,0,4.426666666666667,69.19774278410341,1.948051948051948,73.62440945077007,2.1459242646578933,True,5,4.29897662089741,12.833333333333334,8.45,25.2,22.133333333333333,4.337666666666667,12.936000000000002,11.361777777777778,8.5176,7.481066666666667,22.3104,0.6584415584415584,1.5187376725838266,1.1385542168674698,0.8783068783068784,0.5092592592592593,0.5798192771084337,0.3353174603174603,0.3817771084337349,1.9636363636363634,2.9822485207100593,1.7246753246753246,2.619329388560158,1.008,0.8853333333333333,0.9920634920634921,1.1295180722891567,1.9480519480519478,2.9585798816568047,4.107554551115533,60.797857576066875,2.0118520447981614,True,6,4.426666666666667,56.371190909400205,1.9480519480519478,1.2877193571733572,-2.220446049250313e-16,0.5468833569395094,True,LOW_2,LOW_2_poly_rank_2,polynomial,log,2,tau_peak_MPa_csds + u_p_div_u_r + tau_r_div_tau_p
72,5.0,0.42,5.1,2.175,3.8825,0,0,0,3.8825,4.482035276937978,2.298850574712644,8.364535276937978,6.759501195047857,True,7,2.124000777239565,10.875,2.1,25.5,19.412499999999998,0.9134999999999999,11.092499999999998,8.4444375,2.142,1.63065,19.800749999999997,0.19310344827586207,5.178571428571428,1.313586606567933,0.7612745098039216,0.4264705882352941,0.5602060528010302,0.08235294117647059,0.1081777205408886,2.344827586206897,12.142857142857142,1.7850574712643679,9.244047619047619,1.02,0.7765,0.9803921568627452,1.2878300064391501,2.298850574712644,11.904761904761905,2.1444369821701676,8.537233269387167,6.044967987428966,True,7,3.8825,4.654733269387167,2.298850574712644,3.826573652578169,8.881784197001252e-16,0.11909280424119606,True,LOW_2,LOW_2_poly_rank_2,polynomial,log,2,tau_peak_MPa_csds + u_p_div_u_r + tau_r_div_tau_p
75,5.0,0.57,4.24,2.175,4.0125,0,0,0,4.0125,1.1193350008113887,2.298850574712644,5.131835000811389,7.4273022742503985,True,7,1.6354632951865318,10.875,2.8499999999999996,21.200000000000003,20.0625,1.2397499999999997,9.222,8.7271875,2.4168,2.287125,17.013,0.2620689655172414,3.8157894736842106,1.0566978193146417,0.9463443396226415,0.5129716981132075,0.5420560747663551,0.1344339622641509,0.14205607476635512,1.949425287356322,7.438596491228071,1.8448275862068968,7.039473684210527,0.8480000000000001,0.8025,1.1792452830188678,1.2461059190031152,2.298850574712644,8.771929824561404,1.6117879762847085,5.0117641370754304,7.1082809119855,True,8,4.0125,0.9992641370754303,2.298850574712644,4.653646680588755,3.552713678800501e-15,0.04513821718504607,True,LOW_2,LOW_2_poly_rank_2,polynomial,log,2,tau_peak_MPa_csds + u_p_div_u_r + tau_r_div_tau_p
78,5.0,1.25,4.37,2.566666666666667,3.77,0,0,0,3.77,17.6011784506471,1.948051948051948,21.3711784506471,2.4976694597033373,True,4,3.062043212904075,12.833333333333334,6.25,21.85,18.85,3.2083333333333335,11.216333333333335,9.676333333333334,5.4625,4.7125,16.4749,0.48701298701298695,2.0533333333333337,1.1591511936339522,0.8627002288329519,0.5873379099923722,0.6808134394341291,0.2860411899313501,0.33156498673740054,1.7025974025974024,3.496,1.4688311688311688,3.016,0.874,0.754,1.1441647597254003,1.3262599469496021,1.9480519480519478,4.0,2.9002323901153204,18.1783693519682,2.248868234306611,True,5,3.77,14.4083693519682,1.9480519480519478,1.4220117271023494,-1.0946799022804043e-13,0.43118271795001595,True,LOW_2,LOW_2_poly_rank_2,polynomial,log,2,tau_peak_MPa_csds + u_p_div_u_r + tau_r_div_tau_p
81,5.0,0.23,4.79,2.1775,3.54875,0,0,0,3.54875,2.4552355004571034,2.296211251435132,6.003985500457103,14.649101403235154,True,10,1.7924234987878036,10.887500000000001,1.1500000000000001,23.95,17.74375,0.5008250000000001,10.430225000000002,7.727403125000001,1.1017000000000001,0.8162125,16.9985125,0.10562571756601606,9.467391304347826,1.3497710461430081,0.740866388308977,0.45459290187891443,0.6135963367382882,0.048016701461377875,0.06481155336386052,2.1997703788748564,20.82608695652174,1.6297359357060848,15.429347826086957,0.958,0.70975,1.0438413361169103,1.4089468122578372,2.296211251435132,21.73913043478261,1.8154062833639886,6.143571701443437,13.859769251525716,True,10,3.54875,2.594821701443437,2.296211251435132,8.819271968720674,-8.881784197001252e-15,-0.03542299851753805,True,LOW_2,LOW_2_poly_rank_2,polynomial,log,2,tau_peak_MPa_csds + u_p_div_u_r + tau_r_div_tau_p
84,5.0,1.52,4.53,2.19,3.98,0,0,0,3.98,84.48453784563569,2.2831050228310503,88.46453784563569,2.4678705594788535,True,4,4.48260176940206,10.95,7.6,22.650000000000002,19.9,3.3287999999999998,9.9207,8.7162,6.8856,6.0496,18.029400000000003,0.6940639269406393,1.4407894736842104,1.1381909547738693,0.8785871964679911,0.4834437086092715,0.550251256281407,0.3355408388520971,0.38190954773869346,2.068493150684932,2.980263157894737,1.817351598173516,2.6184210526315788,0.906,0.796,1.1037527593818983,1.256281407035176,2.2831050228310503,3.289473684210526,4.244076708346684,69.69138495590163,2.3371976272805637,True,5,3.98,65.71138495590162,2.2831050228310503,1.5032088434920219,-2.1760371282653068e-13,0.5026911481212175,True,LOW_2,LOW_2_poly_rank_2,polynomial,log,2,tau_peak_MPa_csds + u_p_div_u_r + tau_r_div_tau_p
87,5.0,1.53,3.84,2.29,3.5879999999999996,0,0,0,3.5879999999999996,21.229112109709114,2.1834061135371177,24.817112109709115,2.5522940611621228,True,4,3.211533419651087,11.45,7.65,19.2,17.939999999999998,3.5037000000000003,8.7936,8.21652,5.8751999999999995,5.48964,13.777919999999998,0.6681222707423581,1.4967320261437909,1.0702341137123748,0.934375,0.5963541666666667,0.6382385730211818,0.3984375,0.4264214046822743,1.6768558951965065,2.5098039215686274,1.5668122270742357,2.345098039215686,0.768,0.7175999999999999,1.3020833333333335,1.3935340022296545,2.1834061135371177,3.2679738562091503,3.235080904518359,25.40842735227183,2.32357208602835,True,5,3.5879999999999996,21.820427352271828,2.1834061135371177,1.4945698447043825,-4.189981694935341e-13,0.2053833974179075,True,LOW_2,LOW_2_poly_rank_2,polynomial,log,2,tau_peak_MPa_csds + u_p_div_u_r + tau_r_div_tau_p
90,5.0,0.44,4.09,2.0033333333333334,3.8813333333333335,0,0,0,3.8813333333333335,0.7845727106922662,2.4958402662229617,4.6659060440256,10.177837650659969,True,8,1.5402820370968002,10.016666666666667,2.2,20.45,19.406666666666666,0.8814666666666667,8.193633333333333,7.775604444444445,1.7995999999999999,1.7077866666666668,15.874653333333333,0.21963394342762063,4.553030303030303,1.0537615939539675,0.9489812550937247,0.48981255093724535,0.5161456544142906,0.1075794621026895,0.11336310546204054,2.0415973377703827,9.295454545454545,1.9374376039933445,8.821212121212122,0.818,0.7762666666666667,1.2224938875305624,1.2882171075231879,2.4958402662229617,11.363636363636363,1.513820298015964,4.544057330178941,10.033355220293853,True,9,3.8813333333333335,0.6627239968456071,2.4958402662229617,6.658504055659417,-1.1368683772161603e-13,0.04263701888205329,True,LOW_2,LOW_2_poly_rank_2,polynomial,log,2,tau_peak_MPa_csds + u_p_div_u_r + tau_r_div_tau_p
93,5.0,0.29,4.72,2.175,4.314,0,0,0,4.314,0.9127902034753363,2.298850574712644,5.226790203475336,15.255568277966066,True,11,1.653797361843835,10.875,1.45,23.599999999999998,21.57,0.6307499999999999,10.265999999999998,9.38295,1.3687999999999998,1.2510599999999998,20.36208,0.13333333333333333,7.5,1.0941121928604542,0.9139830508474577,0.4608050847457627,0.5041724617524339,0.06144067796610169,0.06722299490032452,2.170114942528736,16.275862068965516,1.983448275862069,14.87586206896552,0.944,0.8628,1.0593220338983051,1.1590171534538711,2.298850574712644,17.24137931034483,1.6903492425546316,5.4213737489639335,14.00765251707353,True,11,4.314,1.1073737489639335,2.298850574712644,9.174102749349043,1.0658141036401503e-14,-0.06923855804495815,True,LOW_2,LOW_2_poly_rank_2,polynomial,log,2,tau_peak_MPa_csds + u_p_div_u_r + tau_r_div_tau_p
96,5.0,0.32,5.75,2.225,4.01075,0,0,0,4.01075,4.5926707536336835,2.2471910112359548,8.603420753633683,8.90252129065327,True,7,2.152159886223537,11.125,1.6,28.75,20.05375,0.7120000000000001,12.793750000000001,8.92391875,1.84,1.28344,23.0618125,0.1438202247191011,6.953125,1.4336470734899958,0.6975217391304348,0.3869565217391305,0.5547590849591723,0.05565217391304348,0.07978557626379107,2.5842696629213484,17.96875,1.8025842696629213,12.53359375,1.15,0.8021499999999999,0.8695652173913043,1.2466496291217355,2.2471910112359548,15.625,2.151681509648664,8.599306062945658,8.288927666150743,True,8,4.01075,4.588556062945658,2.2471910112359548,5.240532900850344,8.881784197001252e-16,0.10981202307067317,True,LOW_2,LOW_2_poly_rank_2,polynomial,log,2,tau_peak_MPa_csds + u_p_div_u_r + tau_r_div_tau_p
99,5.0,0.38,5.29,2.1775,3.8055,0,0,0,3.8055,4.8847712477868654,2.296211251435132,8.690271247786866,7.231167894086396,True,7,2.1622041525746103,10.887500000000001,1.9,26.45,19.0275,0.8274500000000001,11.518975000000001,8.28647625,2.0102,1.4460899999999999,20.131095,0.17451205510907003,5.730263157894737,1.3900932860333728,0.7193761814744801,0.41162570888468814,0.5721981342793326,0.07183364839319471,0.09985547234266194,2.4293915040183696,13.921052631578947,1.7476463834672789,10.014473684210525,1.058,0.7611,0.945179584120983,1.3138877939823939,2.296211251435132,13.157894736842104,2.183246366788387,8.87507127920004,6.5136627206007125,True,7,3.8055,5.069571279200039,2.296211251435132,4.128615611036238,-7.105427357601002e-15,0.11283534533818251,True,LOW_2,LOW_2_poly_rank_2,polynomial,log,2,tau_peak_MPa_csds + u_p_div_u_r + tau_r_div_tau_p
102,5.0,0.33,5.38,2.175,4.15275,0,0,0,4.15275,3.3230952595070686,2.298850574712644,7.475845259507069,9.464816530487427,True,8,2.0116771910788187,10.875,1.6500000000000001,26.9,20.76375,0.71775,11.7015,9.032231249999999,1.7754,1.3704075000000002,22.341795,0.1517241379310345,6.59090909090909,1.2955270603816746,0.7718866171003718,0.40427509293680297,0.5237493227379447,0.06133828996282528,0.07946541448437783,2.473563218390805,16.3030303030303,1.9093103448275865,12.584090909090909,1.076,0.83055,0.929368029739777,1.2040214315814821,2.298850574712644,15.15151515151515,2.0330407438496216,7.637274081141626,8.715076150228745,True,8,4.15275,3.4845240811416263,2.298850574712644,5.513888900995946,-1.4210854715202004e-14,0.025851380201610485,True,LOW_2,LOW_2_poly_rank_2,polynomial,log,2,tau_peak_MPa_csds + u_p_div_u_r + tau_r_div_tau_p
108,5.0,0.24,5.1,2.175,3.69825,0,0,0,3.69825,2.8769666070220197,2.298850574712644,6.5752166070220195,13.53664985652516,True,9,1.8833075215549526,10.875,1.2,25.5,18.49125,0.5219999999999999,11.092499999999998,8.04369375,1.224,0.8875799999999999,18.861074999999996,0.1103448275862069,9.0625,1.3790306225917663,0.7251470588235295,0.4264705882352941,0.5881160008111944,0.047058823529411764,0.06489555871020077,2.344827586206897,21.25,1.700344827586207,15.409374999999999,1.02,0.7396499999999999,0.9803921568627452,1.3519908064625161,2.298850574712644,20.833333333333336,1.898865867333308,6.678316049250087,12.82272673028105,True,10,3.69825,2.9800660492500874,2.298850574712644,8.138965202339426,0.0,-0.0069239480067597725,True,LOW_2,LOW_2_poly_rank_2,polynomial,log,2,tau_peak_MPa_csds + u_p_div_u_r + tau_r_div_tau_p
111,5.0,0.25,6.22,2.165,4.547499999999999,0,0,0,4.547499999999999,3.553532108811563,2.3094688221709005,8.101032108811562,12.896286747191096,True,9,2.091991474401981,10.825,1.25,31.099999999999998,22.737499999999997,0.54125,13.4663,9.8453375,1.555,1.1368749999999999,28.285449999999994,0.11547344110854503,8.66,1.3677844969763608,0.7311093247588424,0.34807073954983925,0.47608576140736675,0.04019292604501608,0.054975261132490384,2.8729792147806004,24.88,2.1004618937644337,18.189999999999998,1.244,0.9094999999999999,0.8038585209003216,1.0995052226498077,2.3094688221709005,20.0,2.0635954648802577,7.8742304939260315,12.515782231455768,True,9,4.547499999999999,3.326730493926032,2.3094688221709005,7.952997970164445,0.0,0.14956583386054945,True,LOW_2,LOW_2_poly_rank_2,polynomial,log,2,tau_peak_MPa_csds + u_p_div_u_r + tau_r_div_tau_p
114,5.0,0.46,4.54,2.215,3.755,0,0,0,3.755,3.0550946555112306,2.2573363431151243,6.8100946555112305,6.812602552841997,True,7,1.918406019552523,11.075,2.3000000000000003,22.7,18.775,1.0189,10.056099999999999,8.317324999999999,2.0884,1.7273,17.0477,0.20767494356659144,4.815217391304348,1.2090545938748336,0.8270925110132158,0.48788546255506604,0.5898801597869507,0.10132158590308371,0.12250332889480693,2.049661399548533,9.869565217391305,1.6952595936794583,8.16304347826087,0.908,0.751,1.1013215859030836,1.3315579227696406,2.2573363431151243,10.869565217391305,1.9241918943119494,6.849611218992349,6.170730557618609,True,7,3.755,3.094611218992349,2.2573363431151243,3.9027121962937628,-8.881784197001252e-15,0.09019537507254016,True,LOW_2,LOW_2_poly_rank_2,polynomial,log,2,tau_peak_MPa_csds + u_p_div_u_r + tau_r_div_tau_p
117,5.0,0.28,4.98,2.16,3.80875,0,0,0,3.80875,2.7207253448886286,2.314814814814815,6.5294753448886285,11.627647012732409,True,9,1.8763265947141745,10.8,1.4000000000000001,24.900000000000002,19.04375,0.6048000000000001,10.756800000000002,8.2269,1.3944000000000003,1.0664500000000001,18.967575,0.12962962962962962,7.714285714285714,1.3075155891040369,0.764809236947791,0.43373493975903615,0.5671151952740401,0.05622489959839357,0.0735149327207089,2.305555555555556,17.785714285714285,1.763310185185185,13.60267857142857,0.9960000000000001,0.7617499999999999,1.004016064257028,1.3127666557269446,2.314814814814815,17.857142857142854,1.9038670185372404,6.711798974397551,10.813176166972834,True,9,3.80875,2.903048974397551,2.314814814814815,6.856748559245602,-1.7763568394002505e-15,-0.022048550697103764,True,LOW_2,LOW_2_poly_rank_2,polynomial,log,2,tau_peak_MPa_csds + u_p_div_u_r + tau_r_div_tau_p
120,5.0,0.24,5.34,2.1675,3.634,0,0,0,3.634,3.551284821064535,2.306805074971165,7.185284821064535,12.76758648025316,True,9,1.9720351598120431,10.8375,1.2,26.7,18.169999999999998,0.5202,11.574449999999999,7.876695,1.2815999999999999,0.8721599999999999,19.405559999999998,0.11072664359861592,9.03125,1.469455145844799,0.6805243445692883,0.4058988764044944,0.5964501926252064,0.0449438202247191,0.06604292790313704,2.463667820069204,22.25,1.6765859284890425,15.141666666666667,1.068,0.7268,0.9363295880149813,1.375894331315355,2.306805074971165,20.833333333333336,1.9682816095092088,7.158365047017855,12.19865217110425,True,9,3.634,3.5243650470178554,2.306805074971165,7.722780870197177,-9.841016890277388e-13,0.0631172093424004,True,LOW_2,LOW_2_poly_rank_2,polynomial,log,2,tau_peak_MPa_csds + u_p_div_u_r + tau_r_div_tau_p
123,5.0,0.34,5.86,2.19,3.70375,0,0,0,3.70375,6.4076526447249105,2.2831050228310503,10.11140264472491,7.4904783908875965,True,7,2.3136637617597393,10.95,1.7000000000000002,29.3,18.51875,0.7446,12.833400000000001,8.111212499999999,1.9924000000000002,1.2592750000000001,21.703975,0.15525114155251143,6.441176470588235,1.5821802227472157,0.6320392491467576,0.3737201365187713,0.5912926088423894,0.05802047781569966,0.09179885251434358,2.675799086757991,17.235294117647058,1.6912100456621004,10.893382352941176,1.1720000000000002,0.74075,0.8532423208191126,1.3499831252109349,2.2831050228310503,14.705882352941176,2.3017396701567856,9.991549344319385,6.896766162383418,True,7,3.70375,6.287799344319385,2.2831050228310503,4.3901691969368315,-2.7533531010703882e-14,0.2208296818039841,True,LOW_2,LOW_2_poly_rank_2,polynomial,log,2,tau_peak_MPa_csds + u_p_div_u_r + tau_r_div_tau_p
126,5.0,0.33,4.91,2.195,4.2615,0,0,0,4.2615,1.6629195649406574,2.277904328018223,5.924419564940657,11.444353107108954,True,9,1.77908271849934,10.975,1.6500000000000001,24.55,21.307499999999997,0.7243499999999999,10.77745,9.353992499999999,1.6203,1.406295,20.923965,0.15034168564920275,6.6515151515151505,1.1521764636864955,0.8679226069246435,0.44704684317718935,0.5150768508741054,0.06720977596741344,0.07743752199929603,2.2369020501138954,14.878787878787879,1.9414578587699318,12.913636363636362,0.982,0.8523,1.0183299389002036,1.1732957878681216,2.277904328018223,15.15151515151515,1.807554107197777,6.095520195489919,10.56751927815017,True,9,4.2615,1.8340201954899191,2.277904328018223,6.782299722931146,-8.881784197001252e-15,-0.029926183056769418,True,LOW_2,LOW_2_poly_rank_2,polynomial,log,2,tau_peak_MPa_csds + u_p_div_u_r + tau_r_div_tau_p
129,5.0,0.39,6.11,2.18,4.593,0,0,0,4.593,5.057943521426855,2.293577981651376,9.650943521426855,7.34235077378404,True,7,2.26705568481243,10.9,1.9500000000000002,30.55,22.965,0.8502000000000001,13.319800000000003,10.01274,2.3829000000000002,1.7912700000000001,28.06323,0.17889908256880732,5.58974358974359,1.3302852166340084,0.7517184942716857,0.3567921440261866,0.47463531460918795,0.06382978723404255,0.08491182233834095,2.8027522935779814,15.666666666666666,2.106880733944954,11.776923076923076,1.222,0.9186,0.8183306055646481,1.088613106901807,2.293577981651376,12.82051282051282,2.260046072883379,9.583530697485186,6.7248678790996275,True,7,4.593,4.990530697485186,2.293577981651376,4.25255059908432,-2.282618538629322e-13,0.1726302991463018,True,LOW_2,LOW_2_poly_rank_2,polynomial,log,2,tau_peak_MPa_csds + u_p_div_u_r + tau_r_div_tau_p
132,5.0,0.38,4.61,2.2025,3.49275,0,0,0,3.49275,3.5417527605950667,2.270147559591374,7.034502760595067,7.697329513236288,True,7,1.950827007271626,11.012500000000001,1.9,23.05,17.46375,0.8369500000000001,10.153525000000002,7.6927818750000005,1.7518000000000002,1.327245,16.1015775,0.17253121452894438,5.796052631578948,1.3198768878390954,0.757646420824295,0.477765726681128,0.630591940448071,0.08242950108459869,0.10879679335766945,2.0930760499432464,12.131578947368421,1.5858115777525539,9.191447368421052,0.922,0.69855,1.0845986984815617,1.431536754706177,2.2701475595913734,13.157894736842104,1.9745629589964298,7.2034707536839715,6.96646199549747,True,7,3.49275,3.7107207536839715,2.2701475595913734,4.404558140305341,-2.0614621121239907e-12,0.06151141175477903,True,LOW_2,LOW_2_poly_rank_2,polynomial,log,2,tau_peak_MPa_csds + u_p_div_u_r + tau_r_div_tau_p
135,5.0,0.42,4.74,2.1925,4.255,0,0,0,4.255,1.6007301765706998,2.280501710376283,5.8557301765707,9.079561652406012,True,8,1.7674206991921835,10.962499999999999,2.1,23.700000000000003,21.275,0.92085,10.39245,9.3290875,1.9908000000000001,1.7871,20.1687,0.19156214367160776,5.220238095238095,1.1139835487661576,0.8976793248945147,0.4625527426160337,0.5152761457109283,0.08860759493670885,0.09870740305522914,2.1619156214367163,11.285714285714286,1.9407069555302168,10.130952380952381,0.9480000000000001,0.851,1.0548523206751055,1.1750881316098707,2.280501710376283,11.904761904761905,1.7747804473120745,5.89898585593237,8.43752673976636,True,8,4.255,1.6439858559323701,2.280501710376283,5.425172792989101,-6.750155989720952e-13,0.024656596859408353,True,LOW_2,LOW_2_poly_rank_2,polynomial,log,2,tau_peak_MPa_csds + u_p_div_u_r + tau_r_div_tau_p
138,5.0,0.99,4.93,2.6033333333333335,4.496666666666667,0,0,0,4.496666666666667,4.9592094785200045,1.9206145966709345,9.455876145186672,3.460965956174455,True,5,2.246636362564709,13.016666666666667,4.95,24.65,22.483333333333334,2.5773,12.834433333333333,11.706322222222225,4.8807,4.451700000000001,22.168566666666667,0.38028169014084506,2.6296296296296298,1.096367679762787,0.9121027721433402,0.5280594996619338,0.5789473684210527,0.20081135902636918,0.2201630837657524,1.8937259923175414,4.979797979797979,1.7272727272727273,4.542087542087542,0.986,0.8993333333333334,1.0141987829614605,1.111934766493699,1.9206145966709345,5.05050505050505,2.2380421408292928,9.374958459212205,3.0464525938882425,True,5,4.496666666666667,4.8782917925455385,1.9206145966709345,1.9313743172340292,4.440892098500626e-16,0.16406948185330694,True,LOW_2,LOW_2_poly_rank_2,polynomial,log,2,tau_peak_MPa_csds + u_p_div_u_r + tau_r_div_tau_p
141,5.0,1.23,4.22,2.5733333333333337,4.026666666666666,0,0,0,4.026666666666666,3.714553371745124,1.94300518134715,7.74122003841179,3.22230726876678,True,4,2.0465593028814766,12.866666666666669,6.15,21.099999999999998,20.133333333333333,3.1652000000000005,10.859466666666668,10.361955555555557,5.1906,4.9528,16.99253333333333,0.4779792746113989,2.0921409214092144,1.0480132450331126,0.9541864139020537,0.6097946287519749,0.6390728476821194,0.2914691943127962,0.30546357615894043,1.6398963730569944,3.430894308943089,1.564766839378238,3.2737127371273713,0.844,0.8053333333333332,1.1848341232227488,1.2417218543046358,1.94300518134715,4.065040650406504,2.1570130553566287,8.645276093042446,2.728820698110664,True,4,4.026666666666666,4.618609426375779,1.94300518134715,1.7443624001127211,-2.6645352591003757e-15,0.0714517660828608,True,LOW_2,LOW_2_poly_rank_2,polynomial,log,2,tau_peak_MPa_csds + u_p_div_u_r + tau_r_div_tau_p
144,5.0,0.43,4.53,2.1725,3.8975,0,0,0,3.8975,2.2412867147074325,2.3014959723820483,6.138786714707432,7.955893974394428,True,7,1.8146271191650687,10.862499999999999,2.15,22.650000000000002,19.4875,0.934175,9.841425,8.467318749999999,1.9479000000000002,1.6759249999999999,17.655675000000002,0.19792865362485618,5.0523255813953485,1.1622835150737654,0.8603752759381897,0.47958057395143483,0.5574085952533675,0.09492273730684327,0.11032713277742143,2.085155350978136,10.534883720930234,1.7940161104718069,9.063953488372093,0.906,0.7795,1.1037527593818983,1.2828736369467608,2.3014959723820483,11.627906976744185,1.8199054141291904,6.171274706884913,7.3116755685812445,True,8,3.8975,2.273774706884913,2.3014959723820483,4.64771651474547,5.329070518200751e-15,0.05335514574495104,True,LOW_2,LOW_2_poly_rank_2,polynomial,log,2,tau_peak_MPa_csds + u_p_div_u_r + tau_r_div_tau_p
147,5.0,1.84,4.39,3.1775,3.69,0,0,0,3.69,48.191526905344915,1.5735641227380015,51.88152690534491,1.779339325853626,True,5,3.948962790498278,15.887500000000001,9.200000000000001,21.95,18.45,5.8466000000000005,13.949225,11.724975,8.0776,6.7896,16.199099999999998,0.5790715971675846,1.7269021739130435,1.1897018970189701,0.8405466970387244,0.7238041002277905,0.8611111111111112,0.4191343963553531,0.49864498644986455,1.3815892997639652,2.385869565217391,1.161290322580645,2.0054347826086953,0.8779999999999999,0.738,1.1389521640091116,1.3550135501355014,1.5735641227380015,2.717391304347826,3.683033643837266,39.76684972902122,1.65337962832459,True,6,3.69,36.07684972902122,1.5735641227380015,1.048712767291567,-4.4719783431901305e-13,0.6037268243119733,True,LOW_2,LOW_2_poly_rank_2,polynomial,log,2,tau_peak_MPa_csds + u_p_div_u_r + tau_r_div_tau_p
150,5.0,0.4,5.29,2.175,4.25,0,0,0,4.25,3.4798658017251105,2.298850574712644,7.7298658017251105,7.755705088302538,True,7,2.045091501740367,10.875,2.0,26.45,21.25,0.87,11.505749999999999,9.243749999999999,2.116,1.7000000000000002,22.4825,0.18390804597701152,5.437499999999999,1.244705882352941,0.8034026465028355,0.4111531190926276,0.5117647058823529,0.07561436672967864,0.09411764705882353,2.4321839080459773,13.225,1.9540229885057472,10.625,1.058,0.85,0.945179584120983,1.1764705882352942,2.298850574712644,12.5,2.0635432296458047,7.873819192392355,7.035168338582417,True,7,4.25,3.6238191923923546,2.298850574712644,4.448591120748572,-1.5544010523171892e-11,0.06729396323756864,True,LOW_2,LOW_2_poly_rank_2,polynomial,log,2,tau_peak_MPa_csds + u_p_div_u_r + tau_r_div_tau_p
153,5.0,1.3,4.2,2.566666666666667,3.9333333333333336,0,0,0,3.9333333333333336,6.732843008196392,1.948051948051948,10.666176341529724,2.832743127876559,True,3,2.3670776450934685,12.833333333333334,6.5,21.0,19.666666666666668,3.336666666666667,10.780000000000001,10.095555555555556,5.460000000000001,5.113333333333334,16.520000000000003,0.5064935064935064,1.9743589743589745,1.0677966101694916,0.9365079365079365,0.6111111111111112,0.652542372881356,0.30952380952380953,0.3305084745762712,1.6363636363636362,3.230769230769231,1.5324675324675325,3.0256410256410255,0.8400000000000001,0.7866666666666667,1.1904761904761905,1.271186440677966,1.9480519480519478,3.846153846153846,2.4060092253044476,11.089616558147679,2.466507024295607,True,5,3.9333333333333336,7.156283224814345,1.9480519480519478,1.5702245211918189,0.0,0.14713592345832754,True,LOW_2,LOW_2_poly_rank_2,polynomial,log,2,tau_peak_MPa_csds + u_p_div_u_r + tau_r_div_tau_p
156,5.0,0.67,4.06,2.1775,3.745,0,0,0,3.745,2.1627193549790276,2.296211251435132,5.907719354979028,5.4890381882934465,True,6,1.7762598609983717,10.887500000000001,3.35,20.299999999999997,18.725,1.4589250000000002,8.84065,8.154737500000001,2.7201999999999997,2.5091500000000004,15.204699999999999,0.30769230769230765,3.25,1.0841121495327102,0.9224137931034484,0.5363300492610839,0.581441922563418,0.16502463054187194,0.17890520694259013,1.864523536165327,6.059701492537313,1.7198622273249138,5.58955223880597,0.8119999999999999,0.749,1.2315270935960592,1.335113484646195,2.296211251435132,7.462686567164178,1.7391882342729095,5.692720391209117,5.083044942806685,True,7,3.745,1.947720391209117,2.296211251435132,3.2540405941257693,0.0,0.08571884705516286,True,LOW_2,LOW_2_poly_rank_2,polynomial,log,2,tau_peak_MPa_csds + u_p_div_u_r + tau_r_div_tau_p
159,5.0,0.32,5.06,2.1825,4.11975,0,0,0,4.11975,2.410582651104151,2.290950744558992,6.530332651104151,10.626543938716322,True,8,1.8764578839669745,10.912500000000001,1.6,25.299999999999997,20.59875,0.6984,11.04345,8.991354375,1.6192,1.31832,20.845934999999997,0.1466208476517755,6.8203125,1.2282298683172521,0.8141798418972332,0.4313241106719368,0.5297651556526489,0.0632411067193676,0.07767461617816615,2.3184421534936996,15.812499999999998,1.8876288659793812,12.874218749999999,1.012,0.82395,0.9881422924901186,1.2136658777838463,2.290950744558992,15.625,1.905280463434389,6.721292440073384,9.79860367529528,True,9,4.11975,2.601542440073384,2.290950744558992,6.22733614334561,1.7763568394002505e-15,-0.017358043335715223,True,LOW_2,LOW_2_poly_rank_2,polynomial,log,2,tau_peak_MPa_csds + u_p_div_u_r + tau_r_div_tau_p
162,5.0,0.24,6.09,2.175,4.409,0,0,0,4.409,3.4511384121172206,2.298850574712644,7.86013841211722,13.515323404054092,True,9,2.061804215970191,10.875,1.2,30.45,22.044999999999998,0.5219999999999999,13.24575,9.589574999999998,1.4616,1.05816,26.85081,0.1103448275862069,9.0625,1.3812655931050124,0.7239737274220033,0.3571428571428571,0.4933091403946473,0.03940886699507389,0.05443411204354729,2.8000000000000003,25.375,2.027126436781609,18.370833333333334,1.218,0.8817999999999999,0.8210180623973727,1.1340440009072352,2.298850574712644,20.833333333333336,2.0376348730249734,7.672441424623771,13.116979064869396,True,10,4.409,3.263441424623771,2.298850574712644,8.338682618364393,3.552713678800501e-15,0.13081552437335997,True,LOW_2,LOW_2_poly_rank_2,polynomial,log,2,tau_peak_MPa_csds + u_p_div_u_r + tau_r_div_tau_p
165,5.0,0.23,5.85,2.1675,4.43275,0,0,0,4.43275,2.80147060168731,2.306805074971165,7.23422060168731,14.978792929839672,True,10,1.9788226281834507,10.8375,1.1500000000000001,29.25,22.16375,0.498525,12.679875,9.607985625000001,1.3455,1.0195325000000002,25.9315875,0.1061130334486736,9.42391304347826,1.3197225198804352,0.7577350427350429,0.37051282051282053,0.4889741131351869,0.03931623931623932,0.05188652642264959,2.698961937716263,25.43478260869565,2.0450980392156866,19.272826086956524,1.17,0.8865500000000001,0.8547008547008548,1.1279679657097736,2.306805074971165,21.73913043478261,1.978443462410121,7.2314781527926675,14.395068448298378,True,10,4.43275,2.798728152792667,2.306805074971165,9.189808843954022,-3.4141578453272814e-12,0.03467286145749249,True,LOW_2,LOW_2_poly_rank_2,polynomial,log,2,tau_peak_MPa_csds + u_p_div_u_r + tau_r_div_tau_p
168,5.0,1.11,4.61,2.563333333333333,4.293333333333333,0,0,0,4.293333333333333,4.918051194692046,1.950585175552666,9.21138452802538,3.258019017990617,True,4,2.220440167744806,12.816666666666665,5.550000000000001,23.05,21.466666666666665,2.8453,11.816966666666666,11.005244444444441,5.117100000000001,4.7656,19.792266666666666,0.4330299089726919,2.3093093093093087,1.0737577639751554,0.9313087490961676,0.5560375994215473,0.5970496894409938,0.24078091106290672,0.2585403726708075,1.7984395318595583,4.153153153153153,1.6749024707412223,3.8678678678678673,0.922,0.8586666666666666,1.0845986984815617,1.1645962732919255,1.950585175552666,4.504504504504504,2.2434176819466627,9.425489628391292,2.8351371300221375,True,4,4.293333333333333,5.132156295057959,1.950585175552666,1.8022990023531291,-7.238654120556021e-13,0.13295503652836593,True,LOW_2,LOW_2_poly_rank_2,polynomial,log,2,tau_peak_MPa_csds + u_p_div_u_r + tau_r_div_tau_p
171,5.0,0.32,4.74,2.17,4.0465,0,0,0,4.0465,1.7565900119017304,2.3041474654377883,5.80309001190173,11.4900793995,True,9,1.7583905363585037,10.85,1.6,23.700000000000003,20.2325,0.6944,10.2858,8.780904999999999,1.5168000000000001,1.29488,19.180410000000002,0.14746543778801843,6.78125,1.1713826763870012,0.8536919831223628,0.45780590717299574,0.5362659088100827,0.06751054852320675,0.07908068701346843,2.184331797235023,14.8125,1.864746543778802,12.6453125,0.9480000000000001,0.8093,1.0548523206751055,1.2356357345854443,2.3041474654377883,15.625,1.7873541412738732,5.973626167618312,10.61238163263607,True,9,4.0465,1.9271261676183125,2.3041474654377883,6.791796898863384,-1.7763568394002505e-15,-0.02825348299549857,True,LOW_2,LOW_2_poly_rank_2,polynomial,log,2,tau_peak_MPa_csds + u_p_div_u_r + tau_r_div_tau_p
174,5.0,0.27,5.18,2.18,4.452999999999999,0,0,0,4.452999999999999,1.5717255574854088,2.293577981651376,6.024725557485408,14.53141002624948,True,10,1.795871927714429,10.9,1.35,25.9,22.264999999999997,0.5886000000000001,11.2924,9.70754,1.3986,1.20231,23.066539999999996,0.1238532110091743,8.074074074074074,1.1632607231080172,0.8596525096525096,0.4208494208494209,0.4895576016168876,0.05212355212355213,0.06063328093420167,2.3761467889908254,19.185185185185183,2.042660550458715,16.49259259259259,1.036,0.8905999999999998,0.9652509652509653,1.1228385358185495,2.293577981651376,18.51851851851852,1.8350149983442563,6.265228112779115,13.435123589166542,True,10,4.452999999999999,1.812228112779116,2.293577981651376,8.662756474032548,-4.654054919228656e-13,-0.0820452440861561,True,LOW_2,LOW_2_poly_rank_2,polynomial,log,2,tau_peak_MPa_csds + u_p_div_u_r + tau_r_div_tau_p
177,5.0,1.47,3.8,2.6333333333333333,3.616,0,0,0,3.616,6.14964024424423,1.89873417721519,9.76564024424423,2.66832825839853,True,4,2.2788701273861203,13.166666666666666,7.35,19.0,18.080000000000002,3.871,10.006666666666666,9.522133333333333,5.585999999999999,5.31552,13.7408,0.5582278481012658,1.7913832199546484,1.0508849557522124,0.9515789473684211,0.6929824561403509,0.7282448377581121,0.38684210526315793,0.4065265486725664,1.4430379746835442,2.585034013605442,1.3731645569620254,2.4598639455782316,0.76,0.7232000000000001,1.3157894736842106,1.3827433628318584,1.89873417721519,3.4013605442176873,2.4067484619467754,11.097817439879503,2.296263902882309,True,5,3.616,7.481817439879503,1.89873417721519,1.4686817172205002,-4.853895063661184e-13,0.10453451345146242,True,LOW_2,LOW_2_poly_rank_2,polynomial,log,2,tau_peak_MPa_csds + u_p_div_u_r + tau_r_div_tau_p
180,5.0,0.52,5.54,2.9225,4.727,0,0,0,4.727,2.527730037291942,1.710863986313088,7.254730037291942,6.676100463922199,True,7,1.9816536750706908,14.612499999999999,2.6,27.7,23.635,1.5197,16.190649999999998,13.814657500000001,2.8808000000000002,2.4580400000000004,26.18758,0.17792985457656119,5.6201923076923075,1.171990691770679,0.8532490974729242,0.5275270758122743,0.6182568225089908,0.09386281588447654,0.11000634651999154,1.8956372968349018,10.653846153846153,1.6174508126603937,9.090384615384616,1.108,0.9454,0.9025270758122743,1.0577533319229955,1.7108639863130881,9.615384615384615,1.99596174027381,7.359277338923582,6.147804000350399,True,7,4.727,2.632277338923582,1.7108639863130881,3.912864620480721,-1.0480505352461478e-13,0.03258533999100699,True,LOW_2,LOW_2_poly_rank_2,polynomial,log,2,tau_peak_MPa_csds + u_p_div_u_r + tau_r_div_tau_p
183,5.0,1.93,4.22,3.1,4.0145,0,0,0,4.0145,10.822557992923612,1.6129032258064515,14.837057992923611,2.064879723343122,True,5,2.6971279696301296,15.5,9.65,21.099999999999998,20.072499999999998,5.983,13.081999999999999,12.44495,8.144599999999999,7.747985,16.94119,0.6225806451612903,1.606217616580311,1.0511894382862124,0.9513033175355451,0.7345971563981043,0.7722007722007722,0.45734597156398105,0.48075725495080335,1.361290322580645,2.186528497409326,1.295,2.0800518134715027,0.844,0.8029,1.1848341232227488,1.2454851164528584,1.6129032258064515,2.5906735751295336,2.905698869820707,18.278013141351128,1.797560681697906,True,6,4.0145,14.263513141351128,1.6129032258064515,1.1530267066192097,-4.8627768478581856e-14,0.14033819579507567,True,LOW_2,LOW_2_poly_rank_2,polynomial,log,2,tau_peak_MPa_csds + u_p_div_u_r + tau_r_div_tau_p
186,5.0,0.28,5.16,2.1775,3.81425,0,0,0,3.81425,3.130431077528114,2.296211251435132,6.944681077528114,11.220553160809676,True,8,1.9379760539896396,10.887500000000001,1.4000000000000001,25.8,19.07125,0.6097000000000001,11.2359,8.305529375,1.4448,1.06799,19.68153,0.1285878300803674,7.776785714285714,1.3528216556334798,0.7391957364341085,0.4219961240310078,0.5708854951825393,0.054263565891472874,0.07340892704987875,2.369690011481056,18.428571428571427,1.7516647531572902,13.622321428571427,1.032,0.76285,0.9689922480620154,1.3108736973192634,2.296211251435132,17.857142857142854,1.9590588299510514,7.092648534464733,10.471606921107607,True,9,3.81425,3.2783985344647335,2.296211251435132,6.629814721433544,-1.7763568394002505e-15,9.9519290553296e-05,True,LOW_2,LOW_2_poly_rank_2,polynomial,log,2,tau_peak_MPa_csds + u_p_div_u_r + tau_r_div_tau_p
189,5.0,3.11,4.79,3.85,4.4285,0,0,0,4.4285,105.61771145632456,1.2987012987012987,110.04621145632456,1.3813754414682702,True,6,4.70090038172178,19.25,15.549999999999999,23.95,22.1425,11.9735,18.4415,17.049725,14.896899999999999,13.772634999999998,21.212515,0.8077922077922077,1.2379421221864952,1.0816303488765948,0.9245302713987473,0.8037578288100209,0.8693688607880773,0.6492693110647181,0.7022693914417975,1.2441558441558442,1.5401929260450162,1.15025974025974,1.4239549839228296,0.958,0.8856999999999999,1.0438413361169103,1.1290504685559446,1.2987012987012987,1.6077170418006432,4.753901369579982,116.03610231978064,1.315295851474568,True,7,4.4285,111.60760231978064,1.2987012987012987,0.8623426847084925,-1.723288178823168e-11,0.33669510521698154,True,LOW_2,LOW_2_poly_rank_2,polynomial,log,2,tau_peak_MPa_csds + u_p_div_u_r + tau_r_div_tau_p
192,5.0,0.26,5.06,2.06,2.78625,0,0,0,2.78625,5.537602820988881,2.4271844660194173,8.323852820988881,9.67711986223781,True,7,2.1191252270906995,10.3,1.3,25.299999999999997,13.931249999999999,0.5356000000000001,10.423599999999999,5.739675,1.3155999999999999,0.724425,14.098424999999999,0.1262135922330097,7.923076923076923,1.816061013907582,0.5506422924901186,0.4071146245059289,0.7393449977568417,0.051383399209486175,0.0933153880663975,2.4563106796116503,19.46153846153846,1.3525485436893203,10.716346153846153,1.012,0.55725,0.9881422924901186,1.7945266935845672,2.4271844660194173,19.23076923076923,2.095620380891198,8.13048340247569,9.141319314106063,True,8,2.78625,5.34423340247569,2.4271844660194173,5.811584421141101,8.881784197001252e-16,0.18542896090047867,True,LOW_2,LOW_2_poly_rank_2,polynomial,log,2,tau_peak_MPa_csds + u_p_div_u_r + tau_r_div_tau_p
195,5.0,0.49,5.79,2.1875,4.2505,0,0,0,4.2505,7.336962282580967,2.2857142857142856,11.587462282580969,5.320972461121309,True,6,2.4499236758774825,10.9375,2.45,28.95,21.252499999999998,1.071875,12.665625,9.297968749999999,2.8371,2.0827449999999996,24.610394999999997,0.224,4.464285714285714,1.3621926832137397,0.7341105354058721,0.37780656303972365,0.514645335842842,0.0846286701208981,0.11528055522879661,2.646857142857143,11.816326530612246,1.943085714285714,8.674489795918367,1.158,0.8501,0.8635578583765112,1.1763321962122104,2.2857142857142856,10.204081632653061,2.452297673141458,11.615003564865724,4.676544986877579,True,6,4.2505,7.364503564865724,2.2857142857142856,2.9842802955639103,-2.4868995751603507e-14,0.31105033961843764,True,LOW_2,LOW_2_poly_rank_2,polynomial,log,2,tau_peak_MPa_csds + u_p_div_u_r + tau_r_div_tau_p
198,5.0,0.4,5.46,2.9125,4.44825,0,0,0,4.44825,2.4337808805815433,1.7167381974248928,6.882030880581543,8.688241808193261,True,8,1.9289137945174364,14.5625,2.0,27.3,22.24125,1.165,15.90225,12.955528125,2.184,1.7793,24.287444999999998,0.13733905579399142,7.28125,1.227448996796493,0.8146978021978022,0.5334249084249084,0.6547518687124151,0.07326007326007326,0.08992300342831451,1.8746781115879827,13.649999999999999,1.5272961373390557,11.120624999999999,1.092,0.8896499999999999,0.9157509157509157,1.1240375428539313,1.7167381974248928,12.5,1.9538691868826614,7.055935566159376,8.076622783704707,True,8,4.44825,2.6076855661593763,1.7167381974248928,5.144915081278956,-5.329070518200751e-15,-0.021598200432198844,True,LOW_2,LOW_2_poly_rank_2,polynomial,log,2,tau_peak_MPa_csds + u_p_div_u_r + tau_r_div_tau_p
201,5.0,4.54,3.73,28.00018033053748,3.372542584212134,0,1,1,3.372542584212134,0.9705608512144872,0.178570278511632,4.343103435426621,0.8969826858645201,True,8,1.4685891698536062,140.0009016526874,22.7,18.65,16.86271292106067,127.12081870064016,104.44067263290479,94.43180053035663,16.9342,15.311343332323089,12.57958383911126,0.16214181288856194,6.167440601439973,1.105990482510504,0.9041669126574086,7.506750758857233,8.302394893874602,1.2171581769436997,1.346165359409568,0.13321342776967754,0.8215859030837004,0.12044717371102003,0.7428507894740383,0.746,0.6745085168424267,1.3404825737265416,1.4825609685127399,0.17857027851163207,1.1013215859030836,1.4628068990551177,4.318062900602219,0.8591370128299489,True,9,3.372542584212134,0.9455203163900849,0.17857027851163207,0.5593352187663851,-2.7355895326763857e-13,0.024496942938558863,True,LOW_2,LOW_2_poly_rank_2,polynomial,log,2,tau_peak_MPa_csds + u_p_div_u_r + tau_r_div_tau_p
245,5516.0,3.95,5.488,13.0,4.171,0,0,0,4.171,11.473466241634494,0.3846153846153846,15.644466241634497,0.6512771868667829,True,8,2.750117259673048,71708.0,21788.2,30271.808,23007.236,51.35,71.34400000000001,54.223000000000006,21.6776,16.475450000000002,22.890448000000003,0.3038461538461539,3.291139240506329,1.3157516183169504,0.7600218658892128,2.368804664723032,3.1167585710860704,0.7197521865889213,0.9470151042915368,0.4221538461538462,1.389367088607595,0.3208461538461539,1.0559493670886075,0.0009949238578680203,0.0007561638868745468,1005.1020408163265,1322.4646367777511,424.3076923076923,1396.4556962025315,2.7206925970145996,15.190839732591252,0.5618083808783189,True,9,4.171,11.019839732591251,0.38461538461538464,0.3600055625475417,-2.631361795124576e-11,0.5562533003154955,True,LOW_2,LOW_2_poly_rank_2,polynomial,log,2,tau_peak_MPa_csds + u_p_div_u_r + tau_r_div_tau_p
249,5509.0,1.08,4.482,13.0,3.316,0,0,0,3.316,1.9761134955053168,0.3846153846153846,5.292113495505316,3.3738748448845737,True,4,1.6662176926412744,71617.0,5949.72,24691.338,18267.843999999997,14.040000000000001,58.266000000000005,43.108,4.840560000000001,3.58128,14.862312,0.08307692307692308,12.037037037037036,1.3516284680337758,0.7398482820169566,2.900490852298081,3.920386007237636,0.24096385542168675,0.3256936067551267,0.3447692307692308,4.15,0.2550769230769231,3.07037037037037,0.0008135777818115811,0.0006019241241604647,1229.1387773315485,1661.3389626055489,423.7692307692308,5100.925925925925,1.6870325977661742,5.403422762950523,3.2378889159080106,True,5,3.316,2.0874227629505233,0.38461538461538464,2.078738370155475,-1.1368683772161603e-13,-0.048206717586817494,True,LOW_2,LOW_2_poly_rank_2,polynomial,log,2,tau_peak_MPa_csds + u_p_div_u_r + tau_r_div_tau_p
253,5512.0,2.08,4.233,15.0,3.386,0,0,0,3.386,2.0681407318693763,0.3333333333333333,5.454140731869376,1.6219591173534793,True,6,1.6963750875135555,82680.0,11464.960000000001,23332.296,18663.632,31.200000000000003,63.495,50.79,8.80464,7.04288,14.332937999999999,0.13866666666666666,7.211538461538462,1.2501476668635556,0.799905504370423,3.5435861091424523,4.430005906674542,0.49137727380108676,0.6142941523922032,0.28219999999999995,2.0350961538461534,0.22573333333333334,1.6278846153846154,0.0007679608127721335,0.0006142960812772133,1302.14977557288,1627.8795038393384,367.46666666666664,2650.0,1.721960654028909,5.59548853344996,1.504673691646385,True,6,3.386,2.20948853344996,0.3333333333333333,0.9561429453847337,1.7763568394002505e-15,-0.012848010416692812,True,LOW_2,LOW_2_poly_rank_2,polynomial,log,2,tau_peak_MPa_csds + u_p_div_u_r + tau_r_div_tau_p
257,4134.0,1.9,4.37,15.0,3.015,0,0,0,3.015,3.1599174946212627,0.3333333333333333,6.174917494621263,1.5540138559861083,True,6,1.8204955212298422,62010.0,7854.599999999999,18065.58,12464.01,28.5,65.55,45.225,8.302999999999999,5.7285,13.175550000000001,0.12666666666666665,7.894736842105264,1.449419568822554,0.6899313501144165,3.4324942791762014,4.975124378109452,0.43478260869565216,0.6301824212271973,0.29133333333333333,2.3000000000000003,0.201,1.586842105263158,0.0010570875665215289,0.0007293178519593614,945.9954233409611,1371.1442786069651,275.6,2175.7894736842104,1.8377746034097204,6.282541546147219,1.4518549117985575,True,6,3.015,3.267541546147219,0.3333333333333333,0.9178044514940233,-1.7763568394002505e-15,0.018745763559449014,True,LOW_2,LOW_2_poly_rank_2,polynomial,log,2,tau_peak_MPa_csds + u_p_div_u_r + tau_r_div_tau_p
286,3.78,0.88,5.477,5.4273477292671775,2.848434309388562,0,1,1,2.848434309388562,8.806082929225237,0.9212603005031926,11.6545172386138,2.5046228694450243,True,4,2.4556938506614916,20.51537441662993,3.3264,20.70306,10.767081689488764,4.776066001755116,29.725583513196334,15.459443481026733,4.8197600000000005,2.5066221922619345,15.600874712521154,0.16214181288856191,6.167440601439974,1.9228107111150756,0.5200719936805847,0.9909344037369321,1.905379285517804,0.16067190067555231,0.30894165159416953,1.0091485331711973,6.223863636363637,0.5248298895661822,3.2368571697597295,1.4489417989417992,0.7535540501027942,0.6901588460836223,1.3270448216204098,0.6964727871804136,4.295454545454545,2.444880034847455,11.529166417665728,2.2669846337688333,True,5,2.848434309388562,8.680732108277166,0.9212603005031926,1.4821923363030312,-6.727951529228449e-13,0.3378171964584351,True,LOW_2,LOW_2_poly_rank_2,polynomial,log,2,tau_peak_MPa_csds + u_p_div_u_r + tau_r_div_tau_p
289,3.78,0.44,5.856,2.7136738646335887,2.848434309388562,0,1,1,2.848434309388562,10.290924987900752,1.8425206010063853,13.139359297289314,4.832563228905287,True,5,2.5756122521484404,10.257687208314964,1.6632,22.135679999999997,10.767081689488764,1.194016500438779,15.891274151294295,7.729721740513367,2.57664,1.2533110961309673,16.68043131577942,0.16214181288856191,6.167440601439974,2.055866263335746,0.48641296266881184,0.4634005916382494,0.952689642758902,0.07513661202185792,0.15447082579708477,2.1579601278986784,13.309090909090909,1.0496597791323643,6.473714339519459,1.5492063492063493,0.7535540501027942,0.6454918032786885,1.3270448216204098,1.3929455743608272,8.59090909090909,2.536636169817701,12.637090368030217,4.402777640163119,True,6,2.848434309388562,9.788656058641655,1.8425206010063853,2.899925204856145,-4.440892098500626e-16,0.47714102293240934,True,LOW_2,LOW_2_poly_rank_2,polynomial,log,2,tau_peak_MPa_csds + u_p_div_u_r + tau_r_div_tau_p
291,2.6,0.42,4.293,2.590325052604789,1.959240530267265,0,1,1,1.959240530267265,8.144262348078403,1.9302596772447849,10.103502878345669,4.906645401620717,True,5,2.3128821833573703,6.734845136772451,1.092,11.161800000000001,5.094025378694889,1.0879365220940114,11.12026545083236,5.075069829629988,1.8030599999999999,0.8228810227122513,8.411019596437368,0.16214181288856191,6.167440601439974,2.1911551612370843,0.4563802772576904,0.6033834271150219,1.3221067105280004,0.0978336827393431,0.21436877887714312,1.6573209588823723,10.221428571428572,0.7563685987197184,4.664858405398251,1.6511538461538462,0.7535540501027942,0.605637083624505,1.3270448216204098,1.0037350321672882,6.190476190476191,2.314684769685286,10.121731739109881,4.409299076551556,True,6,1.959240530267265,8.162491208842617,1.9302596772447846,2.9421201013983866,0.0,0.2936657210743423,True,LOW_2,LOW_2_poly_rank_2,polynomial,log,2,tau_peak_MPa_csds + u_p_div_u_r + tau_r_div_tau_p
293,1.79,0.55,3.752,3.392092330791986,1.3488617496840016,0,1,1,1.3488617496840016,8.999404803617814,1.4740164808051082,10.348266553301816,3.397073578572742,True,4,2.3368190229118007,6.071845272117655,0.9845000000000002,6.71608,2.414462531934363,1.8656507819355925,12.72713042513153,4.575463596401762,2.0636,0.741873962326201,5.060929284814374,0.16214181288856191,6.167440601439974,2.7816045646479206,0.35950473072601324,0.9040757811279281,2.5147813195730793,0.14658848614072498,0.407751202173869,1.106101967196153,6.8218181818181804,0.3976488898723665,2.4524759085163663,2.09608938547486,0.7535540501027942,0.4770788912579958,1.32704482162041,0.5276979001282287,3.2545454545454544,2.3152177502388365,10.12712786318194,3.0647966368153283,True,4,1.3488617496840016,8.778266113497939,1.4740164808051082,2.1154435162880887,-1.2314593789142236e-12,0.3776451336180151,True,LOW_2,LOW_2_poly_rank_2,polynomial,log,2,tau_peak_MPa_csds + u_p_div_u_r + tau_r_div_tau_p
314,2.93,1.8,3.8,11.101393082591954,2.3726672172613705,0,1,1,2.3726672172613705,4.501119428750482,0.4503939246904497,6.873786646011853,1.379736428464202,True,6,1.9277151401239998,32.52708173199443,5.274,11.134,6.951914946575816,19.98250754866552,42.185293713849426,26.33991143299808,6.84,4.270800991070467,9.016135425593207,0.1621418128885619,6.167440601439974,1.6015731040386334,0.6243861098056238,2.921419232261041,4.678866468010477,0.4736842105263158,0.7586398913867212,0.34229938276474176,2.111111111111111,0.2137269799933433,1.3181484540340946,1.2969283276450512,0.8097840331950069,0.7710526315789474,1.2348971565350517,0.26393083986860355,1.6277777777777778,1.944974860270618,6.993456039230726,1.2458893166143308,True,7,2.3726672172613705,4.620788821969356,0.4503939246904497,0.7972025108620837,-8.881784197001252e-16,0.11577371527081892,True,LOW_2,LOW_2_poly_rank_2,polynomial,log,2,tau_peak_MPa_csds + u_p_div_u_r + tau_r_div_tau_p
320,3.05,1.3,3.7,8.017672781871967,1.9806931592524069,0,1,1,1.9806931592524069,5.70674005649928,0.6236223572636995,7.687433215751687,1.723838260148718,True,5,2.0395869457130065,24.4539019847095,3.965,11.285,6.04111413571984,10.422974616433558,29.66538929292628,15.88054963217802,4.8100000000000005,2.574901107028129,7.328564689233906,0.1621418128885619,6.167440601439974,1.8680329069226091,0.5353224754736234,2.166938589695126,4.047912592830966,0.35135135135135137,0.6563358862160519,0.4614805443751377,2.8461538461538463,0.24704090739781406,1.5236101225018515,1.213114754098361,0.6494075931975105,0.8243243243243242,1.5398649638145832,0.3804096379308567,2.346153846153846,2.052166341239332,7.784747271499306,1.549670065656619,True,6,1.9806931592524069,5.804054112246899,0.6236223572636995,1.01089597959939,-1.795008586213953e-12,0.17746759120955424,True,LOW_2,LOW_2_poly_rank_2,polynomial,log,2,tau_peak_MPa_csds + u_p_div_u_r + tau_r_div_tau_p
