sample_id,u_peak,u_r,tau_peak,tau_r,true_a,true_b,true_c,true_d,true_e,estimated_a,estimated_b,estimated_c,estimated_d,estimated_e,error_b,abs_error_b,error_d,abs_error_d,error_e,abs_error_e,curve_rmse_tau_u,curve_mae_tau_u,curve_r2_tau_u,curve_valid,dataset,model_name
7,0.72,2.75,0.044,0.03175,0.03175,0.0801325410005739,1.818181818181818,0.1118825410005739,3.441242286799551,0.03175,0.1402023871595456,1.818181818181818,0.1719523871595456,2.596705777368195,0.06006984615897171,0.06006984615897171,0.06006984615897171,0.06006984615897171,-0.8445365094313559,0.8445365094313559,0.001548252380801924,0.0010427022138777753,0.9480160956981601,True,LOW_1,LOW_1_poly_rank_2
8,0.92,3.0,0.035,0.02825,0.02825,0.0557241852265918,1.6666666666666667,0.0839741852265918,3.007954906577982,0.02825,0.0853852927217553,1.6666666666666667,0.1136352927217553,2.3515028212500426,0.029661107495163493,0.029661107495163493,0.0296611074951635,0.0296611074951635,-0.6564520853279392,0.6564520853279392,0.0015261067158223503,0.000864420486202738,0.920901113549566,True,LOW_1,LOW_1_poly_rank_2
9,0.97,3.0,0.029,0.0255,0.0255,0.0288872445152351,1.6666666666666667,0.0543872445152351,3.290221199159674,0.0255,0.0437412029990022,1.6666666666666667,0.0692412029990022,2.597706952049282,0.0148539584837671,0.0148539584837671,0.014853958483767103,0.014853958483767103,-0.6925142471103918,0.6925142471103918,0.0008776082364229823,0.0004973243025364403,0.9630884673006402,True,LOW_1,LOW_1_poly_rank_2
11,0.78,3.5,0.05,0.0417499999999999,0.0417499999999999,0.0354980845491272,1.4285714285714286,0.0772480845491271,4.004659571873231,0.0417499999999999,0.0389099874674717,1.4285714285714286,0.0806599874674716,3.518917910271125,0.003411902918344499,0.003411902918344499,0.003411902918344506,0.003411902918344506,-0.4857416616021055,0.4857416616021055,0.0008201544395692831,0.0003945462780477895,0.9861102658733192,True,LOW_1,LOW_1_poly_rank_2
12,1.25,3.5,0.04,0.034,0.034,0.0670624339164287,1.4285714285714286,0.1010624339164287,2.366794324621144,0.034,0.0630132615851571,1.4285714285714286,0.0970132615851571,2.070769793393323,-0.004049172331271597,0.004049172331271597,-0.004049172331271597,0.004049172331271597,-0.2960245312278209,0.2960245312278209,0.0024238041908163322,0.0015769110638757214,0.8595475374898454,True,LOW_1,LOW_1_poly_rank_2
13,1.8,4.0,0.035,0.033,0.033,0.0334302203204883,1.25,0.0664302203204883,2.0972939397426664,0.033,0.0170362146582783,1.25,0.0500362146582783,2.1497977131393156,-0.01639400566221,0.01639400566221,-0.01639400566221,0.01639400566221,0.052503773396649134,0.052503773396649134,0.00129268872832763,0.0009284700712866498,0.9565672683702856,True,LOW_1,LOW_1_poly_rank_2
19,1.55,12.0,1.02,0.8525,0.8525,0.3782821788444106,0.4166666666666667,1.2307821788444109,2.3791759662313843,0.8525,0.3037778301325669,0.4166666666666667,1.156277830132567,2.411844190589269,-0.07450434871184375,0.07450434871184375,-0.07450434871184397,0.07450434871184397,0.032668224357884856,0.032668224357884856,0.015019097538408337,0.00926447418845996,0.9840505851478465,True,LOW_1,LOW_1_poly_rank_2
20,1.71,12.0,2.57,1.7327500000000002,1.7327500000000002,2.210315622373947,0.4166666666666667,3.9430656223739473,1.6207235717983703,1.7327500000000002,3.853664763657189,0.4166666666666667,5.586414763657189,1.2985602433129704,1.6433491412832417,1.6433491412832417,1.6433491412832413,1.6433491412832413,-0.32216332848539997,0.32216332848539997,0.20209848018650797,0.13643612878138872,0.6706025113688528,True,LOW_1,LOW_1_poly_rank_2
27,0.87,3.25,2.35,1.9075,1.9075,2.7034029995062916,1.5384615384615383,4.610902999506291,3.276941309100947,1.9075,4.761880331691962,1.5384615384615383,6.669380331691961,2.4697443823340355,2.05847733218567,2.05847733218567,2.05847733218567,2.05847733218567,-0.8071969267669115,0.8071969267669115,0.06144958727756305,0.04643600297276827,0.9689866917664889,True,LOW_1,LOW_1_poly_rank_2
28,0.13,1.325,1.02,0.6675,0.6675,0.6738254010838505,3.7735849056603774,1.3413254010838505,23.891608655167115,0.6675,0.7096515174550024,3.7735849056603774,1.3771515174550024,22.663963265540083,0.03582611637115196,0.03582611637115196,0.03582611637115196,0.03582611637115196,-1.2276453896270318,1.2276453896270318,0.0054462411142940535,0.003531560631410248,0.9982937796243402,True,LOW_1,LOW_1_poly_rank_2
31,0.24,1.275,0.66,0.475,0.475,0.6758571313827281,3.9215686274509807,1.150857131382728,11.17767536247715,0.475,0.5522849219641005,3.9215686274509807,1.0272849219641005,10.683197797567326,-0.12357220941862757,0.12357220941862757,-0.12357220941862757,0.12357220941862757,-0.49447756490982364,0.49447756490982364,0.024536290164039416,0.015293541282780236,0.9300628709543263,True,LOW_1,LOW_1_poly_rank_2
34,0.47,1.525,1.07,0.6975,0.6975,4.0455139668571585,3.278688524590164,4.743013966857158,4.812842755740618,0.6975,3.998015465974725,3.278688524590164,4.695515465974725,4.09263705457385,-0.04749850088243335,0.04749850088243335,-0.04749850088243335,0.04749850088243335,-0.7202057011667682,0.7202057011667682,0.1333826953690623,0.09130931500867723,0.477819204214058,True,LOW_1,LOW_1_poly_rank_2
37,0.11,1.325,0.89,0.5625,0.5625,0.5639971811696873,3.7735849056603774,1.1264971811696871,29.2958502513531,0.5625,0.5461366681586914,3.7735849056603774,1.1086366681586914,28.633211062035933,-0.017860513010995893,0.017860513010995893,-0.01786051301099567,0.01786051301099567,-0.6626391893171686,0.6626391893171686,0.005504192149206225,0.002966429147738524,0.9977155604471455,True,LOW_1,LOW_1_poly_rank_2
40,0.3,1.35,0.88,0.635,0.635,1.1651130574348498,3.7037037037037033,1.8001130574348498,8.547982610717572,0.635,1.0532562642967829,3.7037037037037033,1.6882562642967829,7.72821991845584,-0.11185679313806696,0.11185679313806696,-0.11185679313806696,0.11185679313806696,-0.8197626922617314,0.8197626922617314,0.03726461780575232,0.022271124452285202,0.9172399015437145,True,LOW_1,LOW_1_poly_rank_2
43,0.88,1.475,0.58,0.535,0.535,2.3643732180319175,3.389830508474576,2.8993732180319176,4.157276354583812,0.535,2.830595448254749,3.389830508474576,3.365595448254749,3.679838032688223,0.4662222302228316,0.4662222302228316,0.4662222302228316,0.4662222302228316,-0.47743832189558866,0.47743832189558866,0.05807599852574261,0.0425176235151328,0.7109534341921322,True,LOW_1,LOW_1_poly_rank_2
46,0.79,1.5,0.8,0.665,0.665,6.166849946093346,3.3333333333333335,6.831849946093346,3.9230290740544778,0.665,5.325356081108855,3.3333333333333335,5.990356081108855,3.568621908044822,-0.841493864984491,0.841493864984491,-0.841493864984491,0.841493864984491,-0.35440716600965594,0.35440716600965594,0.1326721013190677,0.0993170277644481,0.1722162944143395,True,LOW_1,LOW_1_poly_rank_2
51,1.26,1.85,0.94,0.785,0.785,27.151829140946248,2.702702702702702,27.936829140946248,2.8751003676389564,0.785,28.64348872318591,2.702702702702702,29.42848872318591,2.7330112970566987,1.491659582239663,1.491659582239663,1.491659582239663,1.491659582239663,-0.14208907058225773,0.14208907058225773,0.2618519478285159,0.19466107158220936,-0.7412710549031514,True,LOW_1,LOW_1_poly_rank_2
53,1.15,1.85,0.71,0.65,0.65,3.9933470021604136,2.702702702702702,4.6433470021604135,3.19021506632708,0.65,4.886267533267308,2.702702702702702,5.536267533267308,2.8607112460371007,0.8929205311068942,0.8929205311068942,0.8929205311068946,0.8929205311068946,-0.3295038202899794,0.3295038202899794,0.085328587294863,0.06349867375743065,0.5882544955838802,True,LOW_1,LOW_1_poly_rank_2
56,0.45,1.5666666666666669,0.87,0.6366666666666667,0.6366666666666667,1.8543711063769357,3.191489361702127,2.4910377730436024,5.520751658815112,0.6366666666666667,1.6287688409945629,3.191489361702127,2.2654355076612296,4.858622325188367,-0.22560226538237282,0.22560226538237282,-0.22560226538237282,0.22560226538237282,-0.6621293336267451,0.6621293336267451,0.06626029804564329,0.04323510967258302,0.7658410972299685,True,LOW_1,LOW_1_poly_rank_2
59,0.13,1.5666666666666669,0.97,0.8033333333333333,0.8033333333333333,0.2782264175865835,3.191489361702127,1.0815597509199169,31.910981063129015,0.8033333333333333,0.0747407974363401,3.191489361702127,0.8780741307696734,41.960260306312456,-0.2034856201502434,0.2034856201502434,-0.2034856201502434,0.2034856201502434,10.049279243183442,10.049279243183442,0.04304350278854339,0.02569090403567977,0.8204876828210703,True,LOW_1,LOW_1_poly_rank_2
62,0.71,1.6,1.14,0.9133333333333334,0.9133333333333334,5.696830896813862,3.125,6.610164230147195,3.976020028848459,0.9133333333333334,5.560119293931236,3.125,6.473452627264569,3.49804039426154,-0.13671160288262563,0.13671160288262563,-0.13671160288262563,0.13671160288262563,-0.47797963458691894,0.47797963458691894,0.15713046279693701,0.11413210364319543,0.3713915816668151,True,LOW_1,LOW_1_poly_rank_2
65,0.63,1.5666666666666669,1.42,0.9733333333333332,0.9733333333333332,10.644929502666052,3.191489361702127,11.618262835999383,3.927118476960182,0.9733333333333332,11.819859868165688,3.191489361702127,12.79319320149902,3.4327850959144346,1.1749303654996357,1.1749303654996357,1.1749303654996375,1.1749303654996375,-0.49433338104574753,0.49433338104574753,0.2732145114468813,0.2010143022787085,-0.09014477772206209,True,LOW_1,LOW_1_poly_rank_2
68,0.49,1.5666666666666669,0.79,0.63,0.63,1.4068332196782207,3.191489361702127,2.0368332196782206,5.5461514668738845,0.63,1.1063664312916988,3.191489361702127,1.7363664312916989,5.046381921879147,-0.30046678838652197,0.30046678838652197,-0.30046678838652174,0.30046678838652174,-0.4997695449947379,0.4997695449947379,0.05365510273755147,0.03576063272133002,0.8112750545273667,True,LOW_1,LOW_1_poly_rank_2
71,0.18,1.5666666666666669,0.87,0.6,0.6,0.5778652142592701,3.191489361702127,1.17786521425927,16.988625203858206,0.6,0.5240713563845857,3.191489361702127,1.1240713563845857,16.587203071666625,-0.05379385787468438,0.05379385787468438,-0.05379385787468438,0.05379385787468438,-0.4014221321915805,0.4014221321915805,0.013139601255217539,0.0076941510833267324,0.9859993288074166,True,LOW_1,LOW_1_poly_rank_2
74,0.47,1.5666666666666669,0.66,0.5066666666666667,0.5066666666666667,1.2794449424210406,3.191489361702127,1.7861116090877074,5.540134014051035,0.5066666666666667,0.9909410036648412,3.191489361702127,1.4976076703315078,5.044003506022572,-0.2885039387561994,0.2885039387561994,-0.2885039387561996,0.2885039387561996,-0.4961305080284628,0.4961305080284628,0.04888117908610966,0.03270159187695851,0.7750127127878796,True,LOW_1,LOW_1_poly_rank_2
77,0.18,1.5666666666666669,0.88,0.4966666666666666,0.4966666666666666,0.8494890683979475,3.191489361702127,1.346155735064614,14.732448429095294,0.4966666666666666,0.8484525199451554,3.191489361702127,1.345119186611822,13.943385666722332,-0.0010365484527921076,0.0010365484527921076,-0.0010365484527921076,0.0010365484527921076,-0.7890627623729625,0.7890627623729625,0.007118093394030376,0.0027227184501086637,0.9971794836258016,True,LOW_1,LOW_1_poly_rank_2
80,0.11,1.5633333333333332,1.04,0.5006666666666667,0.5006666666666667,0.863642983300683,3.1982942430703627,1.3643096499673495,27.24084861115649,0.5006666666666667,0.8756930242940743,3.1982942430703627,1.376359690960741,26.548704387808655,0.012050040993391242,0.012050040993391242,0.012050040993391464,0.012050040993391464,-0.6921442233478352,0.6921442233478352,0.002243589055445275,0.0013889561843401421,0.9998154080029298,True,LOW_1,LOW_1_poly_rank_2
83,0.21,1.5566666666666666,0.75,0.4896666666666667,0.4896666666666667,0.6541837303857423,3.211991434689508,1.143850397052409,13.109251845364824,0.4896666666666667,0.5936632144182954,3.211991434689508,1.083329881084962,12.57553961494246,-0.0605205159674469,0.0605205159674469,-0.0605205159674469,0.0605205159674469,-0.5337122304223634,0.5337122304223634,0.015433266838571812,0.008984843051726296,0.978061497361894,True,LOW_1,LOW_1_poly_rank_2
86,1.14,1.85,0.47,0.4455,0.4455,1.2635859558868447,2.702702702702702,1.7090859558868448,3.448989911906233,0.4455,1.9974487859252317,2.702702702702702,2.4429487859252315,2.958694837523699,0.7338628300383869,0.7338628300383869,0.7338628300383867,0.7338628300383867,-0.4902950743825336,0.4902950743825336,0.03512278530745354,0.02500713823218557,0.8454728936993287,True,LOW_1,LOW_1_poly_rank_2
89,0.31,1.5733333333333333,0.64,0.434,0.434,0.831446191232911,3.1779661016949152,1.265446191232911,8.046929532076042,0.434,0.7163734622401077,3.1779661016949152,1.1503734622401076,7.457293181225355,-0.1150727289928033,0.1150727289928033,-0.1150727289928033,0.1150727289928033,-0.5896363508506877,0.5896363508506877,0.027258618657071847,0.016664399845731936,0.9176197983193831,True,LOW_1,LOW_1_poly_rank_2
92,0.1,1.5666666666666669,0.84,0.5786666666666667,0.5786666666666667,0.3913124802400913,3.191489361702127,0.969979146906758,37.39184550372476,0.5786666666666667,0.3252781871975013,3.191489361702127,0.903944853864168,38.24854288063861,-0.06603429304259001,0.06603429304259001,-0.06603429304259001,0.06603429304259001,0.85669737691385,0.85669737691385,0.01568312923946482,0.009249318914074232,0.9735181645214315,True,LOW_1,LOW_1_poly_rank_2
95,0.15,1.5666666666666669,1.04,0.515,0.515,1.0180921290257392,3.191489361702127,1.533092129025739,17.824332391452327,0.515,1.070546112328545,3.191489361702127,1.585546112328545,16.936409438405185,0.05245398330280571,0.05245398330280571,0.05245398330280593,0.05245398330280593,-0.8879229530471413,0.8879229530471413,0.0074855427662893406,0.00485580539138601,0.9980641251978515,True,LOW_1,LOW_1_poly_rank_2
98,0.12,1.5666666666666669,1.33,0.569,0.569,1.2856106349233354,3.191489361702127,1.854610634923335,23.13000566043724,0.569,1.4763348962310934,3.191489361702127,2.0453348962310933,21.993727160623717,0.190724261307758,0.190724261307758,0.1907242613077582,0.1907242613077582,-1.1362784998135247,1.1362784998135247,0.03846197060124537,0.023651704054539837,0.9725359830184397,True,LOW_1,LOW_1_poly_rank_2
101,0.11,1.5599999999999998,1.19,0.5136666666666666,0.5136666666666666,1.0901897584596147,3.2051282051282053,1.6038564251262817,26.190812099681132,0.5136666666666666,1.1422808961423434,3.2051282051282053,1.65594756280901,25.39869071054901,0.05209113768272866,0.05209113768272866,0.05209113768272822,0.05209113768272822,-0.7921213891321237,0.7921213891321237,0.010166880549185553,0.006226649280097035,0.9975116708761347,True,LOW_1,LOW_1_poly_rank_2
104,0.46,1.61,0.57,0.4153333333333333,0.4153333333333333,1.2195408766373736,3.105590062111801,1.634874209970707,5.380408458094788,0.4153333333333333,0.9707921367831776,3.105590062111801,1.3861254701165109,4.848036543714364,-0.2487487398541961,0.2487487398541961,-0.2487487398541961,0.2487487398541961,-0.5323719143804242,0.5323719143804242,0.04574194587368988,0.030474926045197238,0.7403597258540677,True,LOW_1,LOW_1_poly_rank_2
105,0.38,2.1725,3.22,2.8175,2.8175,1.2095551373508462,2.3014959723820483,4.027055137350846,9.674876431868377,2.8175,0.4583537738031791,2.3014959723820483,3.275853773803179,11.772221845073966,-0.7512013635476671,0.7512013635476671,-0.7512013635476671,0.7512013635476671,2.0973454132055895,2.0973454132055895,0.10599069289743908,0.06872662051787959,0.9333638706833404,True,LOW_1,LOW_1_poly_rank_2
107,0.15,1.5566666666666666,0.88,0.5103333333333334,0.5103333333333334,0.7081291518031402,3.211991434689508,1.2184624851364736,19.26598627033951,0.5103333333333334,0.7013989767086343,3.211991434689508,1.2117323100419677,18.545907528141772,-0.006730175094505908,0.006730175094505908,-0.006730175094505908,0.006730175094505908,-0.7200787421977388,0.7200787421977388,0.0049563865674606975,0.002112820683166162,0.9984643794144274,True,LOW_1,LOW_1_poly_rank_2
110,0.15,2.1675,1.23,0.6225,0.6225,0.9619833022068238,2.306805074971165,1.584483302206824,20.507804388385548,0.6225,1.1425412704851154,2.306805074971165,1.7650412704851155,19.403549230484607,0.18055796827829163,0.18055796827829163,0.1805579682782914,0.1805579682782914,-1.1042551579009405,1.1042551579009405,0.03885544520710047,0.023509347769679077,0.9570832411699558,True,LOW_1,LOW_1_poly_rank_2
113,0.21,1.5599999999999998,0.72,0.5333333333333333,0.5333333333333333,0.4530839141628877,3.2051282051282053,0.9864172474962212,14.758619332850811,0.5333333333333333,0.33424440646481,3.2051282051282053,0.8675777397981433,15.140678841229242,-0.11883950769807766,0.11883950769807766,-0.11883950769807783,0.11883950769807783,0.38205950837843083,0.38205950837843083,0.022164696066616914,0.013930755488788036,0.9398622545774729,True,LOW_1,LOW_1_poly_rank_2
116,0.1,1.5533333333333337,1.16,0.5640000000000001,0.5640000000000001,0.912890584776652,3.218884120171673,1.476890584776652,31.1344826944979,0.5640000000000001,1.00645841202038,3.218884120171673,1.5704584120203802,29.984712358654697,0.09356782724372814,0.09356782724372814,0.09356782724372814,0.09356782724372814,-1.149770335843204,1.149770335843204,0.020346977700388055,0.01226153106763892,0.9872936468531582,True,LOW_1,LOW_1_poly_rank_2
119,0.05,1.5533333333333337,1.06,0.4603333333333333,0.4603333333333333,0.7347138188950575,3.218884120171673,1.1950471522283908,76.69251608229672,0.4603333333333333,0.6580573708243607,3.218884120171673,1.118390704157694,77.4337129937355,-0.07665644807069683,0.07665644807069683,-0.07665644807069683,0.07665644807069683,0.7411969114387773,0.7411969114387773,0.02004995271185269,0.011462386251838126,0.9853391320788604,True,LOW_1,LOW_1_poly_rank_2
122,0.16,1.7866666666666664,1.46,0.5153333333333333,0.5153333333333333,1.791622665699797,2.7985074626865676,2.3069559990331303,15.27471027903135,0.5153333333333333,1.9269021591643851,2.7985074626865676,2.4422354924977188,14.607612016910506,0.13527949346458823,0.13527949346458823,0.13527949346458845,0.13527949346458845,-0.6670982621208434,0.6670982621208434,0.02232434169103458,0.014224354505977201,0.994147393814542,True,LOW_1,LOW_1_poly_rank_2
125,0.13,1.5766666666666669,0.83,0.5316666666666667,0.5316666666666667,0.5110542316499418,3.1712473572938684,1.0427208983166083,25.070549134255213,0.5316666666666667,0.4706412493280798,3.1712473572938684,1.0023079159947466,24.81053923607814,-0.04041298232186197,0.04041298232186197,-0.040412982321861746,0.040412982321861746,-0.2600098981770742,0.2600098981770742,0.009863787509836498,0.005771290664527518,0.9913313686439167,True,LOW_1,LOW_1_poly_rank_2
128,0.22,1.5666666666666669,1.38,0.6789999999999999,0.6789999999999999,1.9691572578488556,3.191489361702127,2.6481572578488555,10.298464829923804,0.6789999999999999,2.5414910935981587,3.191489361702127,3.2204910935981585,8.959936362117498,0.5723338357493031,0.5723338357493031,0.5723338357493031,0.5723338357493031,-1.3385284678063059,1.3385284678063059,0.056093022512091445,0.03878082191574704,0.9472257198526164,True,LOW_1,LOW_1_poly_rank_2
131,0.3,1.57,0.69,0.4403333333333333,0.4403333333333333,0.989606450202688,3.184713375796178,1.4299397835360212,7.9675990689291964,0.4403333333333333,0.8917731631719836,3.184713375796178,1.3321064965053169,7.276848753212722,-0.09783328703070437,0.09783328703070437,-0.09783328703070437,0.09783328703070437,-0.6907503157164747,0.6907503157164747,0.02900595385396913,0.017256654984386822,0.925670543075367,True,LOW_1,LOW_1_poly_rank_2
134,0.29,1.5933333333333335,0.81,0.6846666666666668,0.6846666666666668,0.4027161872827163,3.1380753138075312,1.087382853949383,11.679447292728767,0.6846666666666668,0.1677953411830104,3.1380753138075312,0.8524620078496772,13.866530561020598,-0.2349208460997059,0.2349208460997059,-0.23492084609970587,0.23492084609970587,2.187083268291831,2.187083268291831,0.03244940739725917,0.021419042596793593,0.9046299527337452,True,LOW_1,LOW_1_poly_rank_2
137,1.18,1.85,0.63,0.575,0.575,4.239497230710774,2.702702702702702,4.814497230710774,3.1309195303367727,0.575,5.011328361962708,2.702702702702702,5.586328361962708,2.8353627267206942,0.7718311312519335,0.7718311312519335,0.7718311312519335,0.7718311312519335,-0.2955568036160785,0.2955568036160785,0.08236018729218388,0.06119890384863563,0.5093611652155885,True,LOW_1,LOW_1_poly_rank_2
140,0.42,1.7400000000000002,0.83,0.4525,0.4525,2.5886372580129136,2.8735632183908044,3.0411372580129137,4.84879553279124,0.4525,2.333868514982583,2.8735632183908044,2.786368514982583,4.198021545169891,-0.2547687430303305,0.2547687430303305,-0.2547687430303305,0.2547687430303305,-0.6507739876213492,0.6507739876213492,0.08664106458467477,0.0568451008393872,0.6762764459512286,True,LOW_1,LOW_1_poly_rank_2
143,0.33,1.5733333333333333,0.58,0.4766666666666666,0.4766666666666666,0.4098600862261488,3.1779661016949152,0.8865267528928155,9.368454028225154,0.4766666666666666,0.2281230402739314,3.1779661016949152,0.7047897069405981,10.100160926131514,-0.18173704595221737,0.18173704595221737,-0.1817370459522174,0.1817370459522174,0.7317068979063599,0.7317068979063599,0.024113322175724636,0.016214550877670292,0.9076102075388964,True,LOW_1,LOW_1_poly_rank_2
146,0.13,1.5599999999999998,0.68,0.5633333333333334,0.5633333333333334,0.1951982739754749,3.2051282051282053,0.7585316073088083,31.88575510060682,0.5633333333333334,0.0216116829656279,3.2051282051282053,0.5849450162989613,49.65634235537676,-0.173586591009847,0.173586591009847,-0.17358659100984697,0.17358659100984697,17.77058725476994,17.77058725476994,0.03646714479716518,0.021868785341841796,0.7381973972900351,True,LOW_1,LOW_1_poly_rank_2
149,0.18,1.5599999999999998,0.96,0.5433333333333333,0.5433333333333333,0.9264981470545324,3.2051282051282053,1.4698314803878656,14.731251978605432,0.5433333333333333,0.9716257173246692,3.2051282051282053,1.5149590506580024,13.772200706086128,0.04512757027013681,0.04512757027013681,0.04512757027013681,0.04512757027013681,-0.9590512725193037,0.9590512725193037,0.005864192651209569,0.0038433686556353388,0.9983865171442013,True,LOW_1,LOW_1_poly_rank_2
152,1.16,1.9,0.64,0.54,0.54,8.918859589233094,2.6315789473684212,9.458859589233091,2.9158636476035604,0.54,7.637858723972733,2.6315789473684212,8.177858723972733,2.718475843905672,-1.2810008652603608,1.2810008652603608,-1.2810008652603582,1.2810008652603582,-0.19738780369788822,0.19738780369788822,0.1357404119092785,0.10362758044008419,-0.19667916154755338,True,LOW_1,LOW_1_poly_rank_2
155,0.56,1.5599999999999998,0.58,0.4766666666666666,0.4766666666666666,1.2430840918042927,3.2051282051282053,1.7197507584709593,5.0236277196711585,0.4766666666666666,0.9114882075337852,3.2051282051282053,1.388154874200452,4.602416542067511,-0.33159588427050746,0.33159588427050746,-0.33159588427050735,0.33159588427050735,-0.4212111776036478,0.4212111776036478,0.04599215823293339,0.03172549569323293,0.7605733495591614,True,LOW_1,LOW_1_poly_rank_2
158,0.17,1.6233333333333333,1.0,0.5720000000000001,0.5720000000000001,0.8749487231528226,3.080082135523614,1.4469487231528226,16.31818533574024,0.5720000000000001,0.9392748933839672,3.080082135523614,1.5112748933839673,15.31061704409128,0.06432617023114462,0.06432617023114462,0.06432617023114462,0.06432617023114462,-1.0075682916489583,1.0075682916489583,0.008813304766798247,0.0057637700524310245,0.9964446075675604,True,LOW_1,LOW_1_poly_rank_2
161,0.1,1.5666666666666669,0.85,0.5843333333333334,0.5843333333333334,0.3978559436075378,3.191489361702127,0.9821892769408712,37.33548887229885,0.5843333333333334,0.3344897928983846,3.191489361702127,0.918823126231718,38.091360060815504,-0.06336615070915319,0.06336615070915319,-0.06336615070915319,0.06336615070915319,0.7558711885166502,0.7558711885166502,0.015080703373769497,0.008889378501012507,0.9761776254833269,True,LOW_1,LOW_1_poly_rank_2
164,0.07,1.5566666666666666,0.85,0.5843333333333334,0.5843333333333334,0.3510048045966245,3.211991434689508,0.935338137929958,59.36701870371923,0.5843333333333334,0.2846549612062086,3.211991434689508,0.868988294539542,61.27727403473603,-0.06634984339041589,0.06634984339041589,-0.06634984339041605,0.06634984339041605,1.9102553310167991,1.9102553310167991,0.0166593799381059,0.009655146996323418,0.9687732661630117,True,LOW_1,LOW_1_poly_rank_2
167,0.17,1.5599999999999998,0.8,0.5579999999999999,0.5579999999999999,0.4953159279041487,3.2051282051282053,1.0533159279041486,18.51576110820791,0.5579999999999999,0.4196462230140316,3.2051282051282053,0.9776462230140316,18.488150252630795,-0.0756697048901171,0.0756697048901171,-0.07566970489011704,0.07566970489011704,-0.027610855577115956,0.027610855577115956,0.016346423443871345,0.009909469984199736,0.9732379716615043,True,LOW_1,LOW_1_poly_rank_2
170,0.19,1.5533333333333337,0.76,0.5436666666666666,0.5436666666666666,0.4848535368761771,3.218884120171673,1.0285202035428438,16.275028887164293,0.5436666666666666,0.3897795813527566,3.218884120171673,0.9334462480194232,16.377799736343828,-0.09507395552342052,0.09507395552342052,-0.09507395552342057,0.09507395552342057,0.10277084917953516,0.10277084917953516,0.019217159385241305,0.011850843816122532,0.9595395022150459,True,LOW_1,LOW_1_poly_rank_2
173,0.23,1.5666666666666669,0.81,0.5826666666666666,0.5826666666666666,0.6080845262035995,3.191489361702127,1.190751192870266,12.675105003139644,0.5826666666666666,0.5114809633944674,3.191489361702127,1.094147630061134,12.39780301275052,-0.09660356280913218,0.09660356280913218,-0.09660356280913218,0.09660356280913218,-0.2773019903891232,0.2773019903891232,0.020238843140590778,0.012376468750315964,0.9637414349503577,True,LOW_1,LOW_1_poly_rank_2
176,0.65,1.5766666666666669,0.57,0.478,0.478,1.612273609680621,3.1712473572938684,2.090273609680621,4.48569879514461,0.478,1.2148287236945972,3.1712473572938684,1.6928287236945971,4.062889154880469,-0.3974448859860238,0.3974448859860238,-0.3974448859860238,0.3974448859860238,-0.42280964026414125,0.42280964026414125,0.05374170833852348,0.03800285673859583,0.6862389475409331,True,LOW_1,LOW_1_poly_rank_2
179,0.48,1.5666666666666669,0.88,0.6386666666666666,0.6386666666666666,2.2710172374402005,3.191489361702127,2.909683904106867,5.11752583659357,0.6386666666666666,2.0008514297529976,3.191489361702127,2.639518096419664,4.470933114397576,-0.2701658076872029,0.2701658076872029,-0.2701658076872029,0.2701658076872029,-0.6465927221959937,0.6465927221959937,0.08020112984432846,0.053665579609038595,0.6800165161147169,True,LOW_1,LOW_1_poly_rank_2
182,0.22,1.49,0.66,0.4575,0.4575,0.5513217275318822,3.3557046979865772,1.0088217275318825,12.75282127395527,0.4575,0.4609225584628807,3.3557046979865772,0.9184225584628808,12.448148594637022,-0.09039916906900153,0.09039916906900153,-0.0903991690690017,0.0903991690690017,-0.30467267931824793,0.30467267931824793,0.018633199504749752,0.01144381649290645,0.9563870373799125,True,LOW_1,LOW_1_poly_rank_2
185,0.13,1.5666666666666669,1.09,0.5446666666666667,0.5446666666666667,0.9576325699215577,3.191489361702127,1.5022992365882244,21.905585532286455,0.5446666666666667,1.0370614518676793,3.191489361702127,1.581728118534346,20.89125784259994,0.07942888194612163,0.07942888194612163,0.07942888194612152,0.07942888194612152,-1.0143276896865139,1.0143276896865139,0.014389693819756013,0.008954454450899348,0.9930590979098393,True,LOW_1,LOW_1_poly_rank_2
188,1.1,2.06,0.64,0.593,0.593,1.513280437089641,2.4271844660194173,2.1062804370896413,3.268679989536249,0.593,1.6689616886447456,2.4271844660194173,2.2619616886447456,2.8493601889358353,0.15568125155510448,0.15568125155510448,0.15568125155510426,0.15568125155510426,-0.41931980060041374,0.41931980060041374,0.046571835887766894,0.032694332127918384,0.8416116128687647,True,LOW_1,LOW_1_poly_rank_2
191,0.1,1.64,1.15,0.5823333333333333,0.5823333333333333,0.8468851223123651,3.048780487804878,1.4292184556456984,32.276683117014976,0.5823333333333333,0.9445556669961708,3.048780487804878,1.526889000329504,31.06486948226757,0.09767054468380565,0.09767054468380565,0.09767054468380554,0.09767054468380554,-1.2118136347474042,1.2118136347474042,0.021838954367796502,0.013071936816569818,0.983919834537225,True,LOW_1,LOW_1_poly_rank_2
194,0.47,1.5599999999999998,0.9,0.6583333333333333,0.6583333333333333,2.1587521490528645,3.2051282051282053,2.8170854823861977,5.267358968714256,0.6583333333333333,1.918381600847624,3.2051282051282053,2.5767149341809574,4.602959730903207,-0.2403705482052405,0.2403705482052405,-0.2403705482052403,0.2403705482052403,-0.6643992378110495,0.6643992378110495,0.0764369241293069,0.050621924968625394,0.7170553202399577,True,LOW_1,LOW_1_poly_rank_2
197,0.14,2.0725,0.99,0.65575,0.65575,0.5146811885872504,2.4125452352231607,1.1704311885872505,25.510159206488257,0.65575,0.5095574786390176,2.4125452352231607,1.1653074786390176,25.031466631609177,-0.005123709948232857,0.005123709948232857,-0.005123709948232857,0.005123709948232857,-0.47869257487908,0.47869257487908,0.0023183677713774597,0.0010526934005567457,0.9996185412037257,True,LOW_1,LOW_1_poly_rank_2
200,1.09,1.85,0.51,0.452,0.452,3.5013968656521643,2.702702702702702,3.953396865652164,3.161464776235545,0.452,3.242235786539647,2.702702702702702,3.694235786539647,2.8810695766315577,-0.2591610791125172,0.2591610791125172,-0.25916107911251673,0.25916107911251673,-0.28039519960398707,0.28039519960398707,0.07236359931251714,0.054210475102063095,0.41154474378638173,True,LOW_1,LOW_1_poly_rank_2
203,8.16,15.0,0.64,0.4826666666666666,0.4826666666666666,11.163229285157737,0.3333333333333333,11.645895951824402,0.3680224492093827,0.4826666666666666,5.644783706105924,0.3333333333333333,6.127450372772591,0.3490256457174314,-5.5184455790518125,5.5184455790518125,-5.518445579051811,5.518445579051811,-0.01899680349195132,0.01899680349195132,0.16833568449299877,0.12889307304308986,-0.6630247251234433,True,LOW_1,LOW_1_poly_rank_2
204,9.63,15.0,1.15,0.9263333333333332,0.9263333333333332,31.67109901569681,0.3333333333333333,32.59743234903014,0.356302565715436,0.9263333333333332,25.944679688184788,0.3333333333333333,26.87101302151812,0.3386059962706043,-5.726419327512023,5.726419327512023,-5.726419327512023,5.726419327512023,-0.017696569444831722,0.017696569444831722,0.3369369312797218,0.25698098982291995,-0.8465583064800053,True,LOW_1,LOW_1_poly_rank_2
205,8.17,15.0,1.67,1.391,1.391,14.757831874738754,0.3333333333333333,16.148831874738754,0.3859250855203011,1.391,16.465441790387366,0.3333333333333333,17.85644179038737,0.3488176529259225,1.7076099156486126,1.7076099156486126,1.7076099156486144,1.7076099156486144,-0.0371074325943786,0.0371074325943786,0.29435035642724827,0.22120250352958415,0.08913641233245273,True,LOW_1,LOW_1_poly_rank_2
206,7.68,15.0,2.36,1.9943333333333333,1.9943333333333333,14.016889640854824,0.3333333333333333,16.011222974188158,0.404258783461519,1.9943333333333333,17.0345171340053,0.3333333333333333,19.028850467338632,0.3564970907322196,3.0176274931504743,3.0176274931504743,3.0176274931504743,3.0176274931504743,-0.04776169272929942,0.04776169272929942,0.33572835445260624,0.247518135600183,0.3695510860155087,True,LOW_1,LOW_1_poly_rank_2
207,12.65,17.5,2.87,2.478,2.478,85.54466261294648,0.2857142857142857,88.02266261294648,0.3027127732951231,2.478,70.9315974449715,0.2857142857142857,73.4095974449715,0.2894578475991369,-14.61306516797498,14.61306516797498,-14.61306516797498,14.61306516797498,-0.013254925695986186,0.013254925695986186,0.7515031785640826,0.5441175322504377,-0.6242302386442085,True,LOW_1,LOW_1_poly_rank_2
209,0.55,3.75,0.015,0.014,0.014,0.0024195869070291,1.3333333333333333,0.0164195869070291,8.395940887010124,0.014,0.0069640185108443,1.3333333333333333,0.0209640185108444,6.102566474681338,0.0045444316038152,0.0045444316038152,0.004544431603815298,0.004544431603815298,-2.2933744123287854,2.2933744123287854,0.0006562862532734946,0.0004229024003452378,0.8672924057891249,True,LOW_1,LOW_1_poly_rank_2
210,0.73,3.75,0.017,0.0155,0.0155,0.0049950016940742,1.3333333333333333,0.0204950016940742,5.436911505105911,0.0155,0.0037024673192216,1.3333333333333333,0.0192024673192217,5.539062927760439,-0.0012925343748525996,0.0012925343748525996,-0.0012925343748525012,0.0012925343748525012,0.10215142265452748,0.10215142265452748,0.0002184379938265093,0.00014025699480998524,0.9905856524632467,True,LOW_1,LOW_1_poly_rank_2
211,0.73,3.75,0.031,0.0205,0.0205,0.0421170527109933,1.3333333333333333,0.0626170527109933,3.3538139443417307,0.0205,0.0389770877595379,1.3333333333333333,0.0594770877595379,3.0423080930634874,-0.0031399649514554026,0.0031399649514554026,-0.0031399649514553957,0.0031399649514553957,-0.3115058512782434,0.3115058512782434,0.0011762568255062552,0.0006812267588461349,0.936621151307477,True,LOW_1,LOW_1_poly_rank_2
212,0.56,4.25,0.032,0.0305,0.0305,0.0032729190185453,1.1764705882352942,0.0337729190185453,9.217143579218789,0.0305,0.0227051648548499,1.1764705882352942,0.0532051648548499,5.4273570137123865,0.0194322458363046,0.0194322458363046,0.019432245836304596,0.019432245836304596,-3.789786565506402,3.789786565506402,0.0030800777972748495,0.0019493403223295469,0.3115787832086425,True,LOW_1,LOW_1_poly_rank_2
213,0.61,4.25,0.036,0.032,0.032,0.0097117896904809,1.1764705882352942,0.0417117896904809,6.613265489413038,0.032,0.0356478210400676,1.1764705882352942,0.0676478210400676,4.38262987120583,0.025936031349586698,0.025936031349586698,0.025936031349586698,0.025936031349586698,-2.2306356182072085,2.2306356182072085,0.003683899395097539,0.002399955311459956,0.26384530717985666,True,LOW_1,LOW_1_poly_rank_2
214,0.8,4.25,0.041,0.0365,0.0365,0.0146135447707714,1.1764705882352942,0.0511135447707714,4.687843076991533,0.0365,0.0293894897091729,1.1764705882352942,0.065889489709173,3.5749318440089617,0.014775944938401498,0.014775944938401498,0.014775944938401592,0.014775944938401592,-1.1129112329825714,1.1129112329825714,0.0014467621825053532,0.0009934740732557184,0.9271846272649643,True,LOW_1,LOW_1_poly_rank_2
215,0.85,4.25,0.053,0.0412499999999999,0.0412499999999999,0.0449535990108785,1.1764705882352942,0.0862035990108784,3.4008265344224067,0.0412499999999999,0.0696860052921265,1.1764705882352942,0.1109360052921264,2.7014317222754283,0.024732406281247996,0.024732406281247996,0.024732406281247996,0.024732406281247996,-0.6993948121469784,0.6993948121469784,0.0015305301463819155,0.0011269874196682592,0.955640764355045,True,LOW_1,LOW_1_poly_rank_2
216,1.18,4.75,0.072,0.06875,0.06875,0.0144953537063408,1.0526315789473684,0.0832453537063408,3.803418428356459,0.06875,0.0128211645446732,1.0526315789473684,0.0815711645446733,3.6818751545787936,-0.0016741891616676007,0.0016741891616676007,-0.0016741891616675053,0.0016741891616675053,-0.12154327377766538,0.12154327377766538,0.0005591448664507879,0.00030862448701463215,0.9971164438129467,True,LOW_1,LOW_1_poly_rank_2
217,1.07,4.75,0.082,0.07425,0.07425,0.0316745022212473,1.0526315789473684,0.1059245022212473,3.494012368300583,0.07425,0.0354656427341041,1.0526315789473684,0.1097156427341041,3.125045751079673,0.003791140512856804,0.003791140512856804,0.003791140512856797,0.003791140512856797,-0.36896661722090984,0.36896661722090984,0.0008540206868560855,0.00041368632881493337,0.9944306456532174,True,LOW_1,LOW_1_poly_rank_2
218,0.99,4.75,0.091,0.0815,0.0815,0.0350845623553453,1.0526315789473684,0.1165845623553453,3.740061038065954,0.0815,0.0370792131417521,1.0526315789473684,0.1185792131417522,3.4159525675735103,0.0019946507864068014,0.0019946507864068014,0.0019946507864068985,0.0019946507864068985,-0.3241084704924435,0.3241084704924435,0.0008704320711106842,0.00037715638306365796,0.9950253380279204,True,LOW_1,LOW_1_poly_rank_2
219,1.33,4.75,0.123,0.109,0.109,0.0845437839006371,1.0526315789473684,0.1935437839006371,2.512415047002486,0.109,0.0494078043040353,1.0526315789473684,0.1584078043040353,2.611923212692456,-0.03513597959660181,0.03513597959660181,-0.03513597959660178,0.03513597959660178,0.0995081656899699,0.0995081656899699,0.004112587856594644,0.0028210412168213485,0.9505777842272141,True,LOW_1,LOW_1_poly_rank_2
220,0.57,3.0,0.057,0.045,0.045,0.0423378142666348,1.6666666666666667,0.0873378142666348,5.252909248352316,0.045,0.0501383429272141,1.6666666666666667,0.0951383429272141,4.553846962490477,0.007800528660579301,0.007800528660579301,0.007800528660579301,0.007800528660579301,-0.6990622858618396,0.6990622858618396,0.0006991801539213854,0.00046444440487736975,0.99163529246499,True,LOW_1,LOW_1_poly_rank_2
221,0.74,3.0,0.052,0.0426666666666666,0.0426666666666666,0.0483380999196384,1.6666666666666667,0.091004766586305,3.990648101805694,0.0426666666666666,0.0567426752173328,1.6666666666666667,0.0994093418839995,3.3797814482448607,0.008404575297694394,0.008404575297694394,0.008404575297694492,0.008404575297694492,-0.6108666535608331,0.6108666535608331,0.0011733813252216602,0.0006079410771547765,0.9755619305241429,True,LOW_1,LOW_1_poly_rank_2
222,1.17,3.75,0.042,0.037,0.037,0.0379972465016185,1.3333333333333333,0.0749972465016185,2.7555455668379523,0.037,0.0320472133457172,1.3333333333333333,0.0690472133457172,2.540337871305508,-0.005950033155901299,0.005950033155901299,-0.005950033155901299,0.005950033155901299,-0.21520769553244445,0.21520769553244445,0.001486804109974244,0.0009320680105210878,0.9483583953452582,True,LOW_1,LOW_1_poly_rank_2
223,2.7,4.333333333333333,0.036,0.0356666666666666,0.0356666666666666,0.012315781767816,1.153846153846154,0.0479824484344826,2.0063850757344786,0.0356666666666666,0.0256536142502227,1.153846153846154,0.0613202809168893,1.596969528695428,0.013337832482406699,0.013337832482406699,0.013337832482406699,0.013337832482406699,-0.4094155470390506,0.4094155470390506,0.000994400974741306,0.0005691948131922907,0.9795528461798081,True,LOW_1,LOW_1_poly_rank_2
224,0.75,3.5,0.022,0.02125,0.02125,0.0026705992767688,1.4285714285714286,0.0239205992767688,6.637578410976577,0.02125,0.0092616805251997,1.4285714285714286,0.0305116805251998,4.568100103498018,0.0065910812484308995,0.0065910812484308995,0.006591081248431,0.006591081248431,-2.0694783074785583,2.0694783074785583,0.0006659467225860291,0.00046531061081220347,0.9506015156368361,True,LOW_1,LOW_1_poly_rank_2
225,1.15,3.5,0.021,0.02,0.02,0.0073958891535081,1.4285714285714286,0.0273958891535081,3.6113543932907137,0.02,0.0040886893506358,1.4285714285714286,0.0240886893506358,3.8278229161122144,-0.0033071998028722993,0.0033071998028722993,-0.0033071998028723,0.0033071998028723,0.21646852282150064,0.21646852282150064,0.00032760254854336294,0.0002302216770123317,0.9905512448519802,True,LOW_1,LOW_1_poly_rank_2
226,1.1,3.5,0.02,0.01925,0.01925,0.004956977641193,1.4285714285714286,0.024206977641193,4.054827267846036,0.01925,0.002054978123459,1.4285714285714286,0.0213049781234591,4.622064162754715,-0.0029019995177340004,0.0029019995177340004,-0.0029019995177338997,0.0029019995177338997,0.567236894908679,0.567236894908679,0.00023598123065257776,0.0001671712326178359,0.9943920927575406,True,LOW_1,LOW_1_poly_rank_2
228,0.7,3.0,0.059,0.0456666666666666,0.0456666666666666,0.0656740182268081,1.6666666666666667,0.1113406848934747,3.9285722676402535,0.0456666666666666,0.160235928492246,1.6666666666666667,0.2059025951589126,2.729696078886867,0.09456191026543789,0.09456191026543789,0.09456191026543789,0.09456191026543789,-1.1988761887533865,1.1988761887533865,0.0034691630179708027,0.002649853894691142,0.8337333427747757,True,LOW_1,LOW_1_poly_rank_2
229,0.8,3.75,0.039,0.03775,0.03775,0.0044128695173391,1.3333333333333333,0.0421628695173391,6.31959788609588,0.03775,0.022383977844693,1.3333333333333333,0.060133977844693,3.915054230395229,0.0179711083273539,0.0179711083273539,0.0179711083273539,0.0179711083273539,-2.404543655700651,2.404543655700651,0.0017394903648973482,0.0012168634545181502,0.892111656718048,True,LOW_1,LOW_1_poly_rank_2
230,1.1,3.75,0.031,0.03025,0.03025,0.004226216061608,1.3333333333333333,0.034476216061608,4.574641618565765,0.03025,0.0083975886831679,1.3333333333333333,0.038647588683168,3.632130762364887,0.0041713726215599,0.0041713726215599,0.0041713726215599975,0.0041713726215599975,-0.9425108562008777,0.9425108562008777,0.0004797163187227708,0.0002882683342447094,0.9896357200140159,True,LOW_1,LOW_1_poly_rank_2
234,0.99,3.0,0.523,0.4803333333333333,0.4803333333333333,0.3422582854093307,1.6666666666666667,0.822591618742664,3.6102895519762694,0.4803333333333333,0.1012936118411315,1.6666666666666667,0.5816269451744648,4.416490584428775,-0.24096467356819917,0.24096467356819917,-0.24096467356819917,0.24096467356819917,0.8062010324525057,0.8062010324525057,0.017591676635408327,0.012713356655469299,0.9557975808497765,True,LOW_1,LOW_1_poly_rank_2
235,1.49,3.0,0.929,0.87,0.87,1.3911680147990315,1.6666666666666667,2.261168014799032,2.4688599946843404,0.87,1.077819429968851,1.6666666666666667,1.9478194299688512,2.271674958532029,-0.31334858483018047,0.31334858483018047,-0.3133485848301807,0.3133485848301807,-0.19718503615231153,0.19718503615231153,0.0490846490235299,0.034072666951901906,0.914857813030821,True,LOW_1,LOW_1_poly_rank_2
236,2.48,3.5,1.278,1.2245,1.2245,4.974718816480315,1.4285714285714286,6.199218816480315,1.7047169871616714,1.2245,7.715447488418444,1.4285714285714286,8.939947488418444,1.510438474591115,2.740728671938129,2.740728671938129,2.740728671938129,2.740728671938129,-0.1942785125705564,0.1942785125705564,0.10418986161344378,0.0723867649525241,0.8063196815668446,True,LOW_1,LOW_1_poly_rank_2
238,1.16,3.0,0.606,0.5299999999999999,0.5299999999999999,0.9995028593983644,1.6666666666666667,1.5295028593983642,2.6762963684092975,0.5299999999999999,0.5549589262905584,1.6666666666666667,1.0849589262905583,2.6416509424486923,-0.44454393310780593,0.44454393310780593,-0.4445439331078058,0.4445439331078058,-0.03464542596060527,0.03464542596060527,0.039231715016401124,0.027821995842039367,0.8477805257407101,True,LOW_1,LOW_1_poly_rank_2
239,2.0,3.5,0.785,0.745,0.745,1.4880839300345443,1.4285714285714286,2.2330839300345446,1.9471028822830023,0.745,1.4580988117756624,1.4285714285714286,2.2030988117756625,1.7309287809646077,-0.02998511825888195,0.02998511825888195,-0.02998511825888217,0.02998511825888217,-0.21617410131839465,0.21617410131839465,0.04720003820943103,0.03312119103474732,0.8975564648987091,True,LOW_1,LOW_1_poly_rank_2
240,1.84,3.0,1.067,0.9266666666666667,0.9266666666666667,11.34965538746409,1.6666666666666667,12.276322054130755,1.8769974838423913,0.9266666666666667,7.49812968170274,1.6666666666666667,8.424796348369407,1.7594342668187204,-3.8515257057613494,3.8515257057613494,-3.8515257057613486,3.8515257057613486,-0.1175632170236709,0.1175632170236709,0.19220919560878336,0.1461379440034115,0.09479138865020809,True,LOW_1,LOW_1_poly_rank_2
241,2.5,3.5,1.53,1.435,1.435,11.191062390354295,1.4285714285714286,12.626062390354296,1.6206039521105755,1.435,12.150270753538196,1.4285714285714286,13.585270753538197,1.4900899275726178,0.959208363183901,0.959208363183901,0.959208363183901,0.959208363183901,-0.13051402453795768,0.13051402453795768,0.18173783075391567,0.1290978099013632,0.5756318307573657,True,LOW_1,LOW_1_poly_rank_2
242,1.28,13.0,0.381,0.236,0.236,0.2798827945510767,0.3846153846153846,0.5158827945510767,2.332154177278262,0.236,0.2308976476576418,0.3846153846153846,0.4668976476576418,2.3480919952791464,-0.04898514689343486,0.04898514689343486,-0.04898514689343486,0.04898514689343486,0.01593781800088445,0.01593781800088445,0.010482225633122146,0.0063703051200889585,0.9590841371316277,True,LOW_1,LOW_1_poly_rank_2
243,1.94,13.0,1.479,1.139,1.139,0.9051763320711632,0.3846153846153846,2.0441763320711632,1.6142343389282214,1.139,1.050814716272092,0.3846153846153846,2.189814716272092,1.4455814969478142,0.14563838420092878,0.14563838420092878,0.14563838420092878,0.14563838420092878,-0.1686528419804072,0.1686528419804072,0.01552338727654636,0.01075469404069777,0.9930690546329098,True,LOW_1,LOW_1_poly_rank_2
246,0.34,13.0,0.306,0.104,0.104,0.238125551076079,0.3846153846153846,0.342125551076079,11.465962069935722,0.104,0.1626182982924545,0.3846153846153846,0.2666182982924545,11.943851920152024,-0.0755072527836245,0.0755072527836245,-0.07550725278362452,0.07550725278362452,0.47788985021630204,0.47788985021630204,0.020024258403428533,0.011386726868039052,0.8600633275947824,True,LOW_1,LOW_1_poly_rank_2
247,0.55,13.0,1.422,0.768,0.768,0.854926430267495,0.3846153846153846,1.622926430267495,6.829794290098721,0.768,1.176100254558218,0.3846153846153846,1.944100254558218,6.415086482824117,0.32117382429072294,0.32117382429072294,0.32117382429072294,0.32117382429072294,-0.41470780727460355,0.41470780727460355,0.08031698329121383,0.046619800477016034,0.8292697330031991,True,LOW_1,LOW_1_poly_rank_2
248,1.07,13.0,2.417,1.547,1.547,1.4889207977309928,0.3846153846153846,3.0359207977309928,3.0462519251595546,1.547,2.0405787262483903,0.3846153846153846,3.58757872624839,2.7505590124526273,0.5516579285173975,0.5516579285173975,0.5516579285173973,0.5516579285173973,-0.2956929127069272,0.2956929127069272,0.11150546295562833,0.06841672616401268,0.8694806747276893,True,LOW_1,LOW_1_poly_rank_2
250,0.1,15.0,0.367,0.136,0.136,0.2402542971419538,0.3333333333333333,0.3762542971419538,56.09759499434641,0.136,0.1611149894534455,0.3333333333333333,0.2971149894534455,58.05303517860748,-0.0791393076885083,0.0791393076885083,-0.0791393076885083,0.0791393076885083,1.9554401842610716,1.9554401842610716,0.02157238340899392,0.012120647706149448,0.8553958820913102,True,LOW_1,LOW_1_poly_rank_2
251,0.67,15.0,1.297,0.843,0.843,0.5998183417647385,0.3333333333333333,1.4428183417647384,6.0080454699914485,0.843,0.8936787768443277,0.3333333333333333,1.7366787768443277,5.512443268694631,0.29386043507958926,0.29386043507958926,0.29386043507958926,0.29386043507958926,-0.4956022012968173,0.4956022012968173,0.07282749996782416,0.042376522746603106,0.7684062864079324,True,LOW_1,LOW_1_poly_rank_2
252,0.78,15.0,3.232,2.23,2.23,1.3862854300913423,0.3333333333333333,3.6162854300913425,5.115435733153055,2.23,0.3871780529984852,0.3333333333333333,2.617178052998485,6.613758538000721,-0.9991073770928571,0.9991073770928571,-0.9991073770928574,0.9991073770928574,1.4983228048476658,1.4983228048476658,0.2416987248061569,0.1413709185964073,0.5535284244309253,True,LOW_1,LOW_1_poly_rank_2
254,0.42,15.0,0.464,0.223,0.223,0.286841251907236,0.3333333333333333,0.509841251907236,9.785018691865965,0.223,0.2259841394167771,0.3333333333333333,0.4489841394167772,10.086509133029324,-0.06085711249045886,0.06085711249045886,-0.060857112490458776,0.060857112490458776,0.30149044116335943,0.30149044116335943,0.016069225505073323,0.009153182531217977,0.9427563528782825,True,LOW_1,LOW_1_poly_rank_2
255,1.34,15.0,1.532,0.812,0.812,1.3202731944591186,0.3333333333333333,2.1322731944591187,2.118955632610797,0.812,1.7147297293372372,0.3333333333333333,2.5267297293372373,1.935190317945372,0.3944565348781186,0.3944565348781186,0.3944565348781186,0.3944565348781186,-0.18376531466542478,0.18376531466542478,0.0745176394730488,0.046519198458673756,0.8990723950815769,True,LOW_1,LOW_1_poly_rank_2
256,1.56,15.0,2.845,1.821,1.821,2.049502462074934,0.3333333333333333,3.870502462074933,1.917214666999875,1.821,1.6866369677710666,0.3333333333333333,3.5076369677710666,1.9276364860777264,-0.36286549430386716,0.36286549430386716,-0.3628654943038665,0.3628654943038665,0.010421819077851335,0.010421819077851335,0.07671401886094684,0.04677009301469525,0.9591814843797155,True,LOW_1,LOW_1_poly_rank_2
284,0.27,1.6652089623887931,2.655,1.3036485066778338,1.3036485066778338,4.61028992899217,3.002626164602998,5.913938435670004,7.913618795998358,1.3036485066778338,6.402007587134784,3.002626164602998,7.7056560938126175,6.61377589158109,1.7917176581426135,1.7917176581426135,1.7917176581426135,1.7917176581426135,-1.2998429044172681,1.2998429044172681,0.118258183187944,0.08532037521891882,0.9403102174525702,True,LOW_1,LOW_1_poly_rank_2
285,0.5,3.083720300719987,2.417,0.6555920235894309,0.6555920235894309,7.127781251237852,1.621418128885619,7.783373274827283,3.420782268328867,0.6555920235894309,6.344748797047769,1.621418128885619,7.0003408206372,3.139790856564447,-0.7830324541900824,0.7830324541900824,-0.7830324541900824,0.7830324541900824,-0.2809914117644201,0.2809914117644201,0.17746976185137964,0.11193545066771246,0.9122011602991124,True,LOW_1,LOW_1_poly_rank_2
287,0.29,1.7885577744175924,3.214,1.959240530267265,1.959240530267265,3.9894927128527247,2.7955484980786536,5.94873324311999,8.412171305906568,1.959240530267265,4.154143612467992,2.7955484980786536,6.113384142735257,7.556995008284408,0.16465089961526758,0.16465089961526758,0.16465089961526758,0.16465089961526758,-0.85517629762216,0.85517629762216,0.05428027890192915,0.02500423584825482,0.987942342130512,True,LOW_1,LOW_1_poly_rank_2
288,0.44,2.7136738646335887,3.179,1.959240530267265,1.959240530267265,3.8637545585443656,1.8425206010063853,5.822995088811631,5.589277438658442,1.959240530267265,4.2205717118461035,1.8425206010063853,6.1798122421133685,4.959570317604562,0.3568171533017379,0.3568171533017379,0.3568171533017379,0.3568171533017379,-0.6297071210538805,0.6297071210538805,0.04248320793889093,0.02454547487422934,0.9923116254813767,True,LOW_1,LOW_1_poly_rank_2
292,0.27,1.6652089623887931,1.816,0.6555920235894309,0.6555920235894309,4.340373544875488,3.002626164602998,4.99596556846492,6.93036783035678,0.6555920235894309,5.10940790413187,3.002626164602998,5.764999927721301,6.035663784974815,0.7690343592563815,0.7690343592563815,0.7690343592563815,0.7690343592563815,-0.8947040453819648,0.8947040453819648,0.033594829324282365,0.025505579825754677,0.9929077309936989,True,LOW_1,LOW_1_poly_rank_2
295,1.2,7.400928721727968,0.0307,0.0217962758401608,0.0217962758401608,0.0268208917452208,0.6755908870356747,0.0486171675853816,2.3157906832156443,0.0217962758401608,0.0299680044337716,0.6755908870356747,0.0517642802739324,2.060213658480189,0.0031471126885508002,0.0031471126885508002,0.0031471126885508002,0.0031471126885508002,-0.2555770247354552,0.2555770247354552,0.0003224371731342828,0.00021084070467076307,0.9940451304715807,True,LOW_1,LOW_1_poly_rank_2
296,2.0,12.334881202879949,0.131,0.0508579769603752,0.0508579769603752,0.2935284290129898,0.4053545322214048,0.344386405973365,0.9614433155844516,0.0508579769603752,0.1704117825641947,0.4053545322214048,0.2212697595245699,0.9745373167527565,-0.12311664644879511,0.12311664644879511,-0.12311664644879511,0.12311664644879511,0.013094001168304836,0.013094001168304836,0.0164517581179901,0.011036047557129936,0.6472857002762139,True,LOW_1,LOW_1_poly_rank_2
297,1.8,11.101393082591954,0.046,0.0145308505601072,0.0145308505601072,0.1222071066849876,0.4503939246904497,0.1367379572450948,0.9937795159488002,0.0145308505601072,0.108136110146133,0.4503939246904497,0.1226669607062402,0.913006656306926,-0.014070996538854602,0.014070996538854602,-0.014070996538854602,0.014070996538854602,-0.0807728596418742,0.0807728596418742,0.0031787062986874744,0.001991538062429151,0.9125099627309275,True,LOW_1,LOW_1_poly_rank_2
302,0.75,4.625580451079981,0.055,0.0153092991217785,0.0153092991217785,0.1595143577214117,1.080945419257079,0.1748236568431902,2.2969478423570417,0.0153092991217785,0.1713181015312972,1.080945419257079,0.1866274006530758,2.0454323071022125,0.011803743809885497,0.011803743809885497,0.01180374380988558,0.01180374380988558,-0.2515155352548293,0.2515155352548293,0.0017010483745013222,0.0008872824420347968,0.9841317270299739,True,LOW_1,LOW_1_poly_rank_2
303,0.91,5.612370947310377,0.041,0.0153092991217785,0.0153092991217785,0.0951653865132687,0.8908890818052851,0.1104746856350472,2.0818876302589207,0.0153092991217785,0.1233206951500457,0.8908890818052851,0.1386299942718242,1.7802240067916617,0.02815530863677701,0.02815530863677701,0.02815530863677701,0.02815530863677701,-0.30166362346725895,0.30166362346725895,0.001351080437982424,0.0010103639490843263,0.9767058045232277,True,LOW_1,LOW_1_poly_rank_2
304,1.87,11.533113924692753,0.046,0.0153092991217785,0.0153092991217785,0.1174680513670647,0.4335342590603259,0.1327773504888432,0.9728764088168116,0.0153092991217785,0.1034211451022898,0.4335342590603259,0.1187304442240683,0.8949445563759862,-0.014046906264774908,0.014046906264774908,-0.014046906264774908,0.014046906264774908,-0.07793185244082534,0.07793185244082534,0.003126068883515329,0.0019570903286567467,0.9114236889664925,True,LOW_1,LOW_1_poly_rank_2
305,2.17,13.383346105124744,0.042,0.0153092991217785,0.0153092991217785,0.0995579974430193,0.373598647208668,0.1148672965647978,0.8653228395367738,0.0153092991217785,0.0964522932753793,0.373598647208668,0.1117615923971578,0.7817319519261425,-0.00310570416764,0.00310570416764,-0.00310570416764,0.00310570416764,-0.08359088761063127,0.08359088761063127,0.001919501907960336,0.0010943770403775645,0.9562912223939741,True,LOW_1,LOW_1_poly_rank_2
311,1.45,8.942788872087963,1.14,0.7935883525311068,0.7935883525311068,1.051107361858608,0.5591096996157306,1.844695714389715,1.879665749713435,0.7935883525311068,1.304739990121813,0.5591096996157306,2.09832834265292,1.62081887365879,0.2536326282632051,0.2536326282632051,0.2536326282632049,0.2536326282632049,-0.25884687605464496,0.25884687605464496,0.020677463314733174,0.014787079348872191,0.9827523385315038,True,LOW_1,LOW_1_poly_rank_2
316,1.1,6.784184661583972,1.23,0.5909609098097346,0.5909609098097346,2.195000047586552,0.7370082404025541,2.7859609573962865,1.920963652491806,0.5909609098097346,2.519411105441826,0.7370082404025541,3.1103720152515604,1.6747923995624936,0.3244110578552739,0.3244110578552739,0.3244110578552739,0.3244110578552739,-0.2461712529293123,0.2461712529293123,0.019937987292801135,0.014131514234514017,0.9923351109885931,True,LOW_1,LOW_1_poly_rank_2
317,0.75,4.625580451079981,0.94,0.7727950359050375,0.7727950359050375,0.4751593936736535,1.080945419257079,1.247954429578691,4.459377299507828,0.7727950359050375,0.3991867845957395,1.080945419257079,1.171981820500777,4.383725204911317,-0.07597260907791403,0.07597260907791403,-0.07597260907791403,0.07597260907791403,-0.0756520945965109,0.0756520945965109,0.016186543082922913,0.009854320006194064,0.9812299454467915,True,LOW_1,LOW_1_poly_rank_2
321,1.5,9.25116090215996,2.94,0.5553062574145964,0.5553062574145964,10.568278952724356,0.5404727096285398,11.123585210138952,1.04691166819964,0.5553062574145964,6.536126113911551,0.5404727096285398,7.091432371326147,1.014905787178745,-4.032152838812805,4.032152838812805,-4.032152838812805,4.032152838812805,-0.032005881020894966,0.032005881020894966,0.47633926888850747,0.3258375697381312,0.6522184367344803,True,LOW_1,LOW_1_poly_rank_2
322,1.7,10.484649022447956,1.47,1.1106125148291928,1.1106125148291928,1.0572811334663703,0.4768876849663586,2.1678936482955633,1.7502458150213789,1.1106125148291928,1.7689712993890885,0.4768876849663586,2.879583814218281,1.3948223397769903,0.7116901659227182,0.7116901659227182,0.7116901659227177,0.7116901659227177,-0.35542347524438855,0.35542347524438855,0.07372871610649051,0.05027694228084303,0.8525110048526585,True,LOW_1,LOW_1_poly_rank_2
327,0.1,0.6167440601439975,0.08,0.0796743371481683,0.0796743371481683,0.0008090983306987,8.107090644428094,0.080483435478867,77.68977402204777,0.0796743371481683,0.0364393799508858,8.107090644428094,0.1161137170990541,34.046035722120976,0.0356302816201871,0.0356302816201871,0.03563028162018711,0.03563028162018711,-43.643738299926795,43.643738299926795,0.005223005936588933,0.0034154643787038734,0.686403257017727,True,LOW_1,LOW_1_poly_rank_2
329,1.2,7.400928721727968,0.024,0.0202072594216368,0.0202072594216368,0.010665146237602,0.6755908870356747,0.0308724056592388,2.9023919692701785,0.0202072594216368,0.0059436271976257,0.6755908870356747,0.0261508866192625,3.208549186906666,-0.0047215190399763,0.0047215190399763,-0.0047215190399763005,0.0047215190399763005,0.3061572176364873,0.3061572176364873,0.0007411037468808006,0.00048020344723338825,0.9389003709920088,True,LOW_1,LOW_1_poly_rank_2
330,1.1,6.784184661583972,0.025,0.0202072594216368,0.0202072594216368,0.0137190748784508,0.7370082404025541,0.0339263343000876,2.9611290302817843,0.0202072594216368,0.0150551307788434,0.7370082404025541,0.0352623902004802,2.686572296383454,0.0013360559003926,0.0013360559003926,0.0013360559003925965,0.0013360559003925965,-0.27455673389833013,0.27455673389833013,0.000193332828730545,0.00011453049073932815,0.9962570310558584,True,LOW_1,LOW_1_poly_rank_2
331,1.25,7.709300751799968,0.047,0.0398371685740841,0.0398371685740841,0.0200809505252075,0.6485672515542477,0.0599181190992916,2.820311710406355,0.0398371685740841,0.0229264331541226,0.6485672515542477,0.0627636017282067,2.549273462061569,0.0028454826289151004,0.0028454826289151004,0.002845482628915104,0.002845482628915104,-0.27103824834478596,0.27103824834478596,0.00035485364134209296,0.00023200687281046563,0.9963378174016592,True,LOW_1,LOW_1_poly_rank_2
332,1.2,7.400928721727968,0.05,0.0398371685740841,0.0398371685740841,0.0292663957131568,0.6755908870356747,0.0691035642872409,2.6576864448773354,0.0398371685740841,0.0407888877377818,0.6755908870356747,0.0806260563118659,2.243667026294837,0.011522492024624995,0.011522492024624995,0.011522492024624992,0.011522492024624992,-0.4140194185824986,0.4140194185824986,0.0011844932186833178,0.0008078231484277159,0.96527073261231,True,LOW_1,LOW_1_poly_rank_2
333,1.6,9.86790496230396,0.093,0.0796743371481683,0.0796743371481683,0.0371742575975103,0.5066931652767559,0.1168485947456786,2.2486028629786348,0.0796743371481683,0.0203427221755792,0.5066931652767559,0.1000170593237475,2.499555821019797,-0.0168315354219311,0.0168315354219311,-0.016831535421931096,0.016831535421931096,0.25095295804116224,0.25095295804116224,0.002631471948453987,0.001701491653431041,0.9483844370102225,True,LOW_1,LOW_1_poly_rank_2
334,2.5,15.418601503599936,0.1,0.0796743371481683,0.0796743371481683,0.0585327914263222,0.3242836257771238,0.1382071285744905,1.275689493540873,0.0796743371481683,0.0087886418802795,0.3242836257771238,0.0884629790284478,1.9694997399056189,-0.0497441495460427,0.0497441495460427,-0.0497441495460427,0.0497441495460427,0.693810246364746,0.693810246364746,0.007155043903409808,0.004625631575091429,0.6831927737329933,True,LOW_1,LOW_1_poly_rank_2
335,1.8,11.101393082591954,0.233,0.1991858428704208,0.1991858428704208,0.0944249962521731,0.4503939246904497,0.2936108391225939,1.9904398436807709,0.1991858428704208,0.0093854782533172,0.4503939246904497,0.208571321123738,3.2755198748339502,-0.0850395179988559,0.0850395179988559,-0.0850395179988559,0.0850395179988559,1.2850800311531794,1.2850800311531794,0.012318386074799171,0.00796994125133652,0.8199176165732096,True,LOW_1,LOW_1_poly_rank_2
337,1.13,6.96920787962717,0.045,0.0153092991217785,0.0153092991217785,0.1129415099906837,0.7174416499493891,0.1282508091124622,1.6219045254507285,0.0153092991217785,0.1152636619500009,0.7174416499493891,0.1305729610717795,1.4512396123954825,0.0023221519593172035,0.0023221519593172035,0.002322151959317287,0.002322151959317287,-0.170664913055246,0.170664913055246,0.0016894952710161892,0.0008803796254220382,0.9724143583343537,True,LOW_1,LOW_1_poly_rank_2
338,1.74,10.731346646505555,0.033,0.0153092991217785,0.0153092991217785,0.0614267591501006,0.4659247496797756,0.0767360582718792,1.1936384711708052,0.0153092991217785,0.0522855047609191,0.4659247496797756,0.0675948038826976,1.1150077638696454,-0.009141254389181501,0.009141254389181501,-0.009141254389181591,0.009141254389181591,-0.07863070730115984,0.07863070730115984,0.0018816574432641672,0.001173444508074211,0.9096262635621608,True,LOW_1,LOW_1_poly_rank_2
339,2.13,13.136648481067144,0.035,0.0153092991217785,0.0153092991217785,0.0696089127687665,0.3806145842454505,0.084918211890545,0.9488333573269884,0.0153092991217785,0.061084308154466,0.3806145842454505,0.0763936072762446,0.8780730427237298,-0.008524604614300504,0.008524604614300504,-0.008524604614300407,0.008524604614300407,-0.0707603146032586,0.0707603146032586,0.0019415336349301042,0.001195868315119817,0.920800304420623,True,LOW_1,LOW_1_poly_rank_2
340,3.5,21.58604210503991,0.026,0.0153092991217785,0.0153092991217785,0.0343911652377439,0.2316311612693741,0.0497004643595224,0.6801344819537776,0.0153092991217785,0.0477574269018583,0.2316311612693741,0.0630667260236368,0.5667008990777215,0.0133662616641144,0.0133662616641144,0.013366261664114407,0.013366261664114407,-0.1134335828760561,0.1134335828760561,0.0010201989806065837,0.0007223094244268596,0.9385483807169795,True,LOW_1,LOW_1_poly_rank_2
341,1.13,6.96920787962717,0.055,0.0153092991217785,0.0153092991217785,0.1595143577209842,0.7174416499493891,0.1748236568427627,1.524522904222498,0.0153092991217785,0.1367981287111696,0.7174416499493891,0.1521074278329481,1.4079611402790948,-0.022716229009814626,0.022716229009814626,-0.022716229009814598,0.022716229009814598,-0.11656176394340312,0.11656176394340312,0.004427064289548062,0.002834198731025267,0.8925199173317255,True,LOW_1,LOW_1_poly_rank_2
342,1.22,7.524277533756768,0.039,0.0153092991217785,0.0153092991217785,0.0864894320112215,0.6645156265924669,0.101798731133,1.5829859963913084,0.0153092991217785,0.0923128033423143,0.6645156265924669,0.1076221024640928,1.4026094664913005,0.0058233713310928,0.0058233713310928,0.0058233713310928,0.0058233713310928,-0.18037652990000796,0.18037652990000796,0.0010119013201862223,0.0005120713718186641,0.984760052445009,True,LOW_1,LOW_1_poly_rank_2
343,1.45,8.942788872087963,0.034,0.0153092991217785,0.0153092991217785,0.0654950286258003,0.5591096996157306,0.0808043277475788,1.4123161332544465,0.0153092991217785,0.0635556776723929,0.5591096996157306,0.0788649767941714,1.2782035728014949,-0.001939350953407401,0.001939350953407401,-0.001939350953407401,0.001939350953407401,-0.1341125604529516,0.1341125604529516,0.0012738657378278417,0.00070274274932302,0.9624990442470294,True,LOW_1,LOW_1_poly_rank_2
344,2.17,13.383346105124744,0.028,0.0153092991217785,0.0153092991217785,0.0418356081902535,0.373598647208668,0.057144907312032,1.0458293131757963,0.0153092991217785,0.0264980625310529,0.373598647208668,0.0418073616528315,1.0676034203782947,-0.015337545659200598,0.015337545659200598,-0.0153375456592005,0.0153375456592005,0.021774107202498394,0.021774107202498394,0.0022908120735245846,0.0015074809030170345,0.7630521499434006,True,LOW_1,LOW_1_poly_rank_2
345,0.6,3.700464360863984,0.062,0.0153092991217785,0.0153092991217785,0.1936315334445874,1.3511817740713494,0.2089408325663659,2.78103428223211,0.0153092991217785,0.2021578431347397,1.3511817740713494,0.2174671422565182,2.4950861977950782,0.008526309690152306,0.008526309690152306,0.008526309690152306,0.008526309690152306,-0.2859480844370319,0.2859480844370319,0.0024044280587178905,0.001274230100013584,0.9769897599460066,True,LOW_1,LOW_1_poly_rank_2
346,0.7,4.317208421007981,0.05,0.0153092991217785,0.0153092991217785,0.1358772828198478,1.1581558063468709,0.1511865819416263,2.530764500816095,0.0153092991217785,0.1705417455870085,1.1581558063468709,0.185851044708787,2.1930656736179,0.0346644627671607,0.0346644627671607,0.0346644627671607,0.0346644627671607,-0.3376988271981949,0.3376988271981949,0.0013425046176160518,0.0010377534985839788,0.9871296400877386,True,LOW_1,LOW_1_poly_rank_2
347,0.9,5.550696541295977,0.034,0.0153092991217785,0.0153092991217785,0.0654950141480271,0.9007878493808994,0.0808043132698056,2.275398701589776,0.0153092991217785,0.100502743971608,0.9007878493808994,0.1158120430933866,1.8697714567321624,0.0350077298235809,0.0350077298235809,0.035007729823580996,0.035007729823580996,-0.4056272448576137,0.4056272448576137,0.0024190892521484156,0.0017640751851691213,0.8647619759250117,True,LOW_1,LOW_1_poly_rank_2
348,1.8,11.101393082591954,0.027,0.0153092991217785,0.0153092991217785,0.038082793731829,0.4503939246904497,0.0533920928536075,1.2897687725693818,0.0153092991217785,0.0248617861751644,0.4503939246904497,0.040171085296943,1.3101778977317713,-0.013221007556664596,0.013221007556664596,-0.013221007556664499,0.013221007556664499,0.020409125162389463,0.020409125162389463,0.0020191344139276926,0.0013231700383257916,0.790155710827512,True,LOW_1,LOW_1_poly_rank_2
349,1.13,6.96920787962717,0.043,0.0153092991217785,0.0153092991217785,0.1039855497101338,0.7174416499493891,0.1192948488319123,1.6477168177591195,0.0153092991217785,0.1099627152153027,0.7174416499493891,0.1252720143370813,1.463935717820041,0.005977165505168899,0.005977165505168899,0.0059771655051689965,0.0059771655051689965,-0.18378109993907854,0.18378109993907854,0.001276242649752586,0.0006437748038617449,0.9819940766870882,True,LOW_1,LOW_1_poly_rank_2
350,1.37,8.449393623972766,0.041,0.0153092991217785,0.0153092991217785,0.0951653865075495,0.591758441199131,0.110474685629328,1.3828596668882291,0.0153092991217785,0.0915702413192895,0.591758441199131,0.106879540441068,1.2510615592600949,-0.003595145188259999,0.003595145188259999,-0.003595145188259999,0.003595145188259999,-0.13179810762813426,0.13179810762813426,0.001892404972472803,0.001086416009009454,0.9543002878345329,True,LOW_1,LOW_1_poly_rank_2
351,1.67,10.299625804404757,0.032,0.0153092991217785,0.0153092991217785,0.057405854043788,0.4854545296064728,0.0727151531655665,1.2626030593869657,0.0153092991217785,0.0492291252467524,0.4854545296064728,0.064538424368531,1.1788669790741373,-0.008176728797035598,0.008176728797035598,-0.008176728797035501,0.008176728797035501,-0.08373608031282842,0.08373608031282842,0.0017296022854705459,0.0010727046886516236,0.9152858063706891,True,LOW_1,LOW_1_poly_rank_2
352,2.91,17.947252150190327,0.03,0.0153092991217785,0.0153092991217785,0.0495137718239397,0.2785941802208967,0.0648230709457182,0.7494886652754336,0.0153092991217785,0.054144607124437,0.2785941802208967,0.0694539062462155,0.6611443266995074,0.0046308353004973005,0.0046308353004973005,0.004630835300497307,0.004630835300497307,-0.08834433857592616,0.08834433857592616,0.0005171466961497373,0.0002907853915900274,0.9905405001307153,True,LOW_1,LOW_1_poly_rank_2
353,0.9,5.550696541295977,0.037,0.0153092991217785,0.0153092991217785,0.0779670989319231,0.9007878493808994,0.0932763980537016,2.192227389199339,0.0153092991217785,0.1117921473730114,0.9007878493808994,0.1271014464947899,1.8324152331970855,0.03382504844108829,0.03382504844108829,0.033825048441088315,0.033825048441088315,-0.35981215600225336,0.35981215600225336,0.0020775804659626273,0.001522760062323307,0.9241845892686339,True,LOW_1,LOW_1_poly_rank_2
354,1.05,6.475812631511974,0.032,0.0153092991217785,0.0153092991217785,0.0574058541682785,0.7721038708979138,0.0727151532900571,2.0081400996379837,0.0153092991217785,0.077862508409525,0.7721038708979138,0.0931718075313035,1.6879787443926508,0.020456654241246493,0.020456654241246493,0.020456654241246403,0.020456654241246403,-0.32016135524533285,0.32016135524533285,0.0012822825266715298,0.0009290551794822806,0.953438053362777,True,LOW_1,LOW_1_poly_rank_2
355,1.15,7.09255669165597,0.028,0.0153092991217785,0.0153092991217785,0.0418356081862674,0.7049644038633127,0.0571449073080459,1.9734344433232216,0.0153092991217785,0.0520435504041511,0.7049644038633127,0.0673528495259297,1.6889426552854558,0.010207942217883702,0.010207942217883702,0.010207942217883792,0.010207942217883792,-0.28449178803776576,0.28449178803776576,0.0006329988886053477,0.0004677136040466134,0.9819082848699545,True,LOW_1,LOW_1_poly_rank_2
356,1.4,8.634416842015963,0.024,0.0153092991217785,0.0153092991217785,0.0272042150777216,0.5790779031734354,0.0425135141995001,1.8037445140554815,0.0153092991217785,0.0210075109713387,0.5790779031734354,0.0363168100931173,1.766893535905935,-0.0061967041063829,0.0061967041063829,-0.006196704106382803,0.006196704106382803,-0.03685097814954652,0.03685097814954652,0.0011056587145057517,0.0007023086526199955,0.9032561932186227,True,LOW_1,LOW_1_poly_rank_2
357,0.75,4.625580451079981,0.028,0.0153092991217785,0.0153092991217785,0.0418356081843982,1.080945419257079,0.0571449073061767,3.0259328132395527,0.0153092991217785,0.089505456568596,1.080945419257079,0.1048147556903745,2.2957979472387975,0.0476698483841978,0.0476698483841978,0.047669848384197806,0.047669848384197806,-0.7301348660007552,0.7301348660007552,0.004129641220565598,0.0029524016936701303,0.22998623262628826,True,LOW_1,LOW_1_poly_rank_2
358,1.15,7.09255669165597,0.026,0.0153092991217785,0.0153092991217785,0.0343911653190034,0.7049644038633127,0.0497004644407819,2.0699745048837284,0.0153092991217785,0.04192975417318,0.7049644038633127,0.0572390532949585,1.7819899442577145,0.007538588854176596,0.007538588854176596,0.007538588854176603,0.007538588854176603,-0.28798456062601385,0.28798456062601385,0.0004965726191241807,0.00036702426887950896,0.9854410820470108,True,LOW_1,LOW_1_poly_rank_2
359,1.1,6.784184661583972,0.024,0.0153092991217785,0.0153092991217785,0.0272042141314279,0.7370082404025541,0.0425135132532064,2.2956749282231264,0.0153092991217785,0.0341320712585607,0.7370082404025541,0.0494413703803392,1.9656894611967768,0.0069278571271328,0.0069278571271328,0.0069278571271328,0.0069278571271328,-0.32998546702634957,0.32998546702634957,0.0005133229070380575,0.0003699511265910086,0.979147300724475,True,LOW_1,LOW_1_poly_rank_2
360,1.2,7.400928721727968,0.022,0.0153092991217785,0.0153092991217785,0.0203041095024898,0.6755908870356747,0.0356134086242683,2.2704692840433656,0.0153092991217785,0.0185809093058273,0.6755908870356747,0.0338902084276058,2.1354575276340477,-0.0017232001966625,0.0017232001966625,-0.0017232001966625,0.0017232001966625,-0.13501175640931784,0.13501175640931784,0.0005111559749263667,0.00029164579020049845,0.9717142499802993,True,LOW_1,LOW_1_poly_rank_2
