sample_id,sigma_n_MPa,delta_peak_mm,tau_peak_MPa_csds,u_r_mm,tau_r_MPa,tau_peak_estimated,u_r_estimated,tau_r_estimated,a_csds,b_csds,c_csds,d_csds,e_csds,csds_converged,csds_iterations,sigma_n_x_u_r,sigma_n_x_u_p,sigma_n_x_tau_p,sigma_n_x_tau_r,u_r_x_u_p,u_r_x_tau_p,u_r_x_tau_r,u_p_x_tau_p,u_p_x_tau_r,tau_p_x_tau_r,u_p_div_u_r,u_r_div_u_p,tau_p_div_tau_r,tau_r_div_tau_p,u_r_div_tau_p,u_r_div_tau_r,u_p_div_tau_p,u_p_div_tau_r,tau_p_div_u_r,tau_p_div_u_p,tau_r_div_u_r,tau_r_div_u_p,tau_p_div_sigma_n,tau_r_div_sigma_n,sigma_n_div_tau_p,sigma_n_div_tau_r,sigma_n_div_u_r,sigma_n_div_u_p,log_d_csds,log_d_pred,d_pred,e_pred,e_converged,e_iterations,a_from_tau_r,b_from_d_minus_a,c_from_5_over_u_r,e_p_initial,residual_eq_515,residual_eq_518,condition_c_lt_e,Dataset,Model_Label,Model_Family,Selection_Mode,Rank_in_saved_results,Model_Features,estimated_b,true_b
15,6.0,1.64,4.17,10.5,3.725,0,0,0,3.725,1.1700588885069725,0.4761904761904761,4.895058888506973,2.4309486751406535,True,4,63.0,9.84,25.02,22.35,17.22,43.785,39.1125,6.838799999999999,6.109,15.53325,0.1561904761904761,6.402439024390245,1.119463087248322,0.8932853717026379,2.5179856115107913,2.8187919463087248,0.3932853717026379,0.4402684563758389,0.3971428571428571,2.542682926829269,0.3547619047619048,2.2713414634146343,0.695,0.6208333333333333,1.4388489208633093,1.610738255033557,0.5714285714285714,3.658536585365854,1.5882263062486128,1.438888558206446,4.216007365220928,2.8859272475818303,True,4,3.725,0.4910073652209274,0.4761904761904761,1.938035483476991,7.105427357601002e-15,0.2572374722847945,True,LOW_2,LOW_2_exp_d_rank_2,exponential,d,2,tau_r_div_tau_p + tau_r_MPa + u_p_x_tau_p + u_p_div_u_r + u_r_x_tau_p + u_r_div_u_p,0.49100736522092747,1.1700588885069725
17,6.0,2.76,3.72,10.5,3.5425,0,0,0,3.5425,0.8694826394566157,0.4761904761904761,4.411982639456616,1.5814976920825412,True,6,63.0,16.56,22.32,21.255,28.979999999999997,39.06,37.19625,10.2672,9.7773,13.1781,0.2628571428571428,3.804347826086957,1.050105857445307,0.9522849462365592,2.82258064516129,2.9640084685956247,0.7419354838709676,0.7791107974594212,0.3542857142857143,1.347826086956522,0.3373809523809524,1.2835144927536233,0.62,0.5904166666666667,1.6129032258064515,1.6937191249117856,0.5714285714285714,2.173913043478261,1.4843241665368725,1.6212096895074817,5.059206685608034,1.2673162723352367,True,7,3.5425,1.516706685608034,0.4761904761904761,0.8136451951926396,-6.146194664324867e-12,-0.0768753957660672,True,LOW_2,LOW_2_exp_d_rank_2,exponential,d,2,tau_r_div_tau_p + tau_r_MPa + u_p_x_tau_p + u_p_div_u_r + u_r_x_tau_p + u_r_div_u_p,1.516706685608034,0.8694826394566157
29,5.0,0.6,4.93,2.425,4.2975,0,0,0,4.2975,3.110870023650559,2.061855670103093,7.408370023650559,5.517814597970529,True,6,12.125,3.0,24.65,21.4875,1.4549999999999998,11.955249999999998,10.4214375,2.9579999999999997,2.5785,21.186675,0.2474226804123711,4.041666666666667,1.14717859220477,0.8717038539553754,0.4918864097363083,0.5642815590459569,0.1217038539553752,0.1396160558464223,2.03298969072165,8.216666666666667,1.7721649484536086,7.1625000000000005,0.986,0.8595,1.0141987829614605,1.1634671320535197,2.061855670103093,8.333333333333334,2.0026104452933486,1.9965950676040864,7.363939646621009,4.9975567756466965,True,6,4.2975,3.066439646621009,2.061855670103093,3.1673509016939665,-8.881784197001252e-16,0.1097223682072212,True,LOW_2,LOW_2_exp_d_rank_2,exponential,d,2,tau_r_div_tau_p + tau_r_MPa + u_p_x_tau_p + u_p_div_u_r + u_r_x_tau_p + u_r_div_u_p,3.066439646621009,3.110870023650559
32,5.0,0.3,4.71,2.175,4.1925,0,0,0,4.1925,1.211168346774408,2.298850574712644,5.403668346774408,13.642584509493682,True,10,10.875,1.5,23.55,20.9625,0.6525,10.24425,9.118687499999998,1.413,1.25775,19.746675,0.1379310344827586,7.25,1.1234347048300537,0.8901273885350318,0.4617834394904458,0.518783542039356,0.0636942675159235,0.071556350626118,2.1655172413793107,15.7,1.927586206896552,13.975,0.942,0.8385,1.0615711252653928,1.1926058437686344,2.298850574712644,16.666666666666668,1.687078046411223,1.5513628914177702,4.717895782570593,16.104335988589455,True,12,4.1925,0.5253957825705928,2.298850574712644,10.853950163699864,0.0,0.2915137553877831,True,LOW_2,LOW_2_exp_d_rank_2,exponential,d,2,tau_r_div_tau_p + tau_r_MPa + u_p_x_tau_p + u_p_div_u_r + u_r_x_tau_p + u_r_div_u_p,0.5253957825705928,1.211168346774408
35,5.0,0.47,4.91,2.2,4.25,0,0,0,4.25,2.5915991927768687,2.2727272727272725,6.841599192776869,7.213346651196478,True,7,11.0,2.3499999999999996,24.55,21.25,1.034,10.802,9.35,2.3077,1.9975,20.8675,0.2136363636363636,4.680851063829788,1.1552941176470588,0.8655804480651731,0.4480651731160896,0.5176470588235295,0.0957230142566191,0.1105882352941176,2.231818181818182,10.4468085106383,1.9318181818181817,9.042553191489365,0.982,0.85,1.0183299389002036,1.1764705882352942,2.2727272727272725,10.638297872340424,1.923021504421049,1.8718151331325277,6.500084216046646,6.8894454144706865,True,7,4.25,2.2500842160466457,2.2727272727272725,4.389513486494927,-8.080114355379918e-11,0.1418656306054617,True,LOW_2,LOW_2_exp_d_rank_2,exponential,d,2,tau_r_div_tau_p + tau_r_MPa + u_p_x_tau_p + u_p_div_u_r + u_r_x_tau_p + u_r_div_u_p,2.2500842160466457,2.5915991927768687
38,5.0,0.26,5.3,2.175,4.1,0,0,0,4.1,2.5910971306331803,2.298850574712644,6.69109713063318,13.042743993933716,True,9,10.875,1.3,26.5,20.5,0.5655,11.527499999999998,8.917499999999999,1.378,1.0659999999999998,21.729999999999997,0.1195402298850574,8.365384615384615,1.2926829268292683,0.7735849056603773,0.410377358490566,0.5304878048780488,0.0490566037735849,0.0634146341463414,2.4367816091954024,20.384615384615383,1.8850574712643675,15.769230769230766,1.06,0.82,0.9433962264150944,1.2195121951219514,2.298850574712644,19.23076923076923,1.900777856304668,1.9177426724951403,6.805578697250407,12.29618332174224,True,9,4.1,2.7055786972504077,2.298850574712644,7.826124601689527,3.552713678800501e-15,-0.0100287178268305,True,LOW_2,LOW_2_exp_d_rank_2,exponential,d,2,tau_r_div_tau_p + tau_r_MPa + u_p_x_tau_p + u_p_div_u_r + u_r_x_tau_p + u_r_div_u_p,2.7055786972504077,2.5910971306331803
41,5.0,0.38,5.2,2.175,4.3975,0,0,0,4.3975,2.452688320111813,2.298850574712644,6.850188320111813,9.031706106944794,True,8,10.875,1.9,26.0,21.9875,0.8264999999999999,11.31,9.5645625,1.976,1.67105,22.867,0.1747126436781609,5.723684210526315,1.182490051165435,0.8456730769230769,0.4182692307692307,0.4945992040932347,0.073076923076923,0.0864127345082433,2.3908045977011496,13.68421052631579,2.0218390804597703,11.572368421052632,1.04,0.8795,0.9615384615384616,1.137009664582149,2.298850574712644,13.157894736842104,1.9242761438833624,1.879811407577905,6.5522690373732395,8.739969972375786,True,8,4.3975,2.1547690373732395,2.298850574712644,5.581225951994112,-1.6626700016786344e-12,0.1395688135065236,True,LOW_2,LOW_2_exp_d_rank_2,exponential,d,2,tau_r_div_tau_p + tau_r_MPa + u_p_x_tau_p + u_p_div_u_r + u_r_x_tau_p + u_r_div_u_p,2.1547690373732395,2.452688320111813
44,5.0,1.5,3.89,2.625,3.6325,0,0,0,3.6325,10.486129835864666,1.9047619047619049,14.118629835864668,2.474961892115721,True,4,13.125,7.5,19.45,18.1625,3.9375,10.21125,9.5353125,5.835,5.4487499999999995,14.130425,0.5714285714285714,1.75,1.0708878183069512,0.9338046272493572,0.6748071979434447,0.7226428079834825,0.3856041131105398,0.4129387474191328,1.481904761904762,2.5933333333333333,1.3838095238095238,2.4216666666666664,0.778,0.7264999999999999,1.2853470437017995,1.3764624913971095,1.9047619047619049,3.3333333333333335,2.647495190236624,2.8940670761974623,18.06663877934234,2.128426492181378,True,5,3.6325,14.43413877934234,1.9047619047619049,1.354527772989968,-3.166866768822274e-11,0.1703859766452599,True,LOW_2,LOW_2_exp_d_rank_2,exponential,d,2,tau_r_div_tau_p + tau_r_MPa + u_p_x_tau_p + u_p_div_u_r + u_r_x_tau_p + u_r_div_u_p,14.43413877934234,10.486129835864666
47,5.0,0.6,5.04,2.175,4.655,0,0,0,4.655,2.141531174694559,2.298850574712644,6.796531174694559,6.310564627174357,True,7,10.875,3.0,25.2,23.275,1.305,10.962,10.124625,3.024,2.793,23.4612,0.2758620689655172,3.625,1.0827067669172932,0.9236111111111112,0.431547619047619,0.4672395273899032,0.119047619047619,0.1288936627282491,2.317241379310345,8.4,2.1402298850574715,7.758333333333334,1.008,0.931,0.992063492063492,1.074113856068743,2.298850574712644,8.333333333333334,1.916412360657443,2.0532480453747475,7.793172620862144,5.163556908372075,True,7,4.655,3.138172620862144,2.298850574712644,3.2788901724034063,1.7763568394002505e-15,-0.0533097161615085,True,LOW_2,LOW_2_exp_d_rank_2,exponential,d,2,tau_r_div_tau_p + tau_r_MPa + u_p_x_tau_p + u_p_div_u_r + u_r_x_tau_p + u_r_div_u_p,3.138172620862144,2.141531174694559
49,5.0,1.46,4.68,2.566666666666667,4.1066666666666665,0,0,0,4.1066666666666665,30.593215473314466,1.948051948051948,34.69988213998113,2.300589855794831,True,4,12.833333333333334,7.3,23.4,20.53333333333333,3.7473333333333336,12.012,10.540444444444445,6.8328,5.995733333333333,19.219199999999997,0.5688311688311688,1.757990867579909,1.1396103896103895,0.8774928774928775,0.5484330484330485,0.6250000000000001,0.3119658119658119,0.3555194805194805,1.823376623376623,3.2054794520547945,1.6,2.8127853881278537,0.936,0.8213333333333332,1.0683760683760684,1.2175324675324677,1.948051948051948,3.4246575342465753,3.5467362904047146,3.3055586024176176,27.26376694207282,2.116760153136753,True,5,4.1066666666666665,23.157100275406155,1.948051948051948,1.3439360943442002,-2.489031203367631e-11,0.4659473641977851,True,LOW_2,LOW_2_exp_d_rank_2,exponential,d,2,tau_r_div_tau_p + tau_r_MPa + u_p_x_tau_p + u_p_div_u_r + u_r_x_tau_p + u_r_div_u_p,23.157100275406155,30.593215473314466
54,5.0,0.35,4.68,2.175,4.205,0,0,0,4.205,1.283914851902833,2.298850574712644,5.488914851902833,11.46515887900422,True,9,10.875,1.75,23.4,21.025,0.7612499999999999,10.178999999999998,9.145875,1.638,1.47175,19.6794,0.160919540229885,6.214285714285714,1.1129607609988108,0.8985042735042735,0.4647435897435897,0.5172413793103448,0.0747863247863247,0.0832342449464922,2.1517241379310343,13.371428571428572,1.9333333333333336,12.014285714285716,0.936,0.841,1.0683760683760684,1.1890606420927468,2.298850574712644,14.285714285714286,1.7027305769502254,1.5734205967557682,4.823117951133547,13.152214875211133,True,10,4.205,0.6181179511335468,2.298850574712644,8.790020442305183,-7.105427357601002e-15,0.246858391237057,True,LOW_2,LOW_2_exp_d_rank_2,exponential,d,2,tau_r_div_tau_p + tau_r_MPa + u_p_x_tau_p + u_p_div_u_r + u_r_x_tau_p + u_r_div_u_p,0.6181179511335468,1.283914851902833
57,5.0,0.58,5.35,2.175,4.42,0,0,0,4.42,5.5363451785319135,2.298850574712644,9.956345178531912,5.059116621676996,True,6,10.875,2.9,26.75,22.1,1.2614999999999998,11.63625,9.613499999999998,3.103,2.5635999999999997,23.647,0.2666666666666666,3.75,1.2104072398190044,0.8261682242990654,0.4065420560747663,0.4920814479638009,0.108411214953271,0.1312217194570135,2.4597701149425286,9.224137931034482,2.032183908045977,7.620689655172415,1.0699999999999998,0.884,0.9345794392523366,1.1312217194570136,2.298850574712644,8.620689655172415,2.2982100543073054,2.283461088755506,9.810576993866311,4.482678397123722,True,6,4.42,5.390576993866311,2.298850574712644,2.835275726708094,-3.6859404417555203e-14,0.2377598947126746,True,LOW_2,LOW_2_exp_d_rank_2,exponential,d,2,tau_r_div_tau_p + tau_r_MPa + u_p_x_tau_p + u_p_div_u_r + u_r_x_tau_p + u_r_div_u_p,5.390576993866311,5.5363451785319135
60,5.0,2.38,5.22,2.85,4.84,0,0,0,4.84,137.35939252357494,1.7543859649122806,142.19939252357494,1.8523237169572588,True,6,14.25,11.9,26.1,24.2,6.7829999999999995,14.877,13.794,12.4236,11.5192,25.264799999999997,0.8350877192982455,1.1974789915966388,1.078512396694215,0.9272030651340996,0.5459770114942529,0.5888429752066116,0.4559386973180077,0.4917355371900826,1.831578947368421,2.19327731092437,1.6982456140350877,2.033613445378151,1.044,0.968,0.9578544061302684,1.0330578512396695,1.7543859649122806,2.100840336134454,4.957230245373904,4.735968839012926,113.97382753533785,1.7783096081719525,True,6,4.84,109.13382753533784,1.7543859649122806,1.1721063550355342,-1.9924284444527984e-11,0.3574363482364865,True,LOW_2,LOW_2_exp_d_rank_2,exponential,d,2,tau_r_div_tau_p + tau_r_MPa + u_p_x_tau_p + u_p_div_u_r + u_r_x_tau_p + u_r_div_u_p,109.13382753533784,137.35939252357494
63,5.0,0.76,5.03,2.2,4.68,0,0,0,4.68,3.0326428857358856,2.2727272727272725,7.712642885735885,4.87933520201715,True,6,11.0,3.8,25.15,23.4,1.6720000000000002,11.066,10.296,3.8228,3.5568,23.5404,0.3454545454545454,2.8947368421052633,1.074786324786325,0.930417495029821,0.437375745526839,0.4700854700854701,0.151093439363817,0.1623931623931624,2.286363636363636,6.618421052631579,2.127272727272727,6.157894736842104,1.006,0.936,0.9940357852882704,1.0683760683760684,2.2727272727272725,6.578947368421052,2.0428609155734594,2.326566139811053,10.242709045127622,3.726708564026199,True,6,4.68,5.562709045127622,2.2727272727272725,2.3568551747144295,-8.881784197001252e-16,-0.0358110994571572,True,LOW_2,LOW_2_exp_d_rank_2,exponential,d,2,tau_r_div_tau_p + tau_r_MPa + u_p_x_tau_p + u_p_div_u_r + u_r_x_tau_p + u_r_div_u_p,5.562709045127622,3.0326428857358856
66,5.0,0.34,5.0,2.175,4.24,0,0,0,4.24,2.0482757543105174,2.298850574712644,6.288275754310518,10.49368724913285,True,8,10.875,1.7000000000000002,25.0,21.200000000000003,0.7395,10.875,9.222,1.7000000000000002,1.4416000000000002,21.200000000000003,0.1563218390804598,6.39705882352941,1.1792452830188678,0.8480000000000001,0.4349999999999999,0.5129716981132075,0.068,0.080188679245283,2.298850574712644,14.705882352941176,1.949425287356322,12.470588235294118,1.0,0.8480000000000001,1.0,1.1792452830188678,2.298850574712644,14.705882352941176,1.8386869082223605,1.760949577785598,5.817959377193659,10.644217026033376,True,9,4.24,1.5779593771936584,2.298850574712644,6.861255022933346,-1.0302869668521453e-13,0.1937881571375546,True,LOW_2,LOW_2_exp_d_rank_2,exponential,d,2,tau_r_div_tau_p + tau_r_MPa + u_p_x_tau_p + u_p_div_u_r + u_r_x_tau_p + u_r_div_u_p,1.5779593771936584,2.0482757543105174
69,5.0,1.69,5.04,2.566666666666667,4.426666666666667,0,0,0,4.426666666666667,69.19774278410341,1.948051948051948,73.62440945077007,2.1459242646578933,True,5,12.833333333333334,8.45,25.2,22.133333333333333,4.337666666666667,12.936000000000002,11.361777777777778,8.5176,7.481066666666667,22.3104,0.6584415584415584,1.5187376725838266,1.1385542168674698,0.8783068783068784,0.5092592592592593,0.5798192771084337,0.3353174603174603,0.3817771084337349,1.9636363636363632,2.9822485207100593,1.7246753246753246,2.619329388560158,1.008,0.8853333333333333,0.992063492063492,1.129518072289157,1.948051948051948,2.9585798816568047,4.29897662089741,3.8628671968613335,47.60163916392311,2.0302671764565505,True,6,4.426666666666667,43.17497249725644,1.948051948051948,1.300742959091865,2.220446049250313e-16,0.5483437928239351,True,LOW_2,LOW_2_exp_d_rank_2,exponential,d,2,tau_r_div_tau_p + tau_r_MPa + u_p_x_tau_p + u_p_div_u_r + u_r_x_tau_p + u_r_div_u_p,43.17497249725644,69.19774278410341
72,5.0,0.42,5.1,2.175,3.8825,0,0,0,3.8825,4.482035276937978,2.298850574712644,8.364535276937978,6.759501195047857,True,7,10.875,2.1,25.5,19.4125,0.9135,11.092499999999998,8.4444375,2.142,1.63065,19.800749999999997,0.193103448275862,5.178571428571428,1.313586606567933,0.7612745098039216,0.4264705882352941,0.5602060528010302,0.0823529411764705,0.1081777205408886,2.344827586206897,12.142857142857142,1.785057471264368,9.24404761904762,1.02,0.7765,0.9803921568627452,1.28783000643915,2.298850574712644,11.904761904761903,2.124000777239565,2.040156615928698,7.6918137651056,6.415585140352764,True,7,3.8825,3.8093137651056,2.298850574712644,4.05551456749686,-3.1974423109204515e-14,0.2867253876065967,True,LOW_2,LOW_2_exp_d_rank_2,exponential,d,2,tau_r_div_tau_p + tau_r_MPa + u_p_x_tau_p + u_p_div_u_r + u_r_x_tau_p + u_r_div_u_p,3.8093137651056,4.482035276937978
75,5.0,0.57,4.24,2.175,4.0125,0,0,0,4.0125,1.1193350008113887,2.298850574712644,5.131835000811389,7.4273022742503985,True,7,10.875,2.8499999999999996,21.200000000000003,20.0625,1.2397499999999997,9.222,8.7271875,2.4168,2.287125,17.013,0.2620689655172414,3.8157894736842106,1.0566978193146417,0.9463443396226416,0.5129716981132075,0.5420560747663551,0.1344339622641509,0.1420560747663551,1.949425287356322,7.438596491228071,1.8448275862068968,7.039473684210527,0.8480000000000001,0.8025,1.1792452830188678,1.2461059190031152,2.298850574712644,8.771929824561404,1.6354632951865318,1.654650343188338,5.231250459997902,6.74241837092536,True,7,4.0125,1.218750459997902,2.298850574712644,4.380488982930892,-3.552713678800501e-15,0.0108516538708201,True,LOW_2,LOW_2_exp_d_rank_2,exponential,d,2,tau_r_div_tau_p + tau_r_MPa + u_p_x_tau_p + u_p_div_u_r + u_r_x_tau_p + u_r_div_u_p,1.218750459997902,1.1193350008113887
78,5.0,1.25,4.37,2.566666666666667,3.77,0,0,0,3.77,17.6011784506471,1.948051948051948,21.3711784506471,2.4976694597033373,True,4,12.833333333333334,6.25,21.85,18.85,3.2083333333333335,11.216333333333337,9.676333333333334,5.4625,4.7125,16.4749,0.4870129870129869,2.0533333333333337,1.1591511936339522,0.8627002288329519,0.5873379099923722,0.6808134394341291,0.2860411899313501,0.3315649867374005,1.7025974025974024,3.496,1.4688311688311688,3.016,0.874,0.754,1.1441647597254003,1.326259946949602,1.948051948051948,4.0,3.062043212904075,2.841467355625786,17.140898887268172,2.268642880525913,True,5,3.77,13.370898887268172,1.948051948051948,1.4347825972975847,-5.839773109528323e-14,0.4344952592348792,True,LOW_2,LOW_2_exp_d_rank_2,exponential,d,2,tau_r_div_tau_p + tau_r_MPa + u_p_x_tau_p + u_p_div_u_r + u_r_x_tau_p + u_r_div_u_p,13.370898887268172,17.6011784506471
81,5.0,0.23,4.79,2.1775,3.54875,0,0,0,3.54875,2.4552355004571034,2.296211251435132,6.003985500457103,14.649101403235154,True,10,10.8875,1.15,23.95,17.74375,0.5008250000000001,10.430225000000002,7.727403125000001,1.1017,0.8162125,16.9985125,0.105625717566016,9.467391304347826,1.349771046143008,0.740866388308977,0.4545929018789144,0.6135963367382882,0.0480167014613778,0.0648115533638605,2.1997703788748564,20.82608695652174,1.6297359357060848,15.429347826086955,0.958,0.70975,1.0438413361169103,1.4089468122578372,2.296211251435132,21.73913043478261,1.7924234987878036,1.8197458320969595,6.170289960901705,13.822339648790969,True,10,3.54875,2.621539960901705,2.296211251435132,8.793599960246883,-1.0658141036401504e-14,-0.0478750377528176,True,LOW_2,LOW_2_exp_d_rank_2,exponential,d,2,tau_r_div_tau_p + tau_r_MPa + u_p_x_tau_p + u_p_div_u_r + u_r_x_tau_p + u_r_div_u_p,2.621539960901705,2.4552355004571034
84,5.0,1.52,4.53,2.19,3.98,0,0,0,3.98,84.48453784563569,2.2831050228310503,88.46453784563569,2.4678705594788535,True,4,10.95,7.6,22.65,19.9,3.3288,9.9207,8.7162,6.8856,6.0496,18.029400000000003,0.6940639269406393,1.4407894736842104,1.1381909547738691,0.8785871964679911,0.4834437086092715,0.550251256281407,0.3355408388520971,0.3819095477386934,2.068493150684932,2.980263157894737,1.817351598173516,2.6184210526315788,0.906,0.796,1.1037527593818983,1.256281407035176,2.2831050228310503,3.289473684210526,4.48260176940206,3.784393072418987,44.0089522046126,2.370057643491872,True,5,3.98,40.0289522046126,2.2831050228310503,1.5268835567431895,-9.325873406851316e-14,0.5043167154640593,True,LOW_2,LOW_2_exp_d_rank_2,exponential,d,2,tau_r_div_tau_p + tau_r_MPa + u_p_x_tau_p + u_p_div_u_r + u_r_x_tau_p + u_r_div_u_p,40.0289522046126,84.48453784563569
87,5.0,1.53,3.84,2.29,3.5879999999999996,0,0,0,3.5879999999999996,21.229112109709114,2.1834061135371177,24.817112109709115,2.5522940611621228,True,4,11.45,7.65,19.2,17.939999999999998,3.5037000000000003,8.7936,8.21652,5.8751999999999995,5.48964,13.777919999999998,0.6681222707423581,1.4967320261437909,1.0702341137123748,0.934375,0.5963541666666667,0.6382385730211818,0.3984375,0.4264214046822743,1.6768558951965065,2.5098039215686274,1.5668122270742355,2.345098039215686,0.768,0.7175999999999999,1.3020833333333337,1.3935340022296543,2.1834061135371177,3.2679738562091503,3.211533419651087,3.2841798716442083,26.687088499412596,2.3164311654869003,True,5,3.5879999999999996,23.099088499412595,2.1834061135371177,1.4894406779309577,-4.984901380566953e-13,0.2050214288577565,True,LOW_2,LOW_2_exp_d_rank_2,exponential,d,2,tau_r_div_tau_p + tau_r_MPa + u_p_x_tau_p + u_p_div_u_r + u_r_x_tau_p + u_r_div_u_p,23.099088499412595,21.229112109709114
90,5.0,0.44,4.09,2.0033333333333334,3.8813333333333335,0,0,0,3.8813333333333335,0.7845727106922662,2.4958402662229617,4.6659060440256,10.177837650659969,True,8,10.016666666666667,2.2,20.45,19.406666666666663,0.8814666666666667,8.193633333333333,7.775604444444445,1.7996,1.7077866666666668,15.874653333333333,0.2196339434276206,4.553030303030303,1.0537615939539675,0.9489812550937248,0.4898125509372453,0.5161456544142906,0.1075794621026895,0.1133631054620405,2.0415973377703827,9.295454545454543,1.9374376039933443,8.821212121212122,0.818,0.7762666666666667,1.2224938875305624,1.288217107523188,2.4958402662229617,11.363636363636363,1.5402820370968002,1.4344659832901794,4.197402926885799,11.92904356071203,True,10,3.8813333333333335,0.3160695935524651,2.4958402662229617,8.160871947329438,-5.258016244624741e-13,0.1253163528819387,True,LOW_2,LOW_2_exp_d_rank_2,exponential,d,2,tau_r_div_tau_p + tau_r_MPa + u_p_x_tau_p + u_p_div_u_r + u_r_x_tau_p + u_r_div_u_p,0.3160695935524651,0.7845727106922662
93,5.0,0.29,4.72,2.175,4.314,0,0,0,4.314,0.9127902034753363,2.298850574712644,5.226790203475336,15.255568277966066,True,11,10.875,1.45,23.6,21.57,0.6307499999999999,10.265999999999998,9.38295,1.3687999999999998,1.2510599999999998,20.36208,0.1333333333333333,7.5,1.0941121928604542,0.9139830508474576,0.4608050847457627,0.5041724617524339,0.0614406779661016,0.0672229949003245,2.170114942528736,16.275862068965516,1.983448275862069,14.87586206896552,0.944,0.8628,1.0593220338983051,1.1590171534538711,2.298850574712644,17.24137931034483,1.653797361843835,1.505113218192092,4.5046636112884295,20.7982152223565,True,15,4.314,0.1906636112884294,2.298850574712644,14.601688255437256,-1.4210854715202006e-13,0.3189299277248345,True,LOW_2,LOW_2_exp_d_rank_2,exponential,d,2,tau_r_div_tau_p + tau_r_MPa + u_p_x_tau_p + u_p_div_u_r + u_r_x_tau_p + u_r_div_u_p,0.19066361128842946,0.9127902034753363
96,5.0,0.32,5.75,2.225,4.01075,0,0,0,4.01075,4.5926707536336835,2.2471910112359548,8.603420753633683,8.90252129065327,True,7,11.125,1.6,28.75,20.05375,0.7120000000000001,12.79375,8.92391875,1.84,1.28344,23.0618125,0.1438202247191011,6.953125,1.4336470734899958,0.6975217391304348,0.3869565217391305,0.5547590849591723,0.0556521739130434,0.079785576263791,2.5842696629213484,17.96875,1.8025842696629213,12.53359375,1.15,0.8021499999999999,0.8695652173913043,1.2466496291217355,2.2471910112359548,15.625,2.152159886223537,2.193774529956137,8.969003074755538,8.110198522829322,True,8,4.01075,4.958253074755538,2.2471910112359548,5.129923324673301,8.881784197001252e-16,-0.0070385461229665,True,LOW_2,LOW_2_exp_d_rank_2,exponential,d,2,tau_r_div_tau_p + tau_r_MPa + u_p_x_tau_p + u_p_div_u_r + u_r_x_tau_p + u_r_div_u_p,4.958253074755538,4.5926707536336835
99,5.0,0.38,5.29,2.1775,3.8055,0,0,0,3.8055,4.8847712477868654,2.296211251435132,8.690271247786866,7.231167894086396,True,7,10.8875,1.9,26.45,19.0275,0.8274500000000001,11.518975,8.28647625,2.0102,1.44609,20.131095,0.17451205510907,5.730263157894737,1.3900932860333728,0.7193761814744801,0.4116257088846881,0.5721981342793326,0.0718336483931947,0.0998554723426619,2.4293915040183696,13.921052631578949,1.7476463834672789,10.014473684210524,1.058,0.7611,0.945179584120983,1.313887793982394,2.296211251435132,13.157894736842104,2.1622041525746103,2.1073906024705256,8.226746400740975,6.779336988950409,True,7,3.8055,4.421246400740975,2.296211251435132,4.289086247717236,-2.1582735598713046e-13,0.2627276182886127,True,LOW_2,LOW_2_exp_d_rank_2,exponential,d,2,tau_r_div_tau_p + tau_r_MPa + u_p_x_tau_p + u_p_div_u_r + u_r_x_tau_p + u_r_div_u_p,4.421246400740975,4.8847712477868654
102,5.0,0.33,5.38,2.175,4.15275,0,0,0,4.15275,3.3230952595070686,2.298850574712644,7.475845259507069,9.464816530487427,True,8,10.875,1.65,26.9,20.76375,0.71775,11.7015,9.03223125,1.7754,1.3704075000000002,22.341795,0.1517241379310345,6.59090909090909,1.2955270603816746,0.7718866171003718,0.4042750929368029,0.5237493227379447,0.0613382899628252,0.0794654144843778,2.473563218390805,16.3030303030303,1.9093103448275863,12.584090909090907,1.076,0.83055,0.929368029739777,1.204021431581482,2.298850574712644,15.15151515151515,2.0116771910788187,1.994328673697667,7.347268956989175,8.937428972907187,True,8,4.15275,3.1945189569891745,2.298850574712644,5.6598976505446075,-2.0250467969162858e-13,0.1160220016344921,True,LOW_2,LOW_2_exp_d_rank_2,exponential,d,2,tau_r_div_tau_p + tau_r_MPa + u_p_x_tau_p + u_p_div_u_r + u_r_x_tau_p + u_r_div_u_p,3.1945189569891745,3.3230952595070686
108,5.0,0.24,5.1,2.175,3.69825,0,0,0,3.69825,2.8769666070220197,2.298850574712644,6.5752166070220195,13.53664985652516,True,9,10.875,1.2,25.5,18.49125,0.5219999999999999,11.092499999999998,8.04369375,1.224,0.8875799999999999,18.861074999999996,0.1103448275862069,9.0625,1.3790306225917663,0.7251470588235295,0.4264705882352941,0.5881160008111944,0.0470588235294117,0.0648955587102007,2.344827586206897,21.25,1.700344827586207,15.409375,1.02,0.7396499999999999,0.9803921568627452,1.351990806462516,2.298850574712644,20.833333333333336,1.8833075215549528,1.9338041606200032,6.915768959656828,12.563900747593852,True,9,3.69825,3.217518959656828,2.298850574712644,7.965103554832137,-4.175326751010289e-11,-0.1123234557848285,True,LOW_2,LOW_2_exp_d_rank_2,exponential,d,2,tau_r_div_tau_p + tau_r_MPa + u_p_x_tau_p + u_p_div_u_r + u_r_x_tau_p + u_r_div_u_p,3.217518959656828,2.8769666070220197
111,5.0,0.25,6.22,2.165,4.547499999999999,0,0,0,4.547499999999999,3.553532108811563,2.3094688221709005,8.101032108811562,12.896286747191096,True,9,10.825,1.25,31.1,22.737499999999997,0.54125,13.4663,9.8453375,1.555,1.136875,28.285449999999994,0.115473441108545,8.66,1.3677844969763608,0.7311093247588424,0.3480707395498392,0.4760857614073667,0.040192926045016,0.0549752611324903,2.8729792147806004,24.88,2.1004618937644337,18.19,1.244,0.9095,0.8038585209003216,1.0995052226498077,2.3094688221709005,20.0,2.091991474401981,2.2450215644024403,9.44061913557564,11.283547965354373,True,9,4.547499999999999,4.89311913557564,2.3094688221709005,7.135342479635826,-1.7763568394002505e-15,-0.5121537491099808,True,LOW_2,LOW_2_exp_d_rank_2,exponential,d,2,tau_r_div_tau_p + tau_r_MPa + u_p_x_tau_p + u_p_div_u_r + u_r_x_tau_p + u_r_div_u_p,4.89311913557564,3.553532108811563
114,5.0,0.46,4.54,2.215,3.755,0,0,0,3.755,3.0550946555112306,2.2573363431151243,6.8100946555112305,6.812602552841997,True,7,11.075,2.3000000000000003,22.7,18.775,1.0189,10.0561,8.317324999999999,2.0884,1.7273,17.0477,0.2076749435665914,4.815217391304348,1.2090545938748336,0.8270925110132158,0.487885462555066,0.5898801597869507,0.1013215859030837,0.1225033288948069,2.049661399548533,9.869565217391305,1.6952595936794583,8.16304347826087,0.908,0.751,1.1013215859030836,1.3315579227696406,2.2573363431151243,10.869565217391305,1.918406019552523,1.7949852253218928,6.019385786662856,6.77055067985074,True,7,3.755,2.2643857866628565,2.2573363431151243,4.300868863962956,-1.6184387163775682e-11,0.2506178094828637,True,LOW_2,LOW_2_exp_d_rank_2,exponential,d,2,tau_r_div_tau_p + tau_r_MPa + u_p_x_tau_p + u_p_div_u_r + u_r_x_tau_p + u_r_div_u_p,2.2643857866628565,3.0550946555112306
117,5.0,0.28,4.98,2.16,3.80875,0,0,0,3.80875,2.7207253448886286,2.314814814814815,6.5294753448886285,11.627647012732409,True,9,10.8,1.4,24.9,19.04375,0.6048000000000001,10.756800000000002,8.2269,1.3944000000000003,1.06645,18.967575,0.1296296296296296,7.714285714285714,1.3075155891040369,0.764809236947791,0.4337349397590361,0.5671151952740401,0.0562248995983935,0.0735149327207089,2.305555555555556,17.785714285714285,1.763310185185185,13.60267857142857,0.996,0.7617499999999999,1.004016064257028,1.3127666557269446,2.314814814814815,17.857142857142854,1.8763265947141743,1.8453054311963344,6.3300328846901985,11.24855662925968,True,9,3.80875,2.5212828846901987,2.314814814814815,7.15114896859867,-3.907985046680551e-14,0.1239502264581573,True,LOW_2,LOW_2_exp_d_rank_2,exponential,d,2,tau_r_div_tau_p + tau_r_MPa + u_p_x_tau_p + u_p_div_u_r + u_r_x_tau_p + u_r_div_u_p,2.5212828846901987,2.7207253448886286
120,5.0,0.24,5.34,2.1675,3.634,0,0,0,3.634,3.551284821064535,2.306805074971165,7.185284821064535,12.76758648025316,True,9,10.8375,1.2,26.7,18.17,0.5202,11.57445,7.876695,1.2816,0.8721599999999999,19.40556,0.1107266435986159,9.03125,1.469455145844799,0.6805243445692883,0.4058988764044944,0.5964501926252064,0.0449438202247191,0.066042927903137,2.463667820069204,22.25,1.6765859284890423,15.141666666666667,1.068,0.7268,0.9363295880149812,1.375894331315355,2.306805074971165,20.833333333333336,1.9720351598120431,2.070799672986262,7.931162919363894,11.584515533554312,True,9,3.634,4.297162919363894,2.306805074971165,7.323878104614878,1.7763568394002505e-15,-0.2723581048160053,True,LOW_2,LOW_2_exp_d_rank_2,exponential,d,2,tau_r_div_tau_p + tau_r_MPa + u_p_x_tau_p + u_p_div_u_r + u_r_x_tau_p + u_r_div_u_p,4.297162919363894,3.551284821064535
123,5.0,0.34,5.86,2.19,3.70375,0,0,0,3.70375,6.4076526447249105,2.2831050228310503,10.11140264472491,7.4904783908875965,True,7,10.95,1.7000000000000002,29.3,18.51875,0.7446,12.8334,8.111212499999999,1.9924,1.259275,21.703975,0.1552511415525114,6.441176470588235,1.5821802227472157,0.6320392491467576,0.3737201365187713,0.5912926088423894,0.0580204778156996,0.0917988525143435,2.675799086757991,17.235294117647058,1.6912100456621004,10.893382352941176,1.1720000000000002,0.74075,0.8532423208191126,1.3499831252109349,2.2831050228310503,14.705882352941176,2.3136637617597393,2.3369670197510226,10.349798177378094,6.792671190627063,True,7,3.70375,6.646048177378095,2.2831050228310503,4.330804709690682,-7.993605777301127e-15,0.1260721464005683,True,LOW_2,LOW_2_exp_d_rank_2,exponential,d,2,tau_r_div_tau_p + tau_r_MPa + u_p_x_tau_p + u_p_div_u_r + u_r_x_tau_p + u_r_div_u_p,6.646048177378095,6.4076526447249105
126,5.0,0.33,4.91,2.195,4.2615,0,0,0,4.2615,1.6629195649406574,2.277904328018223,5.924419564940657,11.444353107108954,True,9,10.975,1.65,24.55,21.307499999999997,0.7243499999999999,10.77745,9.3539925,1.6203,1.406295,20.923965,0.1503416856492027,6.6515151515151505,1.1521764636864955,0.8679226069246435,0.4470468431771893,0.5150768508741054,0.0672097759674134,0.077437521999296,2.236902050113895,14.87878787878788,1.941457858769932,12.913636363636362,0.982,0.8523,1.0183299389002036,1.1732957878681216,2.277904328018223,15.15151515151515,1.77908271849934,1.683300018797358,5.383291654634127,12.087994772205668,True,10,4.2615,1.1217916546341271,2.277904328018223,7.895418505627754,0.0,0.2191928413886219,True,LOW_2,LOW_2_exp_d_rank_2,exponential,d,2,tau_r_div_tau_p + tau_r_MPa + u_p_x_tau_p + u_p_div_u_r + u_r_x_tau_p + u_r_div_u_p,1.1217916546341273,1.6629195649406574
129,5.0,0.39,6.11,2.18,4.593,0,0,0,4.593,5.057943521426855,2.293577981651376,9.650943521426855,7.34235077378404,True,7,10.9,1.95,30.55,22.965,0.8502000000000001,13.319800000000004,10.01274,2.3829,1.79127,28.06323,0.1788990825688073,5.58974358974359,1.3302852166340084,0.7517184942716857,0.3567921440261866,0.4746353146091879,0.0638297872340425,0.0849118223383409,2.8027522935779814,15.666666666666666,2.106880733944954,11.776923076923076,1.222,0.9186,0.8183306055646481,1.088613106901807,2.293577981651376,12.82051282051282,2.26705568481243,2.31505958934444,10.125526274239142,6.5236836265323035,True,7,4.593,5.532526274239142,2.293577981651376,4.129246062590603,-1.6875389974302383e-14,0.0504145037492351,True,LOW_2,LOW_2_exp_d_rank_2,exponential,d,2,tau_r_div_tau_p + tau_r_MPa + u_p_x_tau_p + u_p_div_u_r + u_r_x_tau_p + u_r_div_u_p,5.532526274239142,5.057943521426855
132,5.0,0.38,4.61,2.2025,3.49275,0,0,0,3.49275,3.5417527605950667,2.270147559591374,7.034502760595067,7.697329513236288,True,7,11.0125,1.9,23.05,17.46375,0.8369500000000001,10.153525000000002,7.692781875,1.7518000000000002,1.327245,16.1015775,0.1725312145289443,5.796052631578948,1.3198768878390954,0.757646420824295,0.477765726681128,0.630591940448071,0.0824295010845986,0.1087967933576694,2.0930760499432464,12.13157894736842,1.585811577752554,9.191447368421052,0.922,0.69855,1.0845986984815617,1.431536754706177,2.270147559591374,13.157894736842104,1.950827007271626,1.8371842226409816,6.278833549112341,7.581901715927705,True,8,3.49275,2.786083549112341,2.270147559591374,4.797217431895502,1.7763568394002505e-15,0.2934777086601747,True,LOW_2,LOW_2_exp_d_rank_2,exponential,d,2,tau_r_div_tau_p + tau_r_MPa + u_p_x_tau_p + u_p_div_u_r + u_r_x_tau_p + u_r_div_u_p,2.786083549112341,3.5417527605950667
135,5.0,0.42,4.74,2.1925,4.255,0,0,0,4.255,1.6007301765706998,2.280501710376283,5.8557301765707,9.079561652406012,True,8,10.9625,2.1,23.700000000000003,21.275,0.92085,10.39245,9.3290875,1.9908,1.7871,20.1687,0.1915621436716077,5.220238095238095,1.1139835487661576,0.8976793248945147,0.4625527426160337,0.5152761457109283,0.0886075949367088,0.0987074030552291,2.1619156214367163,11.285714285714286,1.9407069555302168,10.13095238095238,0.948,0.851,1.0548523206751057,1.1750881316098707,2.280501710376283,11.904761904761903,1.7674206991921837,1.6828062864602642,5.38063440550312,9.369961188178952,True,9,4.255,1.1256344055031198,2.280501710376283,6.108036458654404,7.105427357601002e-15,0.1581859026465866,True,LOW_2,LOW_2_exp_d_rank_2,exponential,d,2,tau_r_div_tau_p + tau_r_MPa + u_p_x_tau_p + u_p_div_u_r + u_r_x_tau_p + u_r_div_u_p,1.1256344055031198,1.6007301765706998
138,5.0,0.99,4.93,2.6033333333333335,4.496666666666667,0,0,0,4.496666666666667,4.9592094785200045,1.9206145966709345,9.455876145186672,3.460965956174455,True,5,13.016666666666667,4.95,24.65,22.483333333333334,2.5773,12.834433333333331,11.706322222222225,4.8807,4.451700000000001,22.168566666666667,0.380281690140845,2.6296296296296298,1.096367679762787,0.9121027721433402,0.5280594996619338,0.5789473684210527,0.2008113590263691,0.2201630837657524,1.8937259923175416,4.979797979797979,1.7272727272727273,4.542087542087542,0.986,0.8993333333333334,1.0141987829614605,1.111934766493699,1.9206145966709345,5.05050505050505,2.246636362564709,2.4896427205346012,12.056967643871312,2.757331678524403,True,4,4.496666666666667,7.560300977204645,1.9206145966709345,1.7429750188314983,-4.440892098500626e-16,0.090677987146158,True,LOW_2,LOW_2_exp_d_rank_2,exponential,d,2,tau_r_div_tau_p + tau_r_MPa + u_p_x_tau_p + u_p_div_u_r + u_r_x_tau_p + u_r_div_u_p,7.560300977204645,4.9592094785200045
141,5.0,1.23,4.22,2.5733333333333337,4.026666666666666,0,0,0,4.026666666666666,3.714553371745124,1.94300518134715,7.74122003841179,3.22230726876678,True,4,12.866666666666667,6.15,21.1,20.133333333333333,3.1652000000000005,10.859466666666668,10.361955555555555,5.1906,4.9528,16.99253333333333,0.4779792746113989,2.0921409214092144,1.0480132450331126,0.9541864139020536,0.6097946287519749,0.6390728476821194,0.2914691943127962,0.3054635761589404,1.6398963730569944,3.430894308943089,1.564766839378238,3.2737127371273713,0.844,0.8053333333333332,1.1848341232227488,1.2417218543046358,1.94300518134715,4.065040650406504,2.0465593028814766,2.563255947443203,12.978004298888278,2.425238526012994,True,5,4.026666666666666,8.951337632221612,1.94300518134715,1.5366661274934046,-2.220446049250313e-16,0.0302265925609985,True,LOW_2,LOW_2_exp_d_rank_2,exponential,d,2,tau_r_div_tau_p + tau_r_MPa + u_p_x_tau_p + u_p_div_u_r + u_r_x_tau_p + u_r_div_u_p,8.951337632221612,3.714553371745124
144,5.0,0.43,4.53,2.1725,3.8975,0,0,0,3.8975,2.2412867147074325,2.3014959723820483,6.138786714707432,7.955893974394428,True,7,10.8625,2.15,22.65,19.4875,0.934175,9.841425,8.467318749999999,1.9479,1.675925,17.655675000000002,0.1979286536248561,5.0523255813953485,1.1622835150737654,0.8603752759381897,0.4795805739514348,0.5574085952533675,0.0949227373068432,0.1103271327774214,2.085155350978136,10.534883720930234,1.7940161104718069,9.063953488372093,0.906,0.7795,1.1037527593818983,1.2828736369467608,2.3014959723820483,11.627906976744184,1.8146271191650687,1.6970346848359947,5.457739455215992,8.155847636356857,True,8,3.8975,1.5602394552159922,2.3014959723820483,5.237789261773928,-4.085620730620576e-14,0.2162019771716528,True,LOW_2,LOW_2_exp_d_rank_2,exponential,d,2,tau_r_div_tau_p + tau_r_MPa + u_p_x_tau_p + u_p_div_u_r + u_r_x_tau_p + u_r_div_u_p,1.5602394552159922,2.2412867147074325
147,5.0,1.84,4.39,3.1775,3.69,0,0,0,3.69,48.191526905344915,1.5735641227380015,51.88152690534491,1.779339325853626,True,5,15.8875,9.2,21.95,18.45,5.8466000000000005,13.949225,11.724975,8.0776,6.7896,16.199099999999998,0.5790715971675846,1.7269021739130437,1.18970189701897,0.8405466970387244,0.7238041002277905,0.8611111111111112,0.4191343963553531,0.4986449864498645,1.3815892997639652,2.385869565217391,1.161290322580645,2.0054347826086953,0.8779999999999999,0.738,1.1389521640091116,1.3550135501355014,1.5735641227380015,2.717391304347826,3.948962790498278,3.359701482680326,28.78059808975788,1.6854721969769155,True,6,3.69,25.09059808975788,1.5735641227380015,1.0703573427587951,-2.1338486533295509e-13,0.6079099207364428,True,LOW_2,LOW_2_exp_d_rank_2,exponential,d,2,tau_r_div_tau_p + tau_r_MPa + u_p_x_tau_p + u_p_div_u_r + u_r_x_tau_p + u_r_div_u_p,25.09059808975788,48.191526905344915
150,5.0,0.4,5.29,2.175,4.25,0,0,0,4.25,3.4798658017251105,2.298850574712644,7.7298658017251105,7.755705088302538,True,7,10.875,2.0,26.45,21.25,0.87,11.50575,9.24375,2.116,1.7000000000000002,22.4825,0.1839080459770115,5.437499999999999,1.244705882352941,0.8034026465028355,0.4111531190926276,0.5117647058823529,0.0756143667296786,0.0941176470588235,2.4321839080459773,13.225,1.9540229885057472,10.625,1.058,0.85,0.945179584120983,1.1764705882352942,2.298850574712644,12.5,2.045091501740367,2.0033476797108225,7.413833742782806,7.324951854589131,True,8,4.25,3.1638337427828063,2.298850574712644,4.637462228951535,-8.881784197001252e-16,0.1744565642642443,True,LOW_2,LOW_2_exp_d_rank_2,exponential,d,2,tau_r_div_tau_p + tau_r_MPa + u_p_x_tau_p + u_p_div_u_r + u_r_x_tau_p + u_r_div_u_p,3.1638337427828063,3.4798658017251105
153,5.0,1.3,4.2,2.566666666666667,3.9333333333333336,0,0,0,3.9333333333333336,6.732843008196392,1.948051948051948,10.666176341529724,2.832743127876559,True,3,12.833333333333334,6.5,21.0,19.666666666666668,3.336666666666667,10.78,10.095555555555556,5.460000000000001,5.113333333333334,16.520000000000003,0.5064935064935064,1.9743589743589745,1.0677966101694916,0.9365079365079364,0.6111111111111112,0.652542372881356,0.3095238095238095,0.3305084745762712,1.6363636363636362,3.230769230769231,1.5324675324675323,3.0256410256410255,0.8400000000000001,0.7866666666666667,1.1904761904761905,1.271186440677966,1.948051948051948,3.846153846153846,2.3670776450934685,2.718035287712015,15.150526558863472,2.310545189958068,True,5,3.9333333333333336,11.21719322553014,1.948051948051948,1.464508440632383,-2.5979218776228663e-14,0.1268261649589768,True,LOW_2,LOW_2_exp_d_rank_2,exponential,d,2,tau_r_div_tau_p + tau_r_MPa + u_p_x_tau_p + u_p_div_u_r + u_r_x_tau_p + u_r_div_u_p,11.217193225530139,6.732843008196392
156,5.0,0.67,4.06,2.1775,3.745,0,0,0,3.745,2.1627193549790276,2.296211251435132,5.907719354979028,5.4890381882934465,True,6,10.8875,3.35,20.299999999999997,18.725,1.4589250000000002,8.84065,8.154737500000001,2.7201999999999997,2.5091500000000004,15.2047,0.3076923076923076,3.25,1.0841121495327102,0.9224137931034484,0.5363300492610839,0.581441922563418,0.1650246305418719,0.1789052069425901,1.864523536165327,6.059701492537313,1.7198622273249138,5.58955223880597,0.8119999999999999,0.749,1.2315270935960592,1.335113484646195,2.296211251435132,7.462686567164178,1.7762598609983715,1.814154023850482,6.135883170356228,4.804998478011034,True,6,3.745,2.3908831703562283,2.296211251435132,3.0599549569982973,-2.4374280371830537e-11,0.0469698967942047,True,LOW_2,LOW_2_exp_d_rank_2,exponential,d,2,tau_r_div_tau_p + tau_r_MPa + u_p_x_tau_p + u_p_div_u_r + u_r_x_tau_p + u_r_div_u_p,2.3908831703562283,2.1627193549790276
159,5.0,0.32,5.06,2.1825,4.11975,0,0,0,4.11975,2.410582651104151,2.290950744558992,6.530332651104151,10.626543938716322,True,8,10.9125,1.6,25.299999999999997,20.59875,0.6984,11.04345,8.991354375,1.6192,1.31832,20.845934999999997,0.1466208476517755,6.8203125,1.228229868317252,0.8141798418972332,0.4313241106719368,0.5297651556526489,0.0632411067193676,0.0776746161781661,2.3184421534936996,15.812499999999998,1.8876288659793812,12.87421875,1.012,0.82395,0.9881422924901186,1.2136658777838465,2.290950744558992,15.625,1.8764578839669743,1.815884099309545,6.146507899390293,10.522054741559057,True,9,4.11975,2.026757899390293,2.290950744558992,6.728182170659411,-1.7763568394002505e-15,0.1785634601730859,True,LOW_2,LOW_2_exp_d_rank_2,exponential,d,2,tau_r_div_tau_p + tau_r_MPa + u_p_x_tau_p + u_p_div_u_r + u_r_x_tau_p + u_r_div_u_p,2.026757899390293,2.410582651104151
162,5.0,0.24,6.09,2.175,4.409,0,0,0,4.409,3.4511384121172206,2.298850574712644,7.86013841211722,13.515323404054092,True,9,10.875,1.2,30.45,22.045,0.5219999999999999,13.24575,9.589574999999998,1.4616,1.05816,26.85081,0.1103448275862069,9.0625,1.3812655931050124,0.7239737274220033,0.3571428571428571,0.4933091403946473,0.0394088669950738,0.0544341120435472,2.8000000000000003,25.375,2.027126436781609,18.370833333333337,1.218,0.8817999999999999,0.8210180623973727,1.1340440009072352,2.298850574712644,20.833333333333336,2.061804215970191,2.2155419339893343,9.166375336157978,11.872406974383438,True,9,4.409,4.7573753361579785,2.298850574712644,7.509487764447551,-2.4868995751603507e-14,-0.5284856884451994,True,LOW_2,LOW_2_exp_d_rank_2,exponential,d,2,tau_r_div_tau_p + tau_r_MPa + u_p_x_tau_p + u_p_div_u_r + u_r_x_tau_p + u_r_div_u_p,4.7573753361579785,3.4511384121172206
165,5.0,0.23,5.85,2.1675,4.43275,0,0,0,4.43275,2.80147060168731,2.306805074971165,7.23422060168731,14.978792929839672,True,10,10.8375,1.15,29.25,22.16375,0.498525,12.679875,9.607985625,1.3455,1.0195325000000002,25.9315875,0.1061130334486736,9.42391304347826,1.3197225198804352,0.7577350427350429,0.3705128205128205,0.4889741131351869,0.0393162393162393,0.0518865264226495,2.698961937716263,25.43478260869565,2.0450980392156866,19.272826086956524,1.17,0.8865500000000001,0.8547008547008548,1.1279679657097736,2.306805074971165,21.73913043478261,1.978822628183451,2.103029775872783,8.190949095872531,13.316502900984732,True,10,4.43275,3.75819909587253,2.306805074971165,8.449858920066383,-3.552713678800501e-15,-0.4106122796442095,True,LOW_2,LOW_2_exp_d_rank_2,exponential,d,2,tau_r_div_tau_p + tau_r_MPa + u_p_x_tau_p + u_p_div_u_r + u_r_x_tau_p + u_r_div_u_p,3.7581990958725306,2.80147060168731
168,5.0,1.11,4.61,2.563333333333333,4.293333333333333,0,0,0,4.293333333333333,4.918051194692046,1.950585175552666,9.21138452802538,3.258019017990617,True,4,12.816666666666665,5.550000000000001,23.05,21.466666666666665,2.8453,11.816966666666666,11.00524444444444,5.117100000000001,4.7656,19.792266666666663,0.4330299089726919,2.3093093093093087,1.0737577639751554,0.9313087490961676,0.5560375994215473,0.5970496894409938,0.2407809110629067,0.2585403726708075,1.7984395318595583,4.153153153153153,1.6749024707412223,3.8678678678678673,0.922,0.8586666666666666,1.0845986984815617,1.1645962732919255,1.950585175552666,4.504504504504504,2.220440167744806,2.5627309301368055,12.971192410365015,2.556361364711355,True,4,4.293333333333333,8.677859077031684,1.950585175552666,1.616771345904328,-6.71616096070693e-11,0.0807329294964176,True,LOW_2,LOW_2_exp_d_rank_2,exponential,d,2,tau_r_div_tau_p + tau_r_MPa + u_p_x_tau_p + u_p_div_u_r + u_r_x_tau_p + u_r_div_u_p,8.677859077031682,4.918051194692046
171,5.0,0.32,4.74,2.17,4.0465,0,0,0,4.0465,1.7565900119017304,2.3041474654377883,5.80309001190173,11.4900793995,True,9,10.85,1.6,23.700000000000003,20.2325,0.6944,10.2858,8.780904999999999,1.5168,1.29488,19.18041,0.1474654377880184,6.78125,1.1713826763870012,0.8536919831223628,0.4578059071729957,0.5362659088100827,0.0675105485232067,0.0790806870134684,2.184331797235023,14.8125,1.864746543778802,12.6453125,0.948,0.8093,1.0548523206751057,1.2356357345854443,2.3041474654377883,15.625,1.7583905363585035,1.644319992363393,5.1774879782513645,12.289290922008696,True,10,4.0465,1.1309879782513643,2.3041474654377883,8.010247349505512,0.0,0.2538892108245778,True,LOW_2,LOW_2_exp_d_rank_2,exponential,d,2,tau_r_div_tau_p + tau_r_MPa + u_p_x_tau_p + u_p_div_u_r + u_r_x_tau_p + u_r_div_u_p,1.1309879782513645,1.7565900119017304
174,5.0,0.27,5.18,2.18,4.452999999999999,0,0,0,4.452999999999999,1.5717255574854088,2.293577981651376,6.024725557485408,14.53141002624948,True,10,10.9,1.35,25.9,22.264999999999997,0.5886000000000001,11.2924,9.70754,1.3986,1.20231,23.066539999999996,0.1238532110091743,8.074074074074074,1.1632607231080172,0.8596525096525096,0.4208494208494209,0.4895576016168876,0.0521235521235521,0.0606332809342016,2.3761467889908254,19.185185185185183,2.042660550458715,16.49259259259259,1.036,0.8905999999999998,0.9652509652509652,1.1228385358185495,2.293577981651376,18.51851851851852,1.795871927714429,1.7462954003187492,5.7333236163016235,14.735549951056203,True,11,4.452999999999999,1.280323616301624,2.293577981651376,9.62099580927046,-3.552713678800501e-15,0.1450324151351636,True,LOW_2,LOW_2_exp_d_rank_2,exponential,d,2,tau_r_div_tau_p + tau_r_MPa + u_p_x_tau_p + u_p_div_u_r + u_r_x_tau_p + u_r_div_u_p,1.280323616301624,1.5717255574854088
177,5.0,1.47,3.8,2.6333333333333333,3.616,0,0,0,3.616,6.14964024424423,1.89873417721519,9.76564024424423,2.66832825839853,True,4,13.166666666666666,7.35,19.0,18.08,3.871,10.006666666666666,9.522133333333333,5.585999999999999,5.31552,13.7408,0.5582278481012658,1.7913832199546484,1.0508849557522124,0.9515789473684212,0.6929824561403509,0.7282448377581121,0.3868421052631579,0.4065265486725664,1.4430379746835442,2.585034013605442,1.3731645569620254,2.4598639455782316,0.76,0.7232000000000001,1.3157894736842106,1.3827433628318584,1.89873417721519,3.4013605442176873,2.2788701273861203,2.759509632050765,15.792097110986008,2.1648581633109307,True,5,3.616,12.176097110986008,1.89873417721519,1.3773634377163853,-1.0698553154497858e-11,0.0921696361583057,True,LOW_2,LOW_2_exp_d_rank_2,exponential,d,2,tau_r_div_tau_p + tau_r_MPa + u_p_x_tau_p + u_p_div_u_r + u_r_x_tau_p + u_r_div_u_p,12.176097110986008,6.14964024424423
180,5.0,0.52,5.54,2.9225,4.727,0,0,0,4.727,2.527730037291942,1.710863986313088,7.254730037291942,6.676100463922199,True,7,14.6125,2.6,27.7,23.635,1.5197,16.190649999999998,13.8146575,2.8808,2.4580400000000004,26.18758,0.1779298545765611,5.6201923076923075,1.171990691770679,0.8532490974729242,0.5275270758122743,0.6182568225089908,0.0938628158844765,0.1100063465199915,1.8956372968349016,10.653846153846152,1.6174508126603937,9.090384615384616,1.108,0.9454,0.9025270758122744,1.0577533319229957,1.710863986313088,9.615384615384617,1.9816536750706908,2.0015504871405527,7.400521621668712,6.119906886449281,True,7,4.727,2.673521621668711,1.710863986313088,3.8937137818928127,-7.105427357601003e-14,0.0217505142351428,True,LOW_2,LOW_2_exp_d_rank_2,exponential,d,2,tau_r_div_tau_p + tau_r_MPa + u_p_x_tau_p + u_p_div_u_r + u_r_x_tau_p + u_r_div_u_p,2.673521621668712,2.527730037291942
183,5.0,1.93,4.22,3.1,4.0145,0,0,0,4.0145,10.822557992923612,1.6129032258064515,14.837057992923611,2.064879723343122,True,5,15.5,9.65,21.1,20.0725,5.983,13.082,12.44495,8.144599999999999,7.747985,16.94119,0.6225806451612903,1.606217616580311,1.0511894382862124,0.9513033175355452,0.7345971563981043,0.7722007722007722,0.457345971563981,0.4807572549508033,1.361290322580645,2.186528497409326,1.295,2.0800518134715027,0.844,0.8029,1.1848341232227488,1.2454851164528584,1.6129032258064515,2.5906735751295336,2.6971279696301296,3.2707690536961316,26.33158195886948,1.7370247902903209,True,6,4.0145,22.31708195886948,1.6129032258064515,1.1102404576612668,-1.8185453143360067e-13,0.1345811084427866,True,LOW_2,LOW_2_exp_d_rank_2,exponential,d,2,tau_r_div_tau_p + tau_r_MPa + u_p_x_tau_p + u_p_div_u_r + u_r_x_tau_p + u_r_div_u_p,22.31708195886948,10.822557992923612
186,5.0,0.28,5.16,2.1775,3.81425,0,0,0,3.81425,3.130431077528114,2.296211251435132,6.944681077528114,11.220553160809676,True,8,10.8875,1.4,25.8,19.07125,0.6097000000000001,11.2359,8.305529375,1.4448,1.06799,19.68153,0.1285878300803674,7.776785714285714,1.3528216556334798,0.7391957364341085,0.4219961240310078,0.5708854951825393,0.0542635658914728,0.0734089270498787,2.369690011481056,18.428571428571427,1.7516647531572902,13.622321428571428,1.032,0.76285,0.9689922480620154,1.3108736973192634,2.296211251435132,17.857142857142854,1.9379760539896396,1.9395329028201176,6.955501316694565,10.597006915160756,True,9,3.81425,3.141251316694565,2.296211251435132,6.712700061810965,-1.7763568394002505e-15,0.0521075331157083,True,LOW_2,LOW_2_exp_d_rank_2,exponential,d,2,tau_r_div_tau_p + tau_r_MPa + u_p_x_tau_p + u_p_div_u_r + u_r_x_tau_p + u_r_div_u_p,3.141251316694565,3.130431077528114
189,5.0,3.11,4.79,3.85,4.4285,0,0,0,4.4285,105.61771145632456,1.2987012987012987,110.04621145632456,1.3813754414682702,True,6,19.25,15.55,23.95,22.1425,11.9735,18.4415,17.049725,14.8969,13.772634999999998,21.212515,0.8077922077922077,1.2379421221864952,1.0816303488765948,0.9245302713987472,0.8037578288100209,0.8693688607880773,0.6492693110647181,0.7022693914417975,1.2441558441558442,1.5401929260450162,1.15025974025974,1.4239549839228296,0.958,0.8856999999999999,1.0438413361169103,1.1290504685559446,1.2987012987012987,1.6077170418006432,4.70090038172178,4.55176439678973,94.79952481891682,1.3190939042616987,True,7,4.4285,90.37102481891682,1.2987012987012987,0.8652135856333931,-1.6155299320530503e-11,0.3368890872082387,True,LOW_2,LOW_2_exp_d_rank_2,exponential,d,2,tau_r_div_tau_p + tau_r_MPa + u_p_x_tau_p + u_p_div_u_r + u_r_x_tau_p + u_r_div_u_p,90.37102481891682,105.61771145632456
192,5.0,0.26,5.06,2.06,2.78625,0,0,0,2.78625,5.537602820988881,2.4271844660194173,8.323852820988881,9.67711986223781,True,7,10.3,1.3,25.299999999999997,13.93125,0.5356000000000001,10.4236,5.739675,1.3156,0.724425,14.098425,0.1262135922330097,7.923076923076923,1.816061013907582,0.5506422924901186,0.4071146245059289,0.7393449977568417,0.0513833992094861,0.0933153880663975,2.4563106796116503,19.46153846153846,1.3525485436893203,10.716346153846152,1.012,0.55725,0.9881422924901186,1.7945266935845672,2.4271844660194173,19.23076923076923,2.1191252270906995,2.220139136288274,9.208612028849904,8.741369508747361,True,8,2.78625,6.422362028849904,2.4271844660194173,5.583703263400278,8.881784197001252e-16,-0.194352978905592,True,LOW_2,LOW_2_exp_d_rank_2,exponential,d,2,tau_r_div_tau_p + tau_r_MPa + u_p_x_tau_p + u_p_div_u_r + u_r_x_tau_p + u_r_div_u_p,6.422362028849904,5.537602820988881
195,5.0,0.49,5.79,2.1875,4.2505,0,0,0,4.2505,7.336962282580967,2.2857142857142856,11.587462282580969,5.320972461121309,True,6,10.9375,2.45,28.95,21.2525,1.071875,12.665625,9.29796875,2.8371,2.0827449999999996,24.610394999999997,0.224,4.464285714285714,1.3621926832137397,0.7341105354058721,0.3778065630397236,0.514645335842842,0.0846286701208981,0.1152805552287966,2.646857142857143,11.816326530612246,1.943085714285714,8.674489795918367,1.158,0.8501,0.8635578583765112,1.1763321962122104,2.2857142857142856,10.20408163265306,2.4499236758774825,2.394599384550104,10.963804909520984,4.801580983560729,True,6,4.2505,6.713304909520983,2.2857142857142856,3.055468029722592,-2.211564265053312e-13,0.3917959309680996,True,LOW_2,LOW_2_exp_d_rank_2,exponential,d,2,tau_r_div_tau_p + tau_r_MPa + u_p_x_tau_p + u_p_div_u_r + u_r_x_tau_p + u_r_div_u_p,6.713304909520985,7.336962282580967
198,5.0,0.4,5.46,2.9125,4.44825,0,0,0,4.44825,2.4337808805815433,1.7167381974248928,6.882030880581543,8.688241808193261,True,8,14.5625,2.0,27.3,22.24125,1.165,15.90225,12.955528125,2.184,1.7793,24.287445,0.1373390557939914,7.28125,1.227448996796493,0.8146978021978022,0.5334249084249084,0.6547518687124151,0.0732600732600732,0.0899230034283145,1.8746781115879827,13.65,1.5272961373390557,11.120625,1.092,0.8896499999999999,0.9157509157509156,1.124037542853931,1.7167381974248928,12.5,1.9289137945174364,1.9285756975163864,6.879704479876397,8.237687193447442,True,8,4.44825,2.431454479876397,1.7167381974248928,5.256614962841828,-2.4868995751603507e-14,0.0431517507503724,True,LOW_2,LOW_2_exp_d_rank_2,exponential,d,2,tau_r_div_tau_p + tau_r_MPa + u_p_x_tau_p + u_p_div_u_r + u_r_x_tau_p + u_r_div_u_p,2.431454479876397,2.4337808805815433
201,5.0,4.54,3.73,28.00018033053748,3.372542584212134,0,1,1,3.372542584212134,0.9705608512144872,0.178570278511632,4.343103435426621,0.8969826858645201,True,8,140.0009016526874,22.7,18.65,16.86271292106067,127.12081870064016,104.4406726329048,94.43180053035664,16.9342,15.311343332323087,12.57958383911126,0.1621418128885619,6.167440601439973,1.105990482510504,0.9041669126574086,7.506750758857233,8.302394893874602,1.2171581769436997,1.346165359409568,0.1332134277696775,0.8215859030837004,0.12044717371102,0.7428507894740383,0.746,0.6745085168424267,1.3404825737265416,1.48256096851274,0.178570278511632,1.1013215859030836,1.4685891698536062,1.380858562429126,3.978315794119458,0.9646754986811904,True,9,3.372542584212134,0.6057732099073241,0.178570278511632,0.6393531402975542,7.105427357601002e-15,0.1380137640007519,True,LOW_2,LOW_2_exp_d_rank_2,exponential,d,2,tau_r_div_tau_p + tau_r_MPa + u_p_x_tau_p + u_p_div_u_r + u_r_x_tau_p + u_r_div_u_p,0.6057732099073241,0.9705608512144872
245,5516.0,3.95,5.488,13.0,4.171,0,0,0,4.171,11.473466241634494,0.3846153846153846,15.644466241634497,0.6512771868667829,True,8,71708.0,21788.2,30271.808,23007.236,51.35,71.34400000000001,54.223000000000006,21.6776,16.475450000000002,22.890448000000003,0.3038461538461539,3.291139240506329,1.3157516183169504,0.7600218658892128,2.368804664723032,3.1167585710860704,0.7197521865889213,0.9470151042915368,0.4221538461538462,1.389367088607595,0.3208461538461539,1.0559493670886075,0.000994923857868,0.0007561638868745,1005.1020408163264,1322.4646367777511,424.3076923076923,1396.4556962025315,2.750117259673048,3.014953227558393,20.388137315285636,0.5178746390169845,True,10,4.171,16.217137315285637,0.3846153846153846,0.336686410338098,0.0,0.4036160211043933,True,LOW_2,LOW_2_exp_d_rank_2,exponential,d,2,tau_r_div_tau_p + tau_r_MPa + u_p_x_tau_p + u_p_div_u_r + u_r_x_tau_p + u_r_div_u_p,16.217137315285637,11.473466241634494
249,5509.0,1.08,4.482,13.0,3.316,0,0,0,3.316,1.9761134955053168,0.3846153846153846,5.292113495505316,3.3738748448845737,True,4,71617.0,5949.72,24691.338,18267.843999999997,14.04,58.266000000000005,43.108,4.840560000000001,3.58128,14.862312,0.083076923076923,12.037037037037036,1.3516284680337758,0.7398482820169566,2.900490852298081,3.920386007237636,0.2409638554216867,0.3256936067551267,0.3447692307692308,4.15,0.2550769230769231,3.07037037037037,0.0008135777818115,0.0006019241241604,1229.1387773315485,1661.3389626055489,423.7692307692308,5100.925925925925,1.6662176926412744,1.7000617413968615,5.47428537131907,3.211450329771144,True,5,3.316,2.15828537131907,0.3846153846153846,2.059891355356362,-4.973799150320701e-14,-0.0880327046320985,True,LOW_2,LOW_2_exp_d_rank_2,exponential,d,2,tau_r_div_tau_p + tau_r_MPa + u_p_x_tau_p + u_p_div_u_r + u_r_x_tau_p + u_r_div_u_p,2.15828537131907,1.9761134955053168
253,5512.0,2.08,4.233,15.0,3.386,0,0,0,3.386,2.0681407318693763,0.3333333333333333,5.454140731869376,1.6219591173534793,True,6,82680.0,11464.96,23332.296,18663.632,31.200000000000003,63.495,50.79,8.80464,7.04288,14.332938,0.1386666666666666,7.211538461538462,1.2501476668635556,0.799905504370423,3.5435861091424523,4.430005906674542,0.4913772738010867,0.6142941523922032,0.2821999999999999,2.0350961538461534,0.2257333333333333,1.6278846153846154,0.0007679608127721,0.0006142960812772,1302.14977557288,1627.8795038393384,367.46666666666664,2650.0,1.6963750875135557,1.5998402451545233,4.952241216666831,1.6580536975834963,True,6,3.386,1.566241216666831,0.3333333333333333,1.06285545870416,-7.604228358104592e-11,0.2214335788532038,True,LOW_2,LOW_2_exp_d_rank_2,exponential,d,2,tau_r_div_tau_p + tau_r_MPa + u_p_x_tau_p + u_p_div_u_r + u_r_x_tau_p + u_r_div_u_p,1.566241216666831,2.0681407318693763
257,4134.0,1.9,4.37,15.0,3.015,0,0,0,3.015,3.1599174946212627,0.3333333333333333,6.174917494621263,1.5540138559861083,True,6,62010.0,7854.599999999999,18065.58,12464.01,28.5,65.55,45.225,8.302999999999999,5.7285,13.17555,0.1266666666666666,7.894736842105264,1.449419568822554,0.6899313501144165,3.4324942791762014,4.975124378109452,0.4347826086956521,0.6301824212271973,0.2913333333333333,2.3000000000000003,0.201,1.586842105263158,0.0010570875665215,0.0007293178519593,945.9954233409612,1371.1442786069651,275.6,2175.7894736842104,1.8204955212298424,1.8126800132052896,6.126845475710879,1.4713705113409106,True,6,3.015,3.111845475710879,0.3333333333333333,0.9302925254134528,-1.7763568394002505e-15,0.0773872019868036,True,LOW_2,LOW_2_exp_d_rank_2,exponential,d,2,tau_r_div_tau_p + tau_r_MPa + u_p_x_tau_p + u_p_div_u_r + u_r_x_tau_p + u_r_div_u_p,3.111845475710879,3.1599174946212627
286,3.78,0.88,5.477,5.4273477292671775,2.848434309388562,0,1,1,2.848434309388562,8.806082929225237,0.9212603005031926,11.6545172386138,2.5046228694450243,True,4,20.51537441662993,3.3264,20.70306,10.767081689488764,4.776066001755116,29.725583513196337,15.459443481026732,4.8197600000000005,2.5066221922619345,15.600874712521154,0.1621418128885619,6.167440601439974,1.9228107111150756,0.5200719936805847,0.990934403736932,1.905379285517804,0.1606719006755523,0.3089416515941695,1.0091485331711971,6.223863636363637,0.5248298895661822,3.2368571697597295,1.4489417989417992,0.7535540501027942,0.6901588460836223,1.3270448216204098,0.6964727871804136,4.295454545454545,2.4556938506614916,2.453620838638427,11.630382308897955,2.2604779133862314,True,5,2.848434309388562,8.781947999509395,0.9212603005031926,1.4789519071147867,-8.553158181712206e-13,0.3156741247380847,True,LOW_2,LOW_2_exp_d_rank_2,exponential,d,2,tau_r_div_tau_p + tau_r_MPa + u_p_x_tau_p + u_p_div_u_r + u_r_x_tau_p + u_r_div_u_p,8.781947999509393,8.806082929225237
289,3.78,0.44,5.856,2.7136738646335887,2.848434309388562,0,1,1,2.848434309388562,10.290924987900752,1.8425206010063853,13.139359297289314,4.832563228905287,True,5,10.257687208314964,1.6632,22.135679999999997,10.767081689488764,1.194016500438779,15.891274151294295,7.729721740513367,2.57664,1.2533110961309673,16.68043131577942,0.1621418128885619,6.167440601439974,2.055866263335746,0.4864129626688118,0.4634005916382494,0.952689642758902,0.0751366120218579,0.1544708257970847,2.1579601278986784,13.309090909090909,1.0496597791323643,6.473714339519459,1.5492063492063493,0.7535540501027942,0.6454918032786885,1.3270448216204098,1.3929455743608272,8.59090909090909,2.5756122521484404,2.5539352190587605,12.8576018368412,4.379324691101187,True,6,2.848434309388562,10.009167527452638,1.8425206010063853,2.8886110994701304,-4.440892098500626e-16,0.4301096402605182,True,LOW_2,LOW_2_exp_d_rank_2,exponential,d,2,tau_r_div_tau_p + tau_r_MPa + u_p_x_tau_p + u_p_div_u_r + u_r_x_tau_p + u_r_div_u_p,10.009167527452638,10.290924987900752
291,2.6,0.42,4.293,2.590325052604789,1.959240530267265,0,1,1,1.959240530267265,8.144262348078403,1.9302596772447849,10.103502878345669,4.906645401620717,True,5,6.734845136772451,1.092,11.1618,5.094025378694889,1.0879365220940114,11.12026545083236,5.075069829629988,1.80306,0.8228810227122513,8.411019596437368,0.1621418128885619,6.167440601439974,2.1911551612370843,0.4563802772576904,0.6033834271150219,1.3221067105280004,0.0978336827393431,0.2143687788771431,1.6573209588823723,10.221428571428572,0.7563685987197184,4.664858405398251,1.6511538461538462,0.7535540501027942,0.605637083624505,1.3270448216204098,1.0037350321672882,6.190476190476191,2.3128821833573703,2.3071459594745467,10.045712830622197,4.418697099907978,True,6,1.959240530267265,8.08647230035493,1.9302596772447849,2.9464487400173134,-1.3322676295501878e-15,0.3093184794987533,True,LOW_2,LOW_2_exp_d_rank_2,exponential,d,2,tau_r_div_tau_p + tau_r_MPa + u_p_x_tau_p + u_p_div_u_r + u_r_x_tau_p + u_r_div_u_p,8.08647230035493,8.144262348078403
293,1.79,0.55,3.752,3.392092330791986,1.3488617496840016,0,1,1,1.3488617496840016,8.999404803617814,1.4740164808051082,10.348266553301816,3.397073578572742,True,4,6.071845272117655,0.9845000000000002,6.71608,2.414462531934363,1.8656507819355923,12.72713042513153,4.575463596401762,2.0636,0.741873962326201,5.060929284814374,0.1621418128885619,6.167440601439974,2.7816045646479206,0.3595047307260132,0.904075781127928,2.5147813195730793,0.1465884861407249,0.407751202173869,1.106101967196153,6.8218181818181804,0.3976488898723665,2.4524759085163663,2.09608938547486,0.7535540501027942,0.4770788912579958,1.32704482162041,0.5276979001282287,3.2545454545454544,2.3368190229118007,2.423143119684446,11.281262004963146,2.993857998607216,True,5,1.3488617496840016,9.932400255279145,1.4740164808051082,2.087083715948784,0.0,0.1616583655737811,True,LOW_2,LOW_2_exp_d_rank_2,exponential,d,2,tau_r_div_tau_p + tau_r_MPa + u_p_x_tau_p + u_p_div_u_r + u_r_x_tau_p + u_r_div_u_p,9.932400255279145,8.999404803617814
314,2.93,1.8,3.8,11.101393082591954,2.3726672172613705,0,1,1,2.3726672172613705,4.501119428750482,0.4503939246904497,6.873786646011853,1.379736428464202,True,6,32.52708173199443,5.274,11.134,6.951914946575816,19.98250754866552,42.185293713849426,26.33991143299808,6.84,4.270800991070467,9.016135425593207,0.1621418128885619,6.167440601439974,1.6015731040386334,0.6243861098056238,2.921419232261041,4.678866468010477,0.4736842105263158,0.7586398913867212,0.3422993827647417,2.111111111111111,0.2137269799933433,1.3181484540340946,1.2969283276450512,0.8097840331950069,0.7710526315789474,1.2348971565350515,0.2639308398686035,1.6277777777777778,1.927715140124,1.907492952281742,6.736179687498403,1.2656234488331923,True,7,2.3726672172613705,4.3635124702370325,0.4503939246904497,0.8082059429438286,0.0,0.1778647903207906,True,LOW_2,LOW_2_exp_d_rank_2,exponential,d,2,tau_r_div_tau_p + tau_r_MPa + u_p_x_tau_p + u_p_div_u_r + u_r_x_tau_p + u_r_div_u_p,4.3635124702370325,4.501119428750482
320,3.05,1.3,3.7,8.017672781871967,1.9806931592524069,0,1,1,1.9806931592524069,5.70674005649928,0.6236223572636995,7.687433215751687,1.723838260148718,True,5,24.4539019847095,3.965,11.285,6.04111413571984,10.422974616433558,29.66538929292628,15.88054963217802,4.8100000000000005,2.574901107028129,7.328564689233906,0.1621418128885619,6.167440601439974,1.8680329069226091,0.5353224754736234,2.166938589695126,4.047912592830966,0.3513513513513513,0.6563358862160519,0.4614805443751377,2.8461538461538463,0.247040907397814,1.5236101225018517,1.213114754098361,0.6494075931975105,0.8243243243243242,1.5398649638145832,0.3804096379308567,2.346153846153846,2.0395869457130065,2.057975447837668,7.830101303903034,1.5466509490841602,True,6,1.9806931592524069,5.849408144650628,0.6236223572636995,1.0093769646561306,-1.98507876802978e-12,0.1674620099061856,True,LOW_2,LOW_2_exp_d_rank_2,exponential,d,2,tau_r_div_tau_p + tau_r_MPa + u_p_x_tau_p + u_p_div_u_r + u_r_x_tau_p + u_r_div_u_p,5.849408144650628,5.70674005649928
